Order ID,Date,Channel / Type,Customer,Items Summary,Subtotal (PHP),VAT 12% (PHP),Delivery Fee (PHP),Grand Total (PHP),Payment Method,Payment Status,Order Status,Reference No.
ORD-20250926-04631-66063,2025-09-26 10:06:39,ONLINE,Mark Bautista,Fresh Calamansi Juice Pitcher x1; Seafood Bilao Feast x2,5080.00,609.60,75.00,5764.60,COD,PAID,COMPLETED,TXN-COD-62213288
ORD-20250926-01986-75E7C,2025-09-26 11:43:06,ONLINE,Pedro Penduko,Classic Seafood Paella x1; Seafood Bilao Feast x2; Fresh Calamansi Juice Pitcher x1,6730.00,807.60,60.00,7597.60,HYBRID (Cash + GCash),PAID,COMPLETED,TXN-HYB-64694871
ORD-20250926-04316-C4325,2025-09-26 12:57:07,ONLINE,Ana Reyes,Classic Seafood Paella x2; Crispy Seafood Basket x2,5260.00,631.20,85.00,5976.20,CASH,PAID,COMPLETED,TXN-CAS-69444617
ORD-20250926-01447-90B9C,2025-09-26 13:25:10,ONLINE,Lisa Manoban,Crispy Seafood Basket x1; Fresh Calamansi Juice Pitcher x1; Seafood Cajun Boil x1; Classic Seafood Paella x3,8060.00,967.20,75.00,9102.20,COD,PAID,COMPLETED,TXN-COD-13185457
ORD-20250927-00497-19A88,2025-09-27 21:06:57,ONLINE,Pedro Penduko,Garlic Butter Prawns x1; Grilled Seafood Platter x1,3350.00,402.00,50.00,3802.00,GCASH,PAID,COMPLETED,TXN-GCA-46869484
ORD-20250928-00856-D7257,2025-09-28 13:03:22,ON_SITE,Pedro Penduko,Grilled Seafood Platter x1; Seafood Bilao Feast x2,6900.00,828.00,0.00,7728.00,GCASH,PAID,COMPLETED,TXN-GCA-63745789
ORD-20250928-02571-B1E17,2025-09-28 15:23:56,ON_SITE,Alden Richards,Seafood Cajun Boil x3; Grilled Seafood Platter x2; Crispy Seafood Basket x2,11710.00,1405.20,0.00,13115.20,GCASH,PAID,COMPLETED,TXN-GCA-67016908
ORD-20250928-00532-D2F3B,2025-09-28 19:01:55,ONLINE,Ana Reyes,Grilled Seafood Platter x2; Seafood Bilao Feast x1,6600.00,792.00,100.00,7492.00,MAYA,PAID,COMPLETED,TXN-MAY-19058208
ORD-20250929-04646-322E6,2025-09-29 13:55:12,ON_SITE,Bea Alonzo,Crispy Seafood Basket x2; Fresh Calamansi Juice Pitcher x1,2240.00,268.80,0.00,2508.80,HYBRID (Cash + GCash),PAID,COMPLETED,TXN-HYB-47685728
ORD-20250929-03833-6EA79,2025-09-29 14:52:13,ON_SITE,Ramon Magsaysay Jr.,Fresh Calamansi Juice Pitcher x1,280.00,33.60,0.00,313.60,CASH,PAID,COMPLETED,TXN-CAS-14313011
ORD-20250929-00484-D6901,2025-09-29 14:59:27,ON_SITE,Dindo Dela Cruz,Seafood Bilao Feast x1; Seafood Cajun Boil x1,4250.00,510.00,0.00,4760.00,CASH,PENDING,IN_PROCESS,N/A
ORD-20250929-03999-A7047,2025-09-29 20:03:33,ON_SITE,Matteo Guidicelli,Garlic Butter Prawns x2; Classic Seafood Paella x1,4150.00,498.00,0.00,4648.00,CASH,PAID,COMPLETED,TXN-CAS-87064959
ORD-20250929-04916-2C90F,2025-09-29 20:06:20,ONLINE,Ana Reyes,Classic Seafood Paella x1; Seafood Cajun Boil x1,3500.00,420.00,60.00,3980.00,COD,PAID,COMPLETED,TXN-COD-62370359
ORD-20250929-01191-A86D7,2025-09-29 20:58:22,ON_SITE,Carlos Mendoza,Grilled Seafood Platter x1; Seafood Cajun Boil x2; Classic Seafood Paella x1; Seafood Bilao Feast x1,9850.00,1182.00,0.00,11032.00,MAYA,PAID,COMPLETED,TXN-MAY-88275321
ORD-20250929-03593-76F73,2025-09-29 21:11:11,ONLINE,Mark Bautista,Sweet & Chili Crab Bucket x2; Seafood Bilao Feast x1,6300.00,756.00,60.00,7116.00,COD,PAID,COMPLETED,TXN-COD-90403114
ORD-20250929-01149-CF331,2025-09-29 21:54:45,ONLINE,Pedro Penduko,Sweet & Chili Crab Bucket x3; Fresh Calamansi Juice Pitcher x1,6130.00,735.60,120.00,6985.60,HYBRID (Cash + GCash),PAID,COMPLETED,TXN-HYB-76147311
ORD-20250929-01109-97BA9,2025-09-29 21:56:40,ONLINE,Pedro Penduko,Grilled Seafood Platter x2,4200.00,504.00,100.00,4804.00,CASH,PAID,COMPLETED,TXN-CAS-83393569
ORD-20250930-03167-4734A,2025-09-30 14:31:33,ON_SITE,Marian Rivera,Garlic Butter Prawns x1; Grilled Seafood Platter x3,7550.00,906.00,0.00,8456.00,SPLIT (Cash + GCash),PAID,COMPLETED,TXN-SPL-37987864
ORD-20250930-01542-B4BAB,2025-09-30 15:36:39,ON_SITE,Dingdong Dantes,Seafood Bilao Feast x1; Crispy Seafood Basket x2,4360.00,523.20,0.00,4883.20,GCASH,PAID,COMPLETED,TXN-GCA-62224669
ORD-20250930-02127-58D53,2025-09-30 16:49:36,ONLINE,Pedro Penduko,Classic Seafood Paella x1,1650.00,198.00,60.00,1908.00,HYBRID (Cash + GCash),PAID,COMPLETED,TXN-HYB-97197087
ORD-20250930-01459-04519,2025-09-30 17:56:02,ONLINE,Mark Bautista,Seafood Bilao Feast x1; Fresh Calamansi Juice Pitcher x1,2680.00,321.60,85.00,3086.60,SPLIT (Cash + GCash),PAID,COMPLETED,TXN-SPL-96760728
ORD-20250930-04746-0FB34,2025-09-30 18:08:40,ON_SITE,Katrina Halili,Crispy Seafood Basket x1; Fresh Calamansi Juice Pitcher x1,1260.00,151.20,0.00,1411.20,CASH,PAID,IN_PROCESS,TXN-CAS-37604567
ORD-20250930-00837-37EC2,2025-09-30 21:17:37,ONLINE,Clara Dizon,Seafood Bilao Feast x1; Fresh Calamansi Juice Pitcher x1,2680.00,321.60,60.00,3061.60,GCASH,PAID,COMPLETED,TXN-GCA-81816648
ORD-20251001-03062-91B17,2025-10-01 10:59:23,ON_SITE,Juan Tamad,Fresh Calamansi Juice Pitcher x3; Seafood Bilao Feast x3,8040.00,964.80,0.00,9004.80,MAYA,PAID,COMPLETED,TXN-MAY-70591686
ORD-20251001-00050-E8B9A,2025-10-01 12:27:30,ON_SITE,Matteo Guidicelli,Fresh Calamansi Juice Pitcher x1,280.00,33.60,0.00,313.60,GCASH,PAID,COMPLETED,TXN-GCA-20914646
ORD-20251001-03753-5550D,2025-10-01 12:48:50,ON_SITE,Ramon Magsaysay Jr.,Seafood Bilao Feast x1,2400.00,288.00,0.00,2688.00,CASH,PAID,COMPLETED,TXN-CAS-27422726
ORD-20251001-01403-CA8BD,2025-10-01 16:33:07,ONLINE,Lisa Manoban,Garlic Butter Prawns x1; Fresh Calamansi Juice Pitcher x1; Grilled Seafood Platter x1; Crispy Seafood Basket x1,4610.00,553.20,85.00,5248.20,COD,PAID,IN_PROCESS,TXN-COD-46781757
ORD-20251001-04004-680C7,2025-10-01 21:25:21,ON_SITE,Katrina Halili,Garlic Butter Prawns x2; Sweet & Chili Crab Bucket x1,4450.00,534.00,0.00,4984.00,CASH,PAID,COMPLETED,TXN-CAS-18591398
ORD-20251002-01471-9E0DD,2025-10-02 11:27:56,ONLINE,Ana Reyes,Garlic Butter Prawns x1; Seafood Cajun Boil x1; Sweet & Chili Crab Bucket x1,5050.00,606.00,75.00,5731.00,SPLIT (Cash + GCash),PAID,COMPLETED,TXN-SPL-78085488
ORD-20251002-03330-78274,2025-10-02 11:59:01,ON_SITE,Giselle Hernandez,Seafood Cajun Boil x1; Seafood Bilao Feast x2; Crispy Seafood Basket x1; Grilled Seafood Platter x1,9730.00,1167.60,0.00,10897.60,GCASH,PAID,COMPLETED,TXN-GCA-40195296
ORD-20251002-03367-5A289,2025-10-02 12:26:40,ONLINE,Mark Bautista,Seafood Cajun Boil x2; Seafood Bilao Feast x2,8500.00,1020.00,100.00,9620.00,CASH,PAID,COMPLETED,TXN-CAS-81727036
ORD-20251002-00368-4F515,2025-10-02 17:20:37,ON_SITE,Bea Alonzo,Fresh Calamansi Juice Pitcher x1; Sweet & Chili Crab Bucket x1,2230.00,267.60,0.00,2497.60,SPLIT (Cash + GCash),PAID,COMPLETED,TXN-SPL-82670912
ORD-20251002-02213-1B9A4,2025-10-02 17:59:01,ONLINE,Juan Tamad,Garlic Butter Prawns x1; Fresh Calamansi Juice Pitcher x3,2090.00,250.80,85.00,2425.80,GCASH,PAID,COMPLETED,TXN-GCA-34059347
ORD-20251002-02076-035B4,2025-10-02 18:25:23,ON_SITE,Ramon Magsaysay Jr.,Fresh Calamansi Juice Pitcher x1; Seafood Bilao Feast x2; Sweet & Chili Crab Bucket x1,7030.00,843.60,0.00,7873.60,CASH,PENDING,IN_PROCESS,N/A
ORD-20251002-03587-7380B,2025-10-02 21:41:22,ON_SITE,Ramon Magsaysay Jr.,Sweet & Chili Crab Bucket x1; Grilled Seafood Platter x3; Crispy Seafood Basket x1,9230.00,1107.60,0.00,10337.60,GCASH,PAID,COMPLETED,TXN-GCA-87298390
ORD-20251003-04663-B6660,2025-10-03 18:31:59,ONLINE,Mark Bautista,Grilled Seafood Platter x1,2100.00,252.00,60.00,2412.00,GCASH,PAID,COMPLETED,TXN-GCA-29129541
ORD-20251003-00659-54707,2025-10-03 20:05:26,ON_SITE,Pedro Penduko,Sweet & Chili Crab Bucket x1; Seafood Bilao Feast x1,4350.00,522.00,0.00,4872.00,CASH,PAID,COMPLETED,TXN-CAS-46761790
ORD-20251003-00801-E6D10,2025-10-03 20:45:16,ONLINE,Juan Tamad,Seafood Cajun Boil x1; Grilled Seafood Platter x1; Crispy Seafood Basket x1,4930.00,591.60,120.00,5641.60,GCASH,PAID,COMPLETED,TXN-GCA-72867617
ORD-20251003-04505-2AA87,2025-10-03 20:53:34,ON_SITE,Mark Bautista,Crispy Seafood Basket x1; Grilled Seafood Platter x2,5180.00,621.60,0.00,5801.60,HYBRID (Cash + GCash),PAID,COMPLETED,TXN-HYB-97374667
ORD-20251003-01380-533F5,2025-10-03 21:31:31,ON_SITE,Ana Reyes,Fresh Calamansi Juice Pitcher x1,280.00,33.60,0.00,313.60,CASH,PAID,COMPLETED,TXN-CAS-59164962
ORD-20251003-01132-25A5E,2025-10-03 21:35:22,ONLINE,Pedro Penduko,Seafood Cajun Boil x1; Sweet & Chili Crab Bucket x1; Grilled Seafood Platter x1,5900.00,708.00,100.00,6708.00,GCASH,REFUNDED,CANCELLED,N/A
ORD-20251004-03716-AFCE7,2025-10-04 11:46:41,ON_SITE,Matteo Guidicelli,Crispy Seafood Basket x2,1960.00,235.20,0.00,2195.20,HYBRID (Cash + GCash),PAID,COMPLETED,TXN-HYB-75386021
ORD-20251004-00609-1A93E,2025-10-04 13:17:57,ON_SITE,Mark Bautista,Crispy Seafood Basket x1,980.00,117.60,0.00,1097.60,CASH,PAID,COMPLETED,TXN-CAS-34367041
ORD-20251004-03257-59D3A,2025-10-04 14:12:30,ONLINE,Clara Dizon,Classic Seafood Paella x1,1650.00,198.00,85.00,1933.00,GCASH,PAID,COMPLETED,TXN-GCA-70710536
ORD-20251004-01842-21CA0,2025-10-04 20:37:28,ON_SITE,Lisa Manoban,Fresh Calamansi Juice Pitcher x1; Seafood Bilao Feast x2,5080.00,609.60,0.00,5689.60,GCASH,PAID,COMPLETED,TXN-GCA-43754480
ORD-20251004-00650-750D3,2025-10-04 21:30:50,ONLINE,Pedro Penduko,Crispy Seafood Basket x1,980.00,117.60,100.00,1197.60,GCASH,PAID,COMPLETED,TXN-GCA-72127866
ORD-20251005-03174-ADFA1,2025-10-05 10:34:40,ONLINE,Juan Tamad,Sweet & Chili Crab Bucket x1; Garlic Butter Prawns x1; Crispy Seafood Basket x1,4180.00,501.60,100.00,4781.60,HYBRID (Cash + GCash),PAID,COMPLETED,TXN-HYB-30218387
ORD-20251005-01157-188BB,2025-10-05 12:51:01,ONLINE,Pedro Penduko,Classic Seafood Paella x1,1650.00,198.00,85.00,1933.00,GCASH,PAID,COMPLETED,TXN-GCA-34018300
ORD-20251005-04300-54F64,2025-10-05 13:20:15,ON_SITE,Clara Dizon,Garlic Butter Prawns x1; Crispy Seafood Basket x2,3210.00,385.20,0.00,3595.20,MAYA,PAID,COMPLETED,TXN-MAY-76242098
ORD-20251005-01793-1084E,2025-10-05 21:14:51,ONLINE,Ana Reyes,Seafood Cajun Boil x1; Classic Seafood Paella x1,3500.00,420.00,60.00,3980.00,SPLIT (Cash + GCash),PAID,COMPLETED,TXN-SPL-25209797
ORD-20251005-00845-4242F,2025-10-05 21:38:27,ON_SITE,Sarah Geronimo,Sweet & Chili Crab Bucket x1; Crispy Seafood Basket x2; Fresh Calamansi Juice Pitcher x2; Seafood Cajun Boil x1,6320.00,758.40,0.00,7078.40,SPLIT (Cash + GCash),PAID,COMPLETED,TXN-SPL-86206274
ORD-20251006-01440-CA73D,2025-10-06 12:14:28,ONLINE,Mark Bautista,Sweet & Chili Crab Bucket x1; Classic Seafood Paella x1; Fresh Calamansi Juice Pitcher x1; Seafood Bilao Feast x1,6280.00,753.60,85.00,7118.60,GCASH,REFUNDED,CANCELLED,N/A
ORD-20251006-03189-E5D43,2025-10-06 14:59:27,ONLINE,Ana Reyes,Garlic Butter Prawns x2; Seafood Cajun Boil x1; Classic Seafood Paella x2,7650.00,918.00,85.00,8653.00,HYBRID (Cash + GCash),PAID,COMPLETED,TXN-HYB-29171780
ORD-20251006-02808-76C32,2025-10-06 21:37:28,ON_SITE,Lisa Manoban,Fresh Calamansi Juice Pitcher x1; Sweet & Chili Crab Bucket x2,4180.00,501.60,0.00,4681.60,GCASH,PAID,COMPLETED,TXN-GCA-35827426
ORD-20251007-04466-CD4EE,2025-10-07 10:40:46,ONLINE,Mark Bautista,Classic Seafood Paella x1,1650.00,198.00,100.00,1948.00,SPLIT (Cash + GCash),PAID,COMPLETED,TXN-SPL-41004249
ORD-20251007-03598-D9B0D,2025-10-07 12:47:11,ONLINE,Juan Tamad,Garlic Butter Prawns x1,1250.00,150.00,50.00,1450.00,MAYA,PAID,COMPLETED,TXN-MAY-71471398
ORD-20251007-00970-E5B1E,2025-10-07 14:17:34,ON_SITE,Clara Dizon,Seafood Cajun Boil x1; Crispy Seafood Basket x2,3810.00,457.20,0.00,4267.20,GCASH,PAID,COMPLETED,TXN-GCA-31870586
ORD-20251007-02373-6E0CD,2025-10-07 18:56:53,ON_SITE,Ana Reyes,Seafood Bilao Feast x1,2400.00,288.00,0.00,2688.00,CASH,PAID,COMPLETED,TXN-CAS-57457691
ORD-20251007-03634-4A5C1,2025-10-07 21:21:30,ONLINE,Pedro Penduko,Seafood Cajun Boil x1; Fresh Calamansi Juice Pitcher x2; Classic Seafood Paella x2,5710.00,685.20,100.00,6495.20,GCASH,PAID,COMPLETED,TXN-GCA-71125115
ORD-20251008-00066-AB46E,2025-10-08 16:20:14,ONLINE,Juan Tamad,Classic Seafood Paella x2; Grilled Seafood Platter x1,5400.00,648.00,50.00,6098.00,GCASH,PAID,COMPLETED,TXN-GCA-66118732
ORD-20251008-04359-AB1CF,2025-10-08 17:24:07,ON_SITE,Clara Dizon,Garlic Butter Prawns x1,1250.00,150.00,0.00,1400.00,MAYA,PAID,COMPLETED,TXN-MAY-75386707
ORD-20251008-01612-448D8,2025-10-08 19:02:07,ONLINE,Lisa Manoban,Sweet & Chili Crab Bucket x2; Seafood Bilao Feast x1,6300.00,756.00,60.00,7116.00,GCASH,PAID,COMPLETED,TXN-GCA-93350285
ORD-20251008-03848-749AC,2025-10-08 21:11:11,ON_SITE,Mark Bautista,Classic Seafood Paella x1; Garlic Butter Prawns x1,2900.00,348.00,0.00,3248.00,SPLIT (Cash + GCash),PAID,COMPLETED,TXN-SPL-43837863
ORD-20251009-02285-29FAD,2025-10-09 11:41:58,ONLINE,Lisa Manoban,Classic Seafood Paella x1; Sweet & Chili Crab Bucket x1,3600.00,432.00,100.00,4132.00,GCASH,PAID,COMPLETED,TXN-GCA-14430645
ORD-20251009-01888-900CB,2025-10-09 15:54:58,ON_SITE,Ferdinand Marcos,Sweet & Chili Crab Bucket x1; Garlic Butter Prawns x1,3200.00,384.00,0.00,3584.00,HYBRID (Cash + GCash),PAID,COMPLETED,TXN-HYB-68111387
ORD-20251009-01539-C186D,2025-10-09 16:01:33,ON_SITE,Ana Reyes,Sweet & Chili Crab Bucket x1; Classic Seafood Paella x1; Grilled Seafood Platter x1,5700.00,684.00,0.00,6384.00,CASH,PAID,COMPLETED,TXN-CAS-46408693
ORD-20251009-03466-1BEDF,2025-10-09 17:26:44,ON_SITE,Ramon Magsaysay Jr.,Classic Seafood Paella x1; Garlic Butter Prawns x1; Seafood Bilao Feast x1,5300.00,636.00,0.00,5936.00,CASH,PAID,COMPLETED,TXN-CAS-45052081
ORD-20251009-01912-33834,2025-10-09 18:46:50,ONLINE,Clara Dizon,Seafood Bilao Feast x1,2400.00,288.00,120.00,2808.00,HYBRID (Cash + GCash),PAID,COMPLETED,TXN-HYB-57607063
ORD-20251009-04579-2D653,2025-10-09 21:17:01,ONLINE,Mark Bautista,Seafood Cajun Boil x1,1850.00,222.00,85.00,2157.00,CASH,PENDING,IN_PROCESS,N/A
ORD-20251009-00533-1BCB7,2025-10-09 21:53:57,ONLINE,Pedro Penduko,Grilled Seafood Platter x2; Garlic Butter Prawns x1; Seafood Bilao Feast x1,7850.00,942.00,85.00,8877.00,GCASH,PAID,COMPLETED,TXN-GCA-72076411
ORD-20251010-03528-DF373,2025-10-10 10:19:04,ON_SITE,Lisa Manoban,Seafood Bilao Feast x1; Grilled Seafood Platter x1,4500.00,540.00,0.00,5040.00,CASH,PAID,COMPLETED,TXN-CAS-27728344
ORD-20251010-04044-64546,2025-10-10 14:30:43,ON_SITE,Sarah Geronimo,Crispy Seafood Basket x1; Garlic Butter Prawns x1; Fresh Calamansi Juice Pitcher x2,2790.00,334.80,0.00,3124.80,HYBRID (Cash + GCash),PAID,COMPLETED,TXN-HYB-55676884
ORD-20251010-02444-7CEFB,2025-10-10 17:22:32,ON_SITE,Alden Richards,Fresh Calamansi Juice Pitcher x1,280.00,33.60,0.00,313.60,HYBRID (Cash + GCash),PAID,COMPLETED,TXN-HYB-63799371
ORD-20251011-01472-5A8A3,2025-10-11 10:38:30,ON_SITE,Dindo Dela Cruz,Sweet & Chili Crab Bucket x3; Classic Seafood Paella x2,9150.00,1098.00,0.00,10248.00,CASH,PAID,COMPLETED,TXN-CAS-80669993
ORD-20251011-04681-E6FDC,2025-10-11 11:26:39,ONLINE,Ana Reyes,Fresh Calamansi Juice Pitcher x1; Garlic Butter Prawns x1,1530.00,183.60,50.00,1763.60,GCASH,PAID,COMPLETED,TXN-GCA-67512874
ORD-20251011-00940-6CFEF,2025-10-11 11:55:31,ONLINE,Mark Bautista,Seafood Cajun Boil x2; Grilled Seafood Platter x1; Crispy Seafood Basket x1,6780.00,813.60,60.00,7653.60,GCASH,PAID,COMPLETED,TXN-GCA-53077516
ORD-20251011-02827-C8FE2,2025-10-11 11:56:34,ON_SITE,Giselle Hernandez,Garlic Butter Prawns x2,2500.00,300.00,0.00,2800.00,HYBRID (Cash + GCash),PAID,COMPLETED,TXN-HYB-88931289
ORD-20251011-04910-293CD,2025-10-11 12:12:46,ON_SITE,Sarah Geronimo,Seafood Cajun Boil x2,3700.00,444.00,0.00,4144.00,MAYA,PAID,COMPLETED,TXN-MAY-51911735
ORD-20251011-02614-62418,2025-10-11 14:54:52,ONLINE,Lisa Manoban,Grilled Seafood Platter x2,4200.00,504.00,120.00,4824.00,CASH,PAID,COMPLETED,TXN-CAS-90093690
ORD-20251012-02519-59AA6,2025-10-12 10:33:43,ONLINE,Clara Dizon,Crispy Seafood Basket x2; Garlic Butter Prawns x2; Classic Seafood Paella x1,6110.00,733.20,100.00,6943.20,HYBRID (Cash + GCash),PAID,COMPLETED,TXN-HYB-31229120
ORD-20251012-03101-CE8F3,2025-10-12 10:35:04,ONLINE,Pedro Penduko,Seafood Cajun Boil x1,1850.00,222.00,100.00,2172.00,SPLIT (Cash + GCash),PAID,COMPLETED,TXN-SPL-87633097
ORD-20251012-01201-3A32A,2025-10-12 11:49:23,ONLINE,Ana Reyes,Garlic Butter Prawns x1,1250.00,150.00,75.00,1475.00,SPLIT (Cash + GCash),PAID,COMPLETED,TXN-SPL-55195316
ORD-20251013-02792-A2F53,2025-10-13 11:37:54,ON_SITE,Ramon Magsaysay Jr.,Garlic Butter Prawns x1; Seafood Cajun Boil x1,3100.00,372.00,0.00,3472.00,CASH,PENDING,IN_PROCESS,N/A
ORD-20251013-02681-95F5B,2025-10-13 13:50:54,ONLINE,Pedro Penduko,Classic Seafood Paella x2,3300.00,396.00,50.00,3746.00,MAYA,PAID,COMPLETED,TXN-MAY-19682445
ORD-20251013-00016-C5198,2025-10-13 15:15:51,ONLINE,Mark Bautista,Fresh Calamansi Juice Pitcher x1,280.00,33.60,75.00,388.60,GCASH,PAID,COMPLETED,TXN-GCA-17588208
ORD-20251013-03095-C84F3,2025-10-13 15:43:43,ON_SITE,Ramon Magsaysay Jr.,Classic Seafood Paella x2; Grilled Seafood Platter x1; Seafood Cajun Boil x1,7250.00,870.00,0.00,8120.00,GCASH,PAID,COMPLETED,TXN-GCA-95741539
ORD-20251013-04416-9A598,2025-10-13 16:27:10,ON_SITE,Dingdong Dantes,Sweet & Chili Crab Bucket x1,1950.00,234.00,0.00,2184.00,GCASH,PAID,COMPLETED,TXN-GCA-15865028
ORD-20251013-00408-A721B,2025-10-13 17:39:05,ON_SITE,Lisa Manoban,Grilled Seafood Platter x1; Fresh Calamansi Juice Pitcher x1; Sweet & Chili Crab Bucket x1,4330.00,519.60,0.00,4849.60,GCASH,PAID,COMPLETED,TXN-GCA-18171531
ORD-20251013-00960-97B34,2025-10-13 19:08:00,ON_SITE,Clara Dizon,Seafood Cajun Boil x1; Grilled Seafood Platter x2; Garlic Butter Prawns x1,7300.00,876.00,0.00,8176.00,GCASH,PAID,COMPLETED,TXN-GCA-12802573
ORD-20251014-03042-3B0B6,2025-10-14 10:43:23,ONLINE,Pedro Penduko,Classic Seafood Paella x1,1650.00,198.00,85.00,1933.00,SPLIT (Cash + GCash),PAID,COMPLETED,TXN-SPL-97223898
ORD-20251014-00753-B4D07,2025-10-14 19:17:00,ONLINE,Clara Dizon,Seafood Cajun Boil x2,3700.00,444.00,50.00,4194.00,MAYA,PAID,COMPLETED,TXN-MAY-31800841
ORD-20251015-01536-DEB53,2025-10-15 12:55:27,ON_SITE,Mark Bautista,Sweet & Chili Crab Bucket x1; Seafood Bilao Feast x1,4350.00,522.00,0.00,4872.00,GCASH,PAID,COMPLETED,TXN-GCA-33927654
ORD-20251015-00707-37977,2025-10-15 13:23:39,ONLINE,Clara Dizon,Seafood Bilao Feast x1; Grilled Seafood Platter x2,6600.00,792.00,50.00,7442.00,GCASH,PAID,COMPLETED,TXN-GCA-81922316
ORD-20251015-01386-86D9B,2025-10-15 18:15:17,ON_SITE,Carlos Mendoza,Grilled Seafood Platter x1,2100.00,252.00,0.00,2352.00,SPLIT (Cash + GCash),PAID,IN_PROCESS,TXN-SPL-73573843
ORD-20251015-01133-85EAA,2025-10-15 19:35:11,ONLINE,Ana Reyes,Grilled Seafood Platter x1; Crispy Seafood Basket x1,3080.00,369.60,120.00,3569.60,GCASH,PAID,COMPLETED,TXN-GCA-64045808
ORD-20251016-01002-D0F48,2025-10-16 14:28:43,ON_SITE,Mark Bautista,Crispy Seafood Basket x1; Fresh Calamansi Juice Pitcher x1; Seafood Cajun Boil x1; Seafood Bilao Feast x1,5510.00,661.20,0.00,6171.20,CASH,PAID,COMPLETED,TXN-CAS-62614490
ORD-20251016-03476-BAA79,2025-10-16 15:42:59,ONLINE,Juan Tamad,Classic Seafood Paella x1; Seafood Cajun Boil x1; Seafood Bilao Feast x1; Garlic Butter Prawns x1,7150.00,858.00,120.00,8128.00,GCASH,PAID,COMPLETED,TXN-GCA-95358702
ORD-20251016-00926-78430,2025-10-16 19:32:36,ONLINE,Mark Bautista,Garlic Butter Prawns x1,1250.00,150.00,85.00,1485.00,HYBRID (Cash + GCash),PENDING,CANCELLED,N/A
ORD-20251016-01702-F9676,2025-10-16 21:47:16,ONLINE,Mark Bautista,Garlic Butter Prawns x1,1250.00,150.00,100.00,1500.00,MAYA,PAID,COMPLETED,TXN-MAY-83485374
ORD-20251017-01534-605D7,2025-10-17 10:56:12,ON_SITE,Mark Bautista,Crispy Seafood Basket x1,980.00,117.60,0.00,1097.60,GCASH,PAID,COMPLETED,TXN-GCA-50740682
ORD-20251017-02044-2A487,2025-10-17 14:14:30,ONLINE,Clara Dizon,Garlic Butter Prawns x1; Classic Seafood Paella x1,2900.00,348.00,85.00,3333.00,COD,PAID,COMPLETED,TXN-COD-64593119
ORD-20251017-02788-9AF2D,2025-10-17 14:48:50,ON_SITE,Giselle Hernandez,Seafood Bilao Feast x1,2400.00,288.00,0.00,2688.00,CASH,PAID,COMPLETED,TXN-CAS-12726858
ORD-20251017-04200-F7587,2025-10-17 16:54:38,ON_SITE,Ana Reyes,Seafood Bilao Feast x1,2400.00,288.00,0.00,2688.00,GCASH,PAID,COMPLETED,TXN-GCA-62427095
ORD-20251017-00985-35877,2025-10-17 17:53:27,ONLINE,Ana Reyes,Grilled Seafood Platter x1; Sweet & Chili Crab Bucket x1; Seafood Cajun Boil x2,7750.00,930.00,75.00,8755.00,MAYA,PAID,COMPLETED,TXN-MAY-78880697
ORD-20251017-03687-00AB3,2025-10-17 19:44:21,ON_SITE,Carlos Mendoza,Grilled Seafood Platter x2,4200.00,504.00,0.00,4704.00,SPLIT (Cash + GCash),PAID,COMPLETED,TXN-SPL-95672774
ORD-20251017-03768-93BAE,2025-10-17 20:28:45,ONLINE,Lisa Manoban,Classic Seafood Paella x1,1650.00,198.00,60.00,1908.00,GCASH,PAID,COMPLETED,TXN-GCA-95844165
ORD-20251018-03981-E6970,2025-10-18 10:19:16,ON_SITE,Ana Reyes,Classic Seafood Paella x1; Grilled Seafood Platter x1,3750.00,450.00,0.00,4200.00,GCASH,PAID,COMPLETED,TXN-GCA-64179420
ORD-20251018-00159-6C86C,2025-10-18 21:39:52,ONLINE,Juan Tamad,Seafood Cajun Boil x1; Classic Seafood Paella x1,3500.00,420.00,120.00,4040.00,COD,PAID,COMPLETED,TXN-COD-63459838
ORD-20251019-02194-51029,2025-10-19 12:00:52,ON_SITE,Lisa Manoban,Grilled Seafood Platter x1; Seafood Cajun Boil x2; Fresh Calamansi Juice Pitcher x2,6360.00,763.20,0.00,7123.20,CASH,PAID,COMPLETED,TXN-CAS-85494047
ORD-20251020-03700-1C839,2025-10-20 11:49:43,ONLINE,Pedro Penduko,Classic Seafood Paella x1,1650.00,198.00,100.00,1948.00,CASH,PAID,COMPLETED,TXN-CAS-39548586
ORD-20251020-00124-19485,2025-10-20 14:53:55,ONLINE,Lisa Manoban,Fresh Calamansi Juice Pitcher x1; Crispy Seafood Basket x1,1260.00,151.20,120.00,1531.20,GCASH,PAID,COMPLETED,TXN-GCA-48377568
ORD-20251020-01223-D77BE,2025-10-20 14:55:51,ON_SITE,Dingdong Dantes,Classic Seafood Paella x1,1650.00,198.00,0.00,1848.00,GCASH,PAID,COMPLETED,TXN-GCA-70285480
ORD-20251020-02362-8D403,2025-10-20 19:46:39,ONLINE,Mark Bautista,Sweet & Chili Crab Bucket x1; Seafood Bilao Feast x2,6750.00,810.00,100.00,7660.00,COD,REFUNDED,CANCELLED,N/A
ORD-20251020-01147-26C13,2025-10-20 20:17:37,ON_SITE,Ana Reyes,Grilled Seafood Platter x1; Crispy Seafood Basket x1,3080.00,369.60,0.00,3449.60,MAYA,PAID,COMPLETED,TXN-MAY-75995295
ORD-20251021-02466-00342,2025-10-21 13:32:22,ON_SITE,Clara Dizon,Seafood Bilao Feast x1; Seafood Cajun Boil x1,4250.00,510.00,0.00,4760.00,HYBRID (Cash + GCash),PAID,COMPLETED,TXN-HYB-75517299
ORD-20251021-01027-20DA6,2025-10-21 16:52:30,ON_SITE,Lisa Manoban,Crispy Seafood Basket x1,980.00,117.60,0.00,1097.60,GCASH,PAID,IN_PROCESS,TXN-GCA-86614249
ORD-20251021-02004-C144C,2025-10-21 18:40:17,ONLINE,Ana Reyes,Sweet & Chili Crab Bucket x1,1950.00,234.00,120.00,2304.00,HYBRID (Cash + GCash),PAID,COMPLETED,TXN-HYB-36872610
ORD-20251022-02072-CDD36,2025-10-22 11:43:58,ONLINE,Mark Bautista,Fresh Calamansi Juice Pitcher x1; Crispy Seafood Basket x1; Classic Seafood Paella x1,2910.00,349.20,100.00,3359.20,GCASH,PAID,COMPLETED,TXN-GCA-22207563
ORD-20251022-01160-F6B68,2025-10-22 13:50:45,ONLINE,Juan Tamad,Seafood Cajun Boil x1,1850.00,222.00,50.00,2122.00,GCASH,PAID,COMPLETED,TXN-GCA-99267121
ORD-20251022-00314-4F607,2025-10-22 14:36:48,ON_SITE,Katrina Halili,Seafood Cajun Boil x2; Seafood Bilao Feast x1; Grilled Seafood Platter x1,8200.00,984.00,0.00,9184.00,CASH,PAID,COMPLETED,TXN-CAS-94431946
ORD-20251022-04659-5A5DC,2025-10-22 14:59:12,ONLINE,Pedro Penduko,Seafood Cajun Boil x1,1850.00,222.00,120.00,2192.00,HYBRID (Cash + GCash),PAID,COMPLETED,TXN-HYB-62743444
ORD-20251022-04043-03EC5,2025-10-22 16:17:26,ONLINE,Juan Tamad,Crispy Seafood Basket x1,980.00,117.60,50.00,1147.60,GCASH,PAID,COMPLETED,TXN-GCA-58233473
ORD-20251022-03970-D112C,2025-10-22 18:16:03,ON_SITE,Ana Reyes,Grilled Seafood Platter x1,2100.00,252.00,0.00,2352.00,CASH,PAID,COMPLETED,TXN-CAS-59011056
ORD-20251023-02369-F31E0,2025-10-23 18:37:08,ON_SITE,Juan Tamad,Fresh Calamansi Juice Pitcher x1; Seafood Bilao Feast x1; Sweet & Chili Crab Bucket x1,4630.00,555.60,0.00,5185.60,CASH,PAID,COMPLETED,TXN-CAS-47763850
ORD-20251023-00928-DD54D,2025-10-23 19:29:14,ONLINE,Ana Reyes,Grilled Seafood Platter x1,2100.00,252.00,100.00,2452.00,SPLIT (Cash + GCash),PAID,COMPLETED,TXN-SPL-78488925
ORD-20251023-01648-44468,2025-10-23 19:31:14,ON_SITE,Ramon Magsaysay Jr.,Classic Seafood Paella x1,1650.00,198.00,0.00,1848.00,CASH,PAID,COMPLETED,TXN-CAS-57242143
ORD-20251023-01410-F20D2,2025-10-23 19:33:11,ONLINE,Pedro Penduko,Seafood Cajun Boil x1; Crispy Seafood Basket x1; Fresh Calamansi Juice Pitcher x1,3110.00,373.20,75.00,3558.20,MAYA,PAID,COMPLETED,TXN-MAY-47485961
ORD-20251023-03656-D7210,2025-10-23 21:34:40,ONLINE,Mark Bautista,Classic Seafood Paella x1,1650.00,198.00,60.00,1908.00,GCASH,PAID,COMPLETED,TXN-GCA-84416516
ORD-20251024-00862-F46BF,2025-10-24 13:09:52,ONLINE,Pedro Penduko,Crispy Seafood Basket x2,1960.00,235.20,120.00,2315.20,MAYA,PAID,IN_PROCESS,TXN-MAY-65438951
ORD-20251024-01976-3BEFA,2025-10-24 13:11:59,ONLINE,Lisa Manoban,Garlic Butter Prawns x2; Grilled Seafood Platter x3,8800.00,1056.00,60.00,9916.00,MAYA,PAID,COMPLETED,TXN-MAY-47330281
ORD-20251024-02374-82FDF,2025-10-24 17:03:55,ONLINE,Juan Tamad,Seafood Cajun Boil x1; Grilled Seafood Platter x3,8150.00,978.00,75.00,9203.00,HYBRID (Cash + GCash),PAID,COMPLETED,TXN-HYB-64849715
ORD-20251024-00545-D8C5F,2025-10-24 17:10:13,ONLINE,Lisa Manoban,Grilled Seafood Platter x1; Fresh Calamansi Juice Pitcher x1,2380.00,285.60,85.00,2750.60,SPLIT (Cash + GCash),PAID,COMPLETED,TXN-SPL-84825203
ORD-20251024-02696-80682,2025-10-24 18:05:19,ON_SITE,Sarah Geronimo,Garlic Butter Prawns x1; Crispy Seafood Basket x1,2230.00,267.60,0.00,2497.60,CASH,PAID,COMPLETED,TXN-CAS-40221963
ORD-20251025-02957-0C716,2025-10-25 11:41:35,ONLINE,Juan Tamad,Grilled Seafood Platter x1; Classic Seafood Paella x1,3750.00,450.00,100.00,4300.00,GCASH,PAID,COMPLETED,TXN-GCA-32340255
ORD-20251025-04504-8105E,2025-10-25 13:12:32,ON_SITE,Pedro Penduko,Fresh Calamansi Juice Pitcher x1; Garlic Butter Prawns x2; Seafood Bilao Feast x1,5180.00,621.60,0.00,5801.60,CASH,FAILED,CANCELLED,N/A
ORD-20251025-04210-1A4FC,2025-10-25 16:56:45,ONLINE,Ana Reyes,Seafood Bilao Feast x3; Garlic Butter Prawns x1,8450.00,1014.00,85.00,9549.00,MAYA,PAID,COMPLETED,TXN-MAY-28646360
ORD-20251026-00455-C66AB,2025-10-26 10:45:01,ON_SITE,Alden Richards,Garlic Butter Prawns x1,1250.00,150.00,0.00,1400.00,CASH,FAILED,CANCELLED,N/A
ORD-20251026-01879-34C76,2025-10-26 13:05:55,ON_SITE,Ferdinand Marcos,Classic Seafood Paella x1; Sweet & Chili Crab Bucket x1; Grilled Seafood Platter x1; Garlic Butter Prawns x1,6950.00,834.00,0.00,7784.00,GCASH,PAID,COMPLETED,TXN-GCA-36781547
ORD-20251026-00879-AC8D0,2025-10-26 15:21:59,ON_SITE,Bea Alonzo,Crispy Seafood Basket x1; Seafood Cajun Boil x1; Sweet & Chili Crab Bucket x1; Classic Seafood Paella x3,9730.00,1167.60,0.00,10897.60,GCASH,PAID,COMPLETED,TXN-GCA-15530171
ORD-20251026-03360-52B82,2025-10-26 19:17:54,ON_SITE,Ramon Magsaysay Jr.,Fresh Calamansi Juice Pitcher x1,280.00,33.60,0.00,313.60,GCASH,PAID,COMPLETED,TXN-GCA-17831616
ORD-20251026-02671-FA184,2025-10-26 20:21:38,ON_SITE,Clara Dizon,Grilled Seafood Platter x1; Garlic Butter Prawns x1,3350.00,402.00,0.00,3752.00,GCASH,PAID,COMPLETED,TXN-GCA-76361424
ORD-20251026-01126-0A5A1,2025-10-26 21:29:19,ON_SITE,Bea Alonzo,Seafood Cajun Boil x2,3700.00,444.00,0.00,4144.00,GCASH,PAID,COMPLETED,TXN-GCA-51663117
ORD-20251026-03335-C6F8B,2025-10-26 21:52:35,ON_SITE,Maria Clara Santos,Seafood Bilao Feast x1; Fresh Calamansi Juice Pitcher x3; Seafood Cajun Boil x1,5090.00,610.80,0.00,5700.80,GCASH,PAID,COMPLETED,TXN-GCA-63657767
ORD-20251026-03511-79473,2025-10-26 21:53:53,ON_SITE,Ferdinand Marcos,Sweet & Chili Crab Bucket x1,1950.00,234.00,0.00,2184.00,CASH,PAID,COMPLETED,TXN-CAS-98981180
ORD-20251027-01181-DB44D,2025-10-27 18:11:24,ON_SITE,Lisa Manoban,Seafood Bilao Feast x1; Garlic Butter Prawns x3; Classic Seafood Paella x1,7800.00,936.00,0.00,8736.00,CASH,PAID,COMPLETED,TXN-CAS-58108445
ORD-20251027-00391-44CCD,2025-10-27 18:27:03,ON_SITE,Joshua Garcia,Sweet & Chili Crab Bucket x1; Grilled Seafood Platter x1; Fresh Calamansi Juice Pitcher x1; Seafood Cajun Boil x1,6180.00,741.60,0.00,6921.60,GCASH,PAID,COMPLETED,TXN-GCA-83380575
ORD-20251027-00180-52870,2025-10-27 19:32:14,ON_SITE,Ana Reyes,Seafood Cajun Boil x1,1850.00,222.00,0.00,2072.00,HYBRID (Cash + GCash),PAID,COMPLETED,TXN-HYB-45827583
ORD-20251027-00942-770EF,2025-10-27 19:51:10,ON_SITE,Alden Richards,Grilled Seafood Platter x1; Seafood Bilao Feast x1,4500.00,540.00,0.00,5040.00,GCASH,PAID,COMPLETED,TXN-GCA-26729393
ORD-20251028-01579-FB4D9,2025-10-28 12:28:27,ON_SITE,Katrina Halili,Fresh Calamansi Juice Pitcher x1; Garlic Butter Prawns x1; Sweet & Chili Crab Bucket x1; Grilled Seafood Platter x2,7680.00,921.60,0.00,8601.60,GCASH,PAID,COMPLETED,TXN-GCA-81395128
ORD-20251028-04633-152BA,2025-10-28 20:13:47,ON_SITE,Ana Reyes,Seafood Cajun Boil x1; Grilled Seafood Platter x1,3950.00,474.00,0.00,4424.00,HYBRID (Cash + GCash),PAID,COMPLETED,TXN-HYB-31461997
ORD-20251028-03374-729D2,2025-10-28 21:50:30,ONLINE,Ana Reyes,Seafood Cajun Boil x1; Crispy Seafood Basket x1,2830.00,339.60,75.00,3244.60,CASH,PAID,COMPLETED,TXN-CAS-48138654
ORD-20251028-04922-6047F,2025-10-28 21:57:57,ON_SITE,Sarah Geronimo,Grilled Seafood Platter x2,4200.00,504.00,0.00,4704.00,GCASH,PAID,COMPLETED,TXN-GCA-90101526
ORD-20251029-03790-0632D,2025-10-29 11:48:42,ON_SITE,Katrina Halili,Crispy Seafood Basket x2; Garlic Butter Prawns x2,4460.00,535.20,0.00,4995.20,CASH,PAID,COMPLETED,TXN-CAS-30710766
ORD-20251029-03974-735F0,2025-10-29 19:33:05,ON_SITE,Joshua Garcia,Fresh Calamansi Juice Pitcher x1; Garlic Butter Prawns x1,1530.00,183.60,0.00,1713.60,GCASH,PAID,COMPLETED,TXN-GCA-53042189
ORD-20251030-02989-5096C,2025-10-30 14:53:44,ON_SITE,Carlos Mendoza,Fresh Calamansi Juice Pitcher x1; Grilled Seafood Platter x1,2380.00,285.60,0.00,2665.60,CASH,PAID,COMPLETED,TXN-CAS-84759083
ORD-20251030-03720-D72BD,2025-10-30 19:07:43,ONLINE,Clara Dizon,Sweet & Chili Crab Bucket x1; Crispy Seafood Basket x1; Grilled Seafood Platter x1; Classic Seafood Paella x1,6680.00,801.60,50.00,7531.60,GCASH,PAID,COMPLETED,TXN-GCA-26229391
ORD-20251030-02908-28CAC,2025-10-30 20:48:26,ON_SITE,Giselle Hernandez,Grilled Seafood Platter x2; Seafood Cajun Boil x2; Fresh Calamansi Juice Pitcher x1,8180.00,981.60,0.00,9161.60,HYBRID (Cash + GCash),PAID,COMPLETED,TXN-HYB-22677466
ORD-20251030-04487-93913,2025-10-30 21:18:52,ONLINE,Lisa Manoban,Grilled Seafood Platter x1,2100.00,252.00,85.00,2437.00,HYBRID (Cash + GCash),PAID,COMPLETED,TXN-HYB-11569341
ORD-20251030-03976-28E23,2025-10-30 21:25:23,ON_SITE,Carlos Mendoza,Fresh Calamansi Juice Pitcher x1,280.00,33.60,0.00,313.60,HYBRID (Cash + GCash),PAID,COMPLETED,TXN-HYB-52399298
ORD-20251031-04443-7B44A,2025-10-31 10:04:59,ON_SITE,Matteo Guidicelli,Garlic Butter Prawns x1; Fresh Calamansi Juice Pitcher x1,1530.00,183.60,0.00,1713.60,CASH,PAID,COMPLETED,TXN-CAS-59028144
ORD-20251031-02258-1E623,2025-10-31 10:38:01,ON_SITE,Ferdinand Marcos,Crispy Seafood Basket x1; Fresh Calamansi Juice Pitcher x2,1540.00,184.80,0.00,1724.80,GCASH,PENDING,CANCELLED,N/A
ORD-20251031-01271-80BEB,2025-10-31 11:50:51,ONLINE,Ana Reyes,Crispy Seafood Basket x2,1960.00,235.20,120.00,2315.20,MAYA,PENDING,IN_PROCESS,N/A
ORD-20251031-04665-165C1,2025-10-31 13:08:03,ON_SITE,Mark Bautista,Garlic Butter Prawns x1,1250.00,150.00,0.00,1400.00,CASH,PAID,COMPLETED,TXN-CAS-60346433
ORD-20251031-04201-F17C5,2025-10-31 13:18:25,ONLINE,Pedro Penduko,Garlic Butter Prawns x1; Crispy Seafood Basket x2,3210.00,385.20,50.00,3645.20,GCASH,FAILED,CANCELLED,N/A
ORD-20251031-04757-31178,2025-10-31 13:19:56,ON_SITE,Mark Bautista,Sweet & Chili Crab Bucket x1; Garlic Butter Prawns x1,3200.00,384.00,0.00,3584.00,HYBRID (Cash + GCash),PAID,COMPLETED,TXN-HYB-79215055
ORD-20251031-02723-A53C4,2025-10-31 17:49:57,ON_SITE,Juan Tamad,Seafood Cajun Boil x2; Garlic Butter Prawns x1; Grilled Seafood Platter x3; Classic Seafood Paella x1,12900.00,1548.00,0.00,14448.00,CASH,PAID,COMPLETED,TXN-CAS-42610249
ORD-20251031-00808-EB2FD,2025-10-31 18:26:36,ON_SITE,Clara Dizon,Fresh Calamansi Juice Pitcher x1; Sweet & Chili Crab Bucket x1,2230.00,267.60,0.00,2497.60,SPLIT (Cash + GCash),PAID,COMPLETED,TXN-SPL-90783695
ORD-20251031-01909-7387E,2025-10-31 19:46:22,ONLINE,Mark Bautista,Garlic Butter Prawns x1; Sweet & Chili Crab Bucket x2; Seafood Cajun Boil x1,7000.00,840.00,85.00,7925.00,CASH,PAID,COMPLETED,TXN-CAS-48756403
ORD-20251031-04834-959CB,2025-10-31 20:06:13,ON_SITE,Juan Tamad,Crispy Seafood Basket x1,980.00,117.60,0.00,1097.60,SPLIT (Cash + GCash),PAID,COMPLETED,TXN-SPL-89754323
ORD-20251101-01218-AEACE,2025-11-01 10:39:30,ONLINE,Mark Bautista,Seafood Cajun Boil x1; Seafood Bilao Feast x1; Sweet & Chili Crab Bucket x2; Garlic Butter Prawns x1,9400.00,1128.00,85.00,10613.00,CASH,PAID,COMPLETED,TXN-CAS-51482845
ORD-20251101-00982-72A2B,2025-11-01 19:19:23,ON_SITE,Pedro Penduko,Classic Seafood Paella x1; Garlic Butter Prawns x1,2900.00,348.00,0.00,3248.00,CASH,PAID,COMPLETED,TXN-CAS-81521254
ORD-20251101-00128-9083D,2025-11-01 21:58:19,ONLINE,Lisa Manoban,Seafood Bilao Feast x2,4800.00,576.00,60.00,5436.00,HYBRID (Cash + GCash),PAID,COMPLETED,TXN-HYB-15102700
ORD-20251102-00582-B74AD,2025-11-02 14:12:20,ON_SITE,Joshua Garcia,Fresh Calamansi Juice Pitcher x1; Seafood Cajun Boil x2,3980.00,477.60,0.00,4457.60,GCASH,PAID,COMPLETED,TXN-GCA-34742416
ORD-20251102-04812-32D0E,2025-11-02 17:39:44,ONLINE,Pedro Penduko,Classic Seafood Paella x2; Crispy Seafood Basket x1,4280.00,513.60,85.00,4878.60,GCASH,PENDING,IN_PROCESS,N/A
ORD-20251102-04597-9F17D,2025-11-02 18:39:31,ON_SITE,Marian Rivera,Crispy Seafood Basket x3,2940.00,352.80,0.00,3292.80,HYBRID (Cash + GCash),PAID,COMPLETED,TXN-HYB-59775282
ORD-20251102-03398-4ADFC,2025-11-02 19:04:59,ONLINE,Clara Dizon,Garlic Butter Prawns x1,1250.00,150.00,60.00,1460.00,GCASH,PAID,COMPLETED,TXN-GCA-85162245
ORD-20251102-00629-50D14,2025-11-02 19:05:44,ONLINE,Lisa Manoban,Grilled Seafood Platter x1,2100.00,252.00,120.00,2472.00,GCASH,PAID,COMPLETED,TXN-GCA-47589631
ORD-20251102-04822-78F13,2025-11-02 19:19:00,ONLINE,Ana Reyes,Sweet & Chili Crab Bucket x1; Seafood Cajun Boil x1; Classic Seafood Paella x1,5450.00,654.00,120.00,6224.00,GCASH,PAID,COMPLETED,TXN-GCA-61328818
ORD-20251103-02505-91D95,2025-11-03 12:57:10,ONLINE,Ana Reyes,Grilled Seafood Platter x1; Garlic Butter Prawns x1,3350.00,402.00,120.00,3872.00,GCASH,PAID,IN_PROCESS,TXN-GCA-24684504
ORD-20251103-04986-50612,2025-11-03 13:31:46,ONLINE,Lisa Manoban,Fresh Calamansi Juice Pitcher x1; Crispy Seafood Basket x1,1260.00,151.20,85.00,1496.20,MAYA,PAID,COMPLETED,TXN-MAY-23606310
ORD-20251103-02787-D67C9,2025-11-03 14:13:54,ON_SITE,Juan Tamad,Grilled Seafood Platter x2; Fresh Calamansi Juice Pitcher x1,4480.00,537.60,0.00,5017.60,SPLIT (Cash + GCash),PAID,COMPLETED,TXN-SPL-70886297
ORD-20251103-01424-15E15,2025-11-03 16:19:59,ON_SITE,Kathryn Bernardo,Grilled Seafood Platter x1,2100.00,252.00,0.00,2352.00,CASH,PAID,COMPLETED,TXN-CAS-62258514
ORD-20251103-00890-DCFE9,2025-11-03 17:33:28,ONLINE,Mark Bautista,Garlic Butter Prawns x2; Fresh Calamansi Juice Pitcher x1,2780.00,333.60,85.00,3198.60,GCASH,PAID,COMPLETED,TXN-GCA-89796981
ORD-20251103-00711-99471,2025-11-03 17:34:00,ONLINE,Pedro Penduko,Crispy Seafood Basket x1; Sweet & Chili Crab Bucket x1; Classic Seafood Paella x1,4580.00,549.60,60.00,5189.60,GCASH,PAID,COMPLETED,TXN-GCA-44264862
ORD-20251103-00137-D61CC,2025-11-03 17:37:06,ONLINE,Clara Dizon,Sweet & Chili Crab Bucket x1,1950.00,234.00,85.00,2269.00,MAYA,PAID,COMPLETED,TXN-MAY-38634286
ORD-20251103-02288-B39DE,2025-11-03 17:50:51,ONLINE,Mark Bautista,Classic Seafood Paella x1,1650.00,198.00,100.00,1948.00,GCASH,PAID,COMPLETED,TXN-GCA-80902599
ORD-20251103-02784-05017,2025-11-03 18:09:28,ON_SITE,Joshua Garcia,Grilled Seafood Platter x1,2100.00,252.00,0.00,2352.00,CASH,PAID,COMPLETED,TXN-CAS-92836090
ORD-20251104-01307-575C4,2025-11-04 10:43:05,ON_SITE,Ramon Magsaysay Jr.,Seafood Bilao Feast x1; Grilled Seafood Platter x1,4500.00,540.00,0.00,5040.00,HYBRID (Cash + GCash),FAILED,CANCELLED,N/A
ORD-20251104-04390-56CFD,2025-11-04 19:49:16,ON_SITE,Lisa Manoban,Fresh Calamansi Juice Pitcher x1; Crispy Seafood Basket x1; Classic Seafood Paella x1,2910.00,349.20,0.00,3259.20,CASH,PAID,COMPLETED,TXN-CAS-79055066
ORD-20251105-02461-082AC,2025-11-05 13:24:29,ON_SITE,Kathryn Bernardo,Seafood Cajun Boil x2; Grilled Seafood Platter x2; Sweet & Chili Crab Bucket x1,9850.00,1182.00,0.00,11032.00,GCASH,PAID,COMPLETED,TXN-GCA-49573325
ORD-20251106-04508-2438A,2025-11-06 11:43:14,ON_SITE,Juan Tamad,Seafood Bilao Feast x1,2400.00,288.00,0.00,2688.00,SPLIT (Cash + GCash),PAID,COMPLETED,TXN-SPL-40809110
ORD-20251106-00915-A361B,2025-11-06 12:19:20,ON_SITE,Joshua Garcia,Seafood Cajun Boil x1; Seafood Bilao Feast x1,4250.00,510.00,0.00,4760.00,HYBRID (Cash + GCash),PAID,COMPLETED,TXN-HYB-10391411
ORD-20251106-02670-83345,2025-11-06 12:26:28,ONLINE,Juan Tamad,Sweet & Chili Crab Bucket x2; Fresh Calamansi Juice Pitcher x1; Classic Seafood Paella x1,5830.00,699.60,85.00,6614.60,CASH,PAID,COMPLETED,TXN-CAS-91089575
ORD-20251106-02487-D186F,2025-11-06 14:10:37,ONLINE,Mark Bautista,Seafood Cajun Boil x1; Sweet & Chili Crab Bucket x1; Fresh Calamansi Juice Pitcher x1; Crispy Seafood Basket x1,5060.00,607.20,120.00,5787.20,MAYA,PAID,COMPLETED,TXN-MAY-69551709
ORD-20251106-01984-97B1E,2025-11-06 16:18:35,ONLINE,Juan Tamad,Grilled Seafood Platter x1; Fresh Calamansi Juice Pitcher x2,2660.00,319.20,85.00,3064.20,GCASH,PAID,COMPLETED,TXN-GCA-77176727
ORD-20251106-00556-0687B,2025-11-06 18:52:34,ON_SITE,Mark Bautista,Classic Seafood Paella x1,1650.00,198.00,0.00,1848.00,CASH,PAID,COMPLETED,TXN-CAS-83366125
ORD-20251106-02078-C1942,2025-11-06 21:08:24,ON_SITE,Ana Reyes,Fresh Calamansi Juice Pitcher x2; Seafood Bilao Feast x2,5360.00,643.20,0.00,6003.20,CASH,PAID,COMPLETED,TXN-CAS-57318299
ORD-20251106-00279-C0D02,2025-11-06 21:14:25,ON_SITE,Ana Reyes,Garlic Butter Prawns x1; Grilled Seafood Platter x1,3350.00,402.00,0.00,3752.00,GCASH,PENDING,CANCELLED,N/A
ORD-20251107-00516-30153,2025-11-07 11:43:18,ONLINE,Pedro Penduko,Sweet & Chili Crab Bucket x1,1950.00,234.00,75.00,2259.00,GCASH,PAID,COMPLETED,TXN-GCA-56661611
ORD-20251107-00207-64B36,2025-11-07 12:45:00,ON_SITE,Joshua Garcia,Grilled Seafood Platter x1; Garlic Butter Prawns x1; Crispy Seafood Basket x2; Fresh Calamansi Juice Pitcher x1,5590.00,670.80,0.00,6260.80,SPLIT (Cash + GCash),PAID,COMPLETED,TXN-SPL-41174210
ORD-20251107-02416-55111,2025-11-07 16:30:25,ONLINE,Ana Reyes,Grilled Seafood Platter x1; Seafood Cajun Boil x1,3950.00,474.00,120.00,4544.00,SPLIT (Cash + GCash),PAID,COMPLETED,TXN-SPL-88114228
ORD-20251107-00199-A297F,2025-11-07 16:31:44,ONLINE,Ana Reyes,Crispy Seafood Basket x1; Grilled Seafood Platter x1,3080.00,369.60,100.00,3549.60,GCASH,PAID,COMPLETED,TXN-GCA-64044886
ORD-20251107-04410-8E0CC,2025-11-07 21:16:43,ON_SITE,Katrina Halili,Crispy Seafood Basket x1; Fresh Calamansi Juice Pitcher x1; Sweet & Chili Crab Bucket x1,3210.00,385.20,0.00,3595.20,GCASH,PAID,COMPLETED,TXN-GCA-77526723
ORD-20251108-01983-FA098,2025-11-08 11:00:01,ON_SITE,Marian Rivera,Grilled Seafood Platter x1,2100.00,252.00,0.00,2352.00,GCASH,PAID,COMPLETED,TXN-GCA-23320226
ORD-20251108-01903-F2220,2025-11-08 18:43:47,ON_SITE,Ramon Magsaysay Jr.,Seafood Bilao Feast x2,4800.00,576.00,0.00,5376.00,GCASH,PAID,COMPLETED,TXN-GCA-77943672
ORD-20251109-03112-DC18D,2025-11-09 11:40:47,ONLINE,Pedro Penduko,Classic Seafood Paella x2; Sweet & Chili Crab Bucket x1; Crispy Seafood Basket x1,6230.00,747.60,100.00,7077.60,MAYA,PAID,COMPLETED,TXN-MAY-88803949
ORD-20251109-04715-C572F,2025-11-09 21:04:37,ON_SITE,Dingdong Dantes,Fresh Calamansi Juice Pitcher x2; Grilled Seafood Platter x2,4760.00,571.20,0.00,5331.20,GCASH,PAID,COMPLETED,TXN-GCA-22344517
ORD-20251110-04857-A2642,2025-11-10 10:37:05,ON_SITE,Matteo Guidicelli,Classic Seafood Paella x1; Fresh Calamansi Juice Pitcher x1; Garlic Butter Prawns x1,3180.00,381.60,0.00,3561.60,MAYA,PAID,COMPLETED,TXN-MAY-50600918
ORD-20251110-02224-513B3,2025-11-10 12:34:30,ON_SITE,Dindo Dela Cruz,Sweet & Chili Crab Bucket x1; Seafood Cajun Boil x2; Seafood Bilao Feast x1,8050.00,966.00,0.00,9016.00,SPLIT (Cash + GCash),PAID,COMPLETED,TXN-SPL-15320527
ORD-20251110-00491-07A81,2025-11-10 12:59:11,ONLINE,Mark Bautista,Crispy Seafood Basket x1,980.00,117.60,60.00,1157.60,MAYA,PAID,COMPLETED,TXN-MAY-30486816
ORD-20251110-02568-E6B41,2025-11-10 18:58:58,ONLINE,Juan Tamad,Sweet & Chili Crab Bucket x1,1950.00,234.00,60.00,2244.00,MAYA,PAID,COMPLETED,TXN-MAY-70622778
ORD-20251111-04590-2B470,2025-11-11 10:20:42,ON_SITE,Giselle Hernandez,Sweet & Chili Crab Bucket x1; Classic Seafood Paella x1,3600.00,432.00,0.00,4032.00,GCASH,PAID,COMPLETED,TXN-GCA-74200891
ORD-20251111-01244-6F620,2025-11-11 11:15:05,ONLINE,Clara Dizon,Classic Seafood Paella x1,1650.00,198.00,100.00,1948.00,HYBRID (Cash + GCash),PAID,COMPLETED,TXN-HYB-85505180
ORD-20251111-02395-68928,2025-11-11 15:56:20,ON_SITE,Giselle Hernandez,Fresh Calamansi Juice Pitcher x1; Classic Seafood Paella x1; Garlic Butter Prawns x2; Crispy Seafood Basket x1,5410.00,649.20,0.00,6059.20,GCASH,REFUNDED,CANCELLED,N/A
ORD-20251111-04485-41FDA,2025-11-11 18:30:47,ON_SITE,Dingdong Dantes,Classic Seafood Paella x1; Crispy Seafood Basket x1,2630.00,315.60,0.00,2945.60,SPLIT (Cash + GCash),PAID,COMPLETED,TXN-SPL-71514682
ORD-20251111-04860-BFC5F,2025-11-11 18:47:03,ON_SITE,Marian Rivera,Classic Seafood Paella x3,4950.00,594.00,0.00,5544.00,GCASH,PAID,COMPLETED,TXN-GCA-78307896
ORD-20251112-01422-AC829,2025-11-12 12:56:19,ON_SITE,Lisa Manoban,Fresh Calamansi Juice Pitcher x2; Classic Seafood Paella x1,2210.00,265.20,0.00,2475.20,GCASH,PAID,COMPLETED,TXN-GCA-23820388
ORD-20251112-01065-A0923,2025-11-12 13:45:05,ON_SITE,Daniel Padilla,Seafood Bilao Feast x3; Classic Seafood Paella x1; Fresh Calamansi Juice Pitcher x2,9410.00,1129.20,0.00,10539.20,GCASH,PAID,COMPLETED,TXN-GCA-90021728
ORD-20251112-01572-85084,2025-11-12 16:35:16,ON_SITE,Alden Richards,Seafood Cajun Boil x1; Classic Seafood Paella x1,3500.00,420.00,0.00,3920.00,GCASH,PAID,COMPLETED,TXN-GCA-62668029
ORD-20251112-00292-8D305,2025-11-12 17:36:04,ON_SITE,Daniel Padilla,Classic Seafood Paella x1,1650.00,198.00,0.00,1848.00,GCASH,PAID,COMPLETED,TXN-GCA-52743415
ORD-20251112-03505-EACC3,2025-11-12 19:04:53,ONLINE,Lisa Manoban,Classic Seafood Paella x3; Garlic Butter Prawns x2,7450.00,894.00,120.00,8464.00,GCASH,PAID,COMPLETED,TXN-GCA-16874583
ORD-20251113-03826-BC7BA,2025-11-13 13:27:09,ONLINE,Mark Bautista,Fresh Calamansi Juice Pitcher x1; Grilled Seafood Platter x1,2380.00,285.60,60.00,2725.60,HYBRID (Cash + GCash),PAID,COMPLETED,TXN-HYB-57451121
ORD-20251113-00045-164DF,2025-11-13 16:47:17,ONLINE,Pedro Penduko,Grilled Seafood Platter x1,2100.00,252.00,100.00,2452.00,HYBRID (Cash + GCash),PAID,COMPLETED,TXN-HYB-73262051
ORD-20251113-03328-C3076,2025-11-13 18:22:59,ONLINE,Juan Tamad,Seafood Bilao Feast x1,2400.00,288.00,120.00,2808.00,CASH,PAID,COMPLETED,TXN-CAS-72646222
ORD-20251113-01023-54707,2025-11-13 19:48:20,ON_SITE,Ferdinand Marcos,Fresh Calamansi Juice Pitcher x2; Classic Seafood Paella x1; Crispy Seafood Basket x2; Seafood Bilao Feast x1,6570.00,788.40,0.00,7358.40,HYBRID (Cash + GCash),PAID,COMPLETED,TXN-HYB-81983026
ORD-20251113-02534-745E3,2025-11-13 20:15:21,ON_SITE,Alden Richards,Garlic Butter Prawns x1,1250.00,150.00,0.00,1400.00,CASH,PAID,COMPLETED,TXN-CAS-17798693
ORD-20251113-03019-F0E30,2025-11-13 21:00:19,ON_SITE,Marian Rivera,Seafood Bilao Feast x1; Fresh Calamansi Juice Pitcher x1; Classic Seafood Paella x1; Garlic Butter Prawns x1,5580.00,669.60,0.00,6249.60,HYBRID (Cash + GCash),PENDING,IN_PROCESS,N/A
ORD-20251113-01399-E1EC3,2025-11-13 21:13:26,ONLINE,Clara Dizon,Fresh Calamansi Juice Pitcher x2; Seafood Cajun Boil x1; Seafood Bilao Feast x1,4810.00,577.20,75.00,5462.20,GCASH,PAID,COMPLETED,TXN-GCA-52871881
ORD-20251114-03915-CA303,2025-11-14 10:19:56,ONLINE,Pedro Penduko,Seafood Bilao Feast x2,4800.00,576.00,85.00,5461.00,HYBRID (Cash + GCash),PENDING,IN_PROCESS,N/A
ORD-20251114-00068-6F51E,2025-11-14 10:25:29,ON_SITE,Ferdinand Marcos,Crispy Seafood Basket x1; Classic Seafood Paella x2,4280.00,513.60,0.00,4793.60,HYBRID (Cash + GCash),PAID,COMPLETED,TXN-HYB-66759928
ORD-20251114-03921-C0A43,2025-11-14 19:36:04,ON_SITE,Kathryn Bernardo,Garlic Butter Prawns x1; Seafood Bilao Feast x3; Grilled Seafood Platter x2,12650.00,1518.00,0.00,14168.00,CASH,PAID,COMPLETED,TXN-CAS-47898405
ORD-20251115-02722-E7233,2025-11-15 14:08:24,ONLINE,Juan Tamad,Garlic Butter Prawns x1; Grilled Seafood Platter x1,3350.00,402.00,50.00,3802.00,SPLIT (Cash + GCash),PAID,COMPLETED,TXN-SPL-59955457
ORD-20251115-04618-B36F8,2025-11-15 18:58:39,ONLINE,Mark Bautista,Seafood Cajun Boil x2,3700.00,444.00,50.00,4194.00,HYBRID (Cash + GCash),PAID,COMPLETED,TXN-HYB-53333008
ORD-20251115-04052-17589,2025-11-15 19:08:24,ON_SITE,Ana Reyes,Seafood Bilao Feast x2; Seafood Cajun Boil x1,6650.00,798.00,0.00,7448.00,CASH,PAID,COMPLETED,TXN-CAS-64736787
ORD-20251115-03717-E3FB3,2025-11-15 20:10:20,ONLINE,Ana Reyes,Seafood Bilao Feast x1; Grilled Seafood Platter x1; Sweet & Chili Crab Bucket x1,6450.00,774.00,120.00,7344.00,GCASH,PAID,COMPLETED,TXN-GCA-67272969
ORD-20251115-02997-A694D,2025-11-15 20:16:09,ONLINE,Juan Tamad,Classic Seafood Paella x1,1650.00,198.00,60.00,1908.00,CASH,PAID,IN_PROCESS,TXN-CAS-23859717
ORD-20251115-03482-4DA05,2025-11-15 20:49:37,ONLINE,Ana Reyes,Grilled Seafood Platter x1; Seafood Bilao Feast x2; Garlic Butter Prawns x2; Fresh Calamansi Juice Pitcher x1,9680.00,1161.60,60.00,10901.60,SPLIT (Cash + GCash),PAID,COMPLETED,TXN-SPL-39521584
ORD-20251117-04067-B6378,2025-11-17 10:11:09,ON_SITE,Matteo Guidicelli,Garlic Butter Prawns x1; Sweet & Chili Crab Bucket x1; Classic Seafood Paella x2,6500.00,780.00,0.00,7280.00,HYBRID (Cash + GCash),PAID,COMPLETED,TXN-HYB-95324409
ORD-20251117-02436-62639,2025-11-17 10:21:10,ON_SITE,Clara Dizon,Crispy Seafood Basket x1,980.00,117.60,0.00,1097.60,GCASH,PAID,COMPLETED,TXN-GCA-40708310
ORD-20251118-04026-92EC1,2025-11-18 12:17:17,ON_SITE,Alden Richards,Sweet & Chili Crab Bucket x1,1950.00,234.00,0.00,2184.00,GCASH,PAID,COMPLETED,TXN-GCA-42054569
ORD-20251118-00357-12E4C,2025-11-18 16:13:21,ONLINE,Lisa Manoban,Crispy Seafood Basket x1,980.00,117.60,60.00,1157.60,GCASH,PAID,COMPLETED,TXN-GCA-43344707
ORD-20251118-00112-70788,2025-11-18 16:42:12,ONLINE,Lisa Manoban,Garlic Butter Prawns x1; Fresh Calamansi Juice Pitcher x1,1530.00,183.60,50.00,1763.60,SPLIT (Cash + GCash),PAID,COMPLETED,TXN-SPL-67485952
ORD-20251118-04479-1EE36,2025-11-18 16:50:12,ONLINE,Lisa Manoban,Seafood Bilao Feast x2,4800.00,576.00,60.00,5436.00,GCASH,PAID,COMPLETED,TXN-GCA-14571410
ORD-20251118-02182-FBAEE,2025-11-18 17:55:43,ON_SITE,Dindo Dela Cruz,Garlic Butter Prawns x1,1250.00,150.00,0.00,1400.00,HYBRID (Cash + GCash),PAID,COMPLETED,TXN-HYB-53912160
ORD-20251118-03938-9419F,2025-11-18 20:58:14,ONLINE,Ana Reyes,Crispy Seafood Basket x2; Classic Seafood Paella x1,3610.00,433.20,50.00,4093.20,GCASH,PAID,COMPLETED,TXN-GCA-11066691
ORD-20251119-01170-6EB03,2025-11-19 11:39:09,ON_SITE,Ramon Magsaysay Jr.,Crispy Seafood Basket x1; Seafood Cajun Boil x1,2830.00,339.60,0.00,3169.60,CASH,PAID,COMPLETED,TXN-CAS-67743745
ORD-20251119-00247-4AEC1,2025-11-19 14:12:32,ON_SITE,Kathryn Bernardo,Seafood Cajun Boil x2; Fresh Calamansi Juice Pitcher x2; Crispy Seafood Basket x2,6220.00,746.40,0.00,6966.40,GCASH,PAID,COMPLETED,TXN-GCA-31705907
ORD-20251119-04056-EF5F1,2025-11-19 20:27:22,ONLINE,Mark Bautista,Classic Seafood Paella x1,1650.00,198.00,100.00,1948.00,MAYA,PAID,COMPLETED,TXN-MAY-82984915
ORD-20251120-04981-C8F6E,2025-11-20 11:33:02,ONLINE,Lisa Manoban,Sweet & Chili Crab Bucket x2; Seafood Bilao Feast x1,6300.00,756.00,120.00,7176.00,GCASH,PAID,COMPLETED,TXN-GCA-78805395
ORD-20251120-02026-F86F3,2025-11-20 14:26:10,ON_SITE,Maria Clara Santos,Sweet & Chili Crab Bucket x1; Seafood Bilao Feast x3,9150.00,1098.00,0.00,10248.00,CASH,PAID,COMPLETED,TXN-CAS-94392227
ORD-20251120-04188-0611F,2025-11-20 16:07:03,ON_SITE,Dingdong Dantes,Seafood Bilao Feast x2,4800.00,576.00,0.00,5376.00,GCASH,PAID,COMPLETED,TXN-GCA-79241780
ORD-20251120-04130-1BA34,2025-11-20 16:38:24,ON_SITE,Pedro Penduko,Classic Seafood Paella x1; Fresh Calamansi Juice Pitcher x1,1930.00,231.60,0.00,2161.60,CASH,PAID,COMPLETED,TXN-CAS-19198082
ORD-20251120-04852-6C078,2025-11-20 17:09:50,ON_SITE,Ana Reyes,Grilled Seafood Platter x1,2100.00,252.00,0.00,2352.00,CASH,PAID,COMPLETED,TXN-CAS-76219498
ORD-20251120-02617-F4F9C,2025-11-20 17:29:39,ON_SITE,Mark Bautista,Crispy Seafood Basket x2,1960.00,235.20,0.00,2195.20,CASH,PAID,COMPLETED,TXN-CAS-22353596
ORD-20251120-03132-7735A,2025-11-20 20:36:40,ON_SITE,Dindo Dela Cruz,Crispy Seafood Basket x2,1960.00,235.20,0.00,2195.20,MAYA,PAID,COMPLETED,TXN-MAY-15189362
ORD-20251121-01409-5EF62,2025-11-21 13:27:20,ONLINE,Juan Tamad,Classic Seafood Paella x1,1650.00,198.00,60.00,1908.00,GCASH,PAID,COMPLETED,TXN-GCA-46135818
ORD-20251121-02109-9DE8A,2025-11-21 15:52:57,ON_SITE,Bea Alonzo,Seafood Cajun Boil x1; Sweet & Chili Crab Bucket x2,5750.00,690.00,0.00,6440.00,CASH,PAID,COMPLETED,TXN-CAS-95728348
ORD-20251121-00864-FFDD4,2025-11-21 15:59:12,ON_SITE,Lisa Manoban,Grilled Seafood Platter x1,2100.00,252.00,0.00,2352.00,MAYA,REFUNDED,CANCELLED,N/A
ORD-20251121-01823-B5AEF,2025-11-21 17:48:49,ONLINE,Ana Reyes,Fresh Calamansi Juice Pitcher x1,280.00,33.60,50.00,363.60,COD,PAID,COMPLETED,TXN-COD-55528450
ORD-20251121-02229-807B1,2025-11-21 19:38:30,ON_SITE,Giselle Hernandez,Sweet & Chili Crab Bucket x1; Fresh Calamansi Juice Pitcher x1,2230.00,267.60,0.00,2497.60,GCASH,PAID,COMPLETED,TXN-GCA-91054426
ORD-20251121-03435-96846,2025-11-21 20:13:15,ON_SITE,Lisa Manoban,Fresh Calamansi Juice Pitcher x1; Seafood Cajun Boil x1,2130.00,255.60,0.00,2385.60,CASH,PAID,COMPLETED,TXN-CAS-68949749
ORD-20251121-03345-8E335,2025-11-21 20:54:15,ONLINE,Pedro Penduko,Seafood Bilao Feast x1; Garlic Butter Prawns x1; Seafood Cajun Boil x1,5500.00,660.00,100.00,6260.00,SPLIT (Cash + GCash),PAID,COMPLETED,TXN-SPL-34125739
ORD-20251121-00814-92C0A,2025-11-21 20:56:22,ONLINE,Pedro Penduko,Seafood Cajun Boil x1,1850.00,222.00,120.00,2192.00,GCASH,PAID,COMPLETED,TXN-GCA-55943585
ORD-20251121-01637-AE450,2025-11-21 20:57:57,ON_SITE,Alden Richards,Classic Seafood Paella x1; Grilled Seafood Platter x1,3750.00,450.00,0.00,4200.00,CASH,PAID,COMPLETED,TXN-CAS-38943733
ORD-20251122-01414-3E805,2025-11-22 10:32:03,ONLINE,Pedro Penduko,Crispy Seafood Basket x1,980.00,117.60,50.00,1147.60,HYBRID (Cash + GCash),PAID,COMPLETED,TXN-HYB-11994919
ORD-20251122-02933-E4DF9,2025-11-22 10:49:19,ON_SITE,Clara Dizon,Sweet & Chili Crab Bucket x1,1950.00,234.00,0.00,2184.00,CASH,PAID,COMPLETED,TXN-CAS-25463251
ORD-20251122-03307-4187B,2025-11-22 12:46:03,ON_SITE,Matteo Guidicelli,Garlic Butter Prawns x1; Sweet & Chili Crab Bucket x1,3200.00,384.00,0.00,3584.00,CASH,PAID,COMPLETED,TXN-CAS-43425354
ORD-20251122-03025-2C707,2025-11-22 19:27:52,ONLINE,Pedro Penduko,Sweet & Chili Crab Bucket x1; Seafood Bilao Feast x1,4350.00,522.00,60.00,4932.00,GCASH,PAID,COMPLETED,TXN-GCA-18533629
ORD-20251123-02898-E74B3,2025-11-23 11:44:07,ON_SITE,Clara Dizon,Classic Seafood Paella x1,1650.00,198.00,0.00,1848.00,CASH,PAID,COMPLETED,TXN-CAS-43786333
ORD-20251123-01621-D7473,2025-11-23 18:54:13,ONLINE,Juan Tamad,Crispy Seafood Basket x1,980.00,117.60,85.00,1182.60,GCASH,PAID,COMPLETED,TXN-GCA-91173509
ORD-20251124-00121-E9D13,2025-11-24 10:30:28,ONLINE,Mark Bautista,Garlic Butter Prawns x1; Sweet & Chili Crab Bucket x1,3200.00,384.00,75.00,3659.00,GCASH,PAID,COMPLETED,TXN-GCA-31291506
ORD-20251124-00674-3192F,2025-11-24 11:09:22,ONLINE,Mark Bautista,Crispy Seafood Basket x2,1960.00,235.20,120.00,2315.20,GCASH,PAID,COMPLETED,TXN-GCA-15172195
ORD-20251124-02087-6D431,2025-11-24 12:00:44,ON_SITE,Clara Dizon,Classic Seafood Paella x1; Fresh Calamansi Juice Pitcher x1,1930.00,231.60,0.00,2161.60,HYBRID (Cash + GCash),PAID,IN_PROCESS,TXN-HYB-43288626
ORD-20251126-01371-4116C,2025-11-26 10:00:13,ONLINE,Juan Tamad,Classic Seafood Paella x2,3300.00,396.00,120.00,3816.00,HYBRID (Cash + GCash),PAID,COMPLETED,TXN-HYB-84924612
ORD-20251126-02535-150D3,2025-11-26 12:47:25,ON_SITE,Daniel Padilla,Seafood Bilao Feast x2; Crispy Seafood Basket x1; Seafood Cajun Boil x1,7630.00,915.60,0.00,8545.60,GCASH,PAID,COMPLETED,TXN-GCA-55204228
ORD-20251126-02782-E03B1,2025-11-26 17:20:53,ON_SITE,Joshua Garcia,Seafood Bilao Feast x1,2400.00,288.00,0.00,2688.00,GCASH,PAID,COMPLETED,TXN-GCA-22596388
ORD-20251127-02390-B3A2D,2025-11-27 10:21:25,ONLINE,Mark Bautista,Sweet & Chili Crab Bucket x1,1950.00,234.00,85.00,2269.00,SPLIT (Cash + GCash),PAID,COMPLETED,TXN-SPL-43755595
ORD-20251127-04413-D4CB9,2025-11-27 13:57:42,ONLINE,Juan Tamad,Crispy Seafood Basket x1; Fresh Calamansi Juice Pitcher x1,1260.00,151.20,75.00,1486.20,GCASH,PAID,COMPLETED,TXN-GCA-83197602
ORD-20251127-02125-0910E,2025-11-27 17:57:25,ON_SITE,Pedro Penduko,Classic Seafood Paella x1; Seafood Cajun Boil x1; Garlic Butter Prawns x1,4750.00,570.00,0.00,5320.00,CASH,PAID,COMPLETED,TXN-CAS-33177090
ORD-20251127-04226-BE719,2025-11-27 18:56:16,ONLINE,Clara Dizon,Seafood Bilao Feast x1; Crispy Seafood Basket x1,3380.00,405.60,60.00,3845.60,HYBRID (Cash + GCash),PAID,COMPLETED,TXN-HYB-32707085
ORD-20251127-03653-FCE4B,2025-11-27 19:16:14,ON_SITE,Katrina Halili,Seafood Bilao Feast x1; Seafood Cajun Boil x2,6100.00,732.00,0.00,6832.00,MAYA,PAID,COMPLETED,TXN-MAY-99071438
ORD-20251127-04652-C81FD,2025-11-27 20:19:20,ON_SITE,Lisa Manoban,Crispy Seafood Basket x1,980.00,117.60,0.00,1097.60,SPLIT (Cash + GCash),PAID,COMPLETED,TXN-SPL-94993554
ORD-20251127-00849-14DA1,2025-11-27 21:15:02,ON_SITE,Ramon Magsaysay Jr.,Grilled Seafood Platter x1,2100.00,252.00,0.00,2352.00,CASH,PAID,COMPLETED,TXN-CAS-45800381
ORD-20251128-04160-1A543,2025-11-28 10:25:55,ONLINE,Clara Dizon,Crispy Seafood Basket x1,980.00,117.60,85.00,1182.60,GCASH,PAID,COMPLETED,TXN-GCA-39921055
ORD-20251128-00841-3F166,2025-11-28 15:32:07,ON_SITE,Bea Alonzo,Seafood Cajun Boil x1,1850.00,222.00,0.00,2072.00,GCASH,PAID,COMPLETED,TXN-GCA-65800479
ORD-20251128-04005-FDB41,2025-11-28 16:21:54,ON_SITE,Juan Tamad,Crispy Seafood Basket x1; Sweet & Chili Crab Bucket x3; Garlic Butter Prawns x2,9330.00,1119.60,0.00,10449.60,HYBRID (Cash + GCash),PAID,COMPLETED,TXN-HYB-85692220
ORD-20251128-04709-293B3,2025-11-28 17:04:06,ON_SITE,Pedro Penduko,Sweet & Chili Crab Bucket x1,1950.00,234.00,0.00,2184.00,CASH,PAID,COMPLETED,TXN-CAS-64920421
ORD-20251128-03407-6FBA3,2025-11-28 18:26:11,ON_SITE,Katrina Halili,Seafood Bilao Feast x1; Fresh Calamansi Juice Pitcher x1,2680.00,321.60,0.00,3001.60,SPLIT (Cash + GCash),PAID,COMPLETED,TXN-SPL-54723279
ORD-20251128-03968-9E0FF,2025-11-28 20:43:33,ONLINE,Lisa Manoban,Fresh Calamansi Juice Pitcher x1,280.00,33.60,60.00,373.60,COD,PAID,COMPLETED,TXN-COD-81979691
ORD-20251129-02559-00AE5,2025-11-29 12:17:32,ON_SITE,Clara Dizon,Fresh Calamansi Juice Pitcher x1,280.00,33.60,0.00,313.60,CASH,PAID,COMPLETED,TXN-CAS-15607033
ORD-20251129-02093-05DE2,2025-11-29 12:49:04,ONLINE,Lisa Manoban,Sweet & Chili Crab Bucket x1; Seafood Cajun Boil x1; Crispy Seafood Basket x1; Classic Seafood Paella x1,6430.00,771.60,50.00,7251.60,MAYA,PAID,COMPLETED,TXN-MAY-73079222
ORD-20251129-04319-A7551,2025-11-29 15:25:33,ON_SITE,Juan Tamad,Seafood Bilao Feast x1,2400.00,288.00,0.00,2688.00,CASH,PAID,COMPLETED,TXN-CAS-56472902
ORD-20251129-04480-46B15,2025-11-29 16:08:39,ONLINE,Mark Bautista,Crispy Seafood Basket x1,980.00,117.60,120.00,1217.60,GCASH,PENDING,CANCELLED,N/A
ORD-20251130-02638-41790,2025-11-30 12:53:25,ON_SITE,Joshua Garcia,Garlic Butter Prawns x1; Grilled Seafood Platter x1; Fresh Calamansi Juice Pitcher x1; Crispy Seafood Basket x1,4610.00,553.20,0.00,5163.20,GCASH,PAID,COMPLETED,TXN-GCA-61498557
ORD-20251130-03743-2B9F8,2025-11-30 19:19:03,ON_SITE,Lisa Manoban,Fresh Calamansi Juice Pitcher x1; Crispy Seafood Basket x1,1260.00,151.20,0.00,1411.20,CASH,PAID,COMPLETED,TXN-CAS-10687755
ORD-20251130-02039-80239,2025-11-30 19:22:00,ON_SITE,Maria Clara Santos,Seafood Bilao Feast x1,2400.00,288.00,0.00,2688.00,GCASH,PAID,COMPLETED,TXN-GCA-58704365
ORD-20251130-03502-7AA0A,2025-11-30 19:22:03,ONLINE,Pedro Penduko,Fresh Calamansi Juice Pitcher x1; Classic Seafood Paella x1,1930.00,231.60,75.00,2236.60,COD,PAID,COMPLETED,TXN-COD-53848087
ORD-20251130-04947-ECC52,2025-11-30 20:36:57,ONLINE,Juan Tamad,Crispy Seafood Basket x1,980.00,117.60,100.00,1197.60,MAYA,PAID,COMPLETED,TXN-MAY-49225318
ORD-20251201-03894-85EA8,2025-12-01 10:36:20,ONLINE,Lisa Manoban,Fresh Calamansi Juice Pitcher x1; Classic Seafood Paella x2,3580.00,429.60,85.00,4094.60,SPLIT (Cash + GCash),PENDING,IN_PROCESS,N/A
ORD-20251201-02174-1DF34,2025-12-01 10:50:30,ON_SITE,Giselle Hernandez,Seafood Bilao Feast x1; Crispy Seafood Basket x1,3380.00,405.60,0.00,3785.60,CASH,PAID,COMPLETED,TXN-CAS-10691778
ORD-20251201-03935-A20B8,2025-12-01 15:48:01,ON_SITE,Kathryn Bernardo,Seafood Cajun Boil x1; Crispy Seafood Basket x1,2830.00,339.60,0.00,3169.60,MAYA,PAID,COMPLETED,TXN-MAY-13650767
ORD-20251201-01960-9A6DD,2025-12-01 15:50:35,ONLINE,Juan Tamad,Grilled Seafood Platter x1,2100.00,252.00,60.00,2412.00,HYBRID (Cash + GCash),PAID,COMPLETED,TXN-HYB-70972750
ORD-20251201-03510-1824A,2025-12-01 21:06:39,ONLINE,Mark Bautista,Grilled Seafood Platter x2,4200.00,504.00,75.00,4779.00,HYBRID (Cash + GCash),PAID,COMPLETED,TXN-HYB-26886648
ORD-20251202-00086-848D9,2025-12-02 10:35:16,ONLINE,Juan Tamad,Fresh Calamansi Juice Pitcher x1; Garlic Butter Prawns x1,1530.00,183.60,100.00,1813.60,MAYA,FAILED,CANCELLED,N/A
ORD-20251202-01815-7974B,2025-12-02 12:00:20,ONLINE,Mark Bautista,Seafood Bilao Feast x1; Crispy Seafood Basket x2; Seafood Cajun Boil x1; Grilled Seafood Platter x1,8310.00,997.20,60.00,9367.20,HYBRID (Cash + GCash),PAID,IN_PROCESS,TXN-HYB-80789765
ORD-20251202-00487-59127,2025-12-02 14:02:17,ONLINE,Lisa Manoban,Grilled Seafood Platter x1; Sweet & Chili Crab Bucket x2,6000.00,720.00,85.00,6805.00,COD,PAID,COMPLETED,TXN-COD-62171492
ORD-20251202-04527-52635,2025-12-02 17:17:32,ON_SITE,Mark Bautista,Sweet & Chili Crab Bucket x1; Classic Seafood Paella x2,5250.00,630.00,0.00,5880.00,HYBRID (Cash + GCash),REFUNDED,CANCELLED,N/A
ORD-20251202-04767-3BA18,2025-12-02 17:49:08,ON_SITE,Lisa Manoban,Sweet & Chili Crab Bucket x1; Fresh Calamansi Juice Pitcher x1; Classic Seafood Paella x2,5530.00,663.60,0.00,6193.60,CASH,PENDING,CANCELLED,N/A
ORD-20251202-00946-71A23,2025-12-02 20:35:07,ON_SITE,Clara Dizon,Grilled Seafood Platter x1,2100.00,252.00,0.00,2352.00,CASH,PAID,COMPLETED,TXN-CAS-18290573
ORD-20251203-02588-2ACF1,2025-12-03 14:39:51,ONLINE,Pedro Penduko,Crispy Seafood Basket x1; Grilled Seafood Platter x1,3080.00,369.60,60.00,3509.60,GCASH,PAID,COMPLETED,TXN-GCA-59102607
ORD-20251203-04295-0B98F,2025-12-03 17:56:27,ON_SITE,Ana Reyes,Classic Seafood Paella x1,1650.00,198.00,0.00,1848.00,GCASH,PAID,COMPLETED,TXN-GCA-86598999
ORD-20251203-01876-5CD48,2025-12-03 18:58:57,ONLINE,Ana Reyes,Sweet & Chili Crab Bucket x1,1950.00,234.00,75.00,2259.00,GCASH,PAID,COMPLETED,TXN-GCA-28577654
ORD-20251204-02968-CE46E,2025-12-04 14:45:27,ONLINE,Ana Reyes,Garlic Butter Prawns x1; Grilled Seafood Platter x1,3350.00,402.00,60.00,3812.00,MAYA,PAID,COMPLETED,TXN-MAY-37150299
ORD-20251204-00681-A8491,2025-12-04 14:53:41,ON_SITE,Ana Reyes,Seafood Bilao Feast x1; Garlic Butter Prawns x1,3650.00,438.00,0.00,4088.00,CASH,PAID,COMPLETED,TXN-CAS-94866051
ORD-20251204-01920-A441C,2025-12-04 15:28:30,ONLINE,Pedro Penduko,Crispy Seafood Basket x1; Garlic Butter Prawns x1; Classic Seafood Paella x1,3880.00,465.60,120.00,4465.60,COD,PAID,COMPLETED,TXN-COD-19201300
ORD-20251204-03882-9BD11,2025-12-04 16:25:55,ON_SITE,Daniel Padilla,Fresh Calamansi Juice Pitcher x3; Crispy Seafood Basket x1; Classic Seafood Paella x2,5120.00,614.40,0.00,5734.40,GCASH,PAID,COMPLETED,TXN-GCA-49373404
ORD-20251204-04753-15866,2025-12-04 16:49:31,ONLINE,Juan Tamad,Seafood Bilao Feast x1,2400.00,288.00,85.00,2773.00,GCASH,PAID,COMPLETED,TXN-GCA-74534167
ORD-20251204-03931-6E99A,2025-12-04 18:10:22,ONLINE,Lisa Manoban,Seafood Cajun Boil x2,3700.00,444.00,60.00,4204.00,COD,PENDING,IN_PROCESS,N/A
ORD-20251205-02033-7F571,2025-12-05 11:17:41,ON_SITE,Katrina Halili,Seafood Bilao Feast x1,2400.00,288.00,0.00,2688.00,GCASH,PAID,COMPLETED,TXN-GCA-48756075
ORD-20251205-04280-C1B15,2025-12-05 12:36:13,ONLINE,Lisa Manoban,Grilled Seafood Platter x1; Fresh Calamansi Juice Pitcher x1,2380.00,285.60,60.00,2725.60,GCASH,PAID,COMPLETED,TXN-GCA-14525243
ORD-20251205-01926-C4EF0,2025-12-05 13:06:14,ONLINE,Lisa Manoban,Garlic Butter Prawns x2; Sweet & Chili Crab Bucket x1,4450.00,534.00,85.00,5069.00,CASH,PAID,COMPLETED,TXN-CAS-35519077
ORD-20251205-03078-EAD78,2025-12-05 14:43:57,ONLINE,Clara Dizon,Crispy Seafood Basket x2,1960.00,235.20,85.00,2280.20,HYBRID (Cash + GCash),PAID,COMPLETED,TXN-HYB-19799471
ORD-20251205-02058-C9A10,2025-12-05 15:10:22,ONLINE,Pedro Penduko,Seafood Bilao Feast x1,2400.00,288.00,100.00,2788.00,GCASH,PAID,COMPLETED,TXN-GCA-77507277
ORD-20251205-00751-86647,2025-12-05 16:31:08,ONLINE,Mark Bautista,Seafood Cajun Boil x1,1850.00,222.00,85.00,2157.00,HYBRID (Cash + GCash),PAID,COMPLETED,TXN-HYB-77257979
ORD-20251206-03558-A805C,2025-12-06 11:53:00,ON_SITE,Lisa Manoban,Seafood Bilao Feast x1; Grilled Seafood Platter x1,4500.00,540.00,0.00,5040.00,CASH,PAID,COMPLETED,TXN-CAS-97616646
ORD-20251206-04858-75ED5,2025-12-06 12:41:36,ONLINE,Clara Dizon,Grilled Seafood Platter x1; Sweet & Chili Crab Bucket x2,6000.00,720.00,75.00,6795.00,GCASH,PAID,COMPLETED,TXN-GCA-75471051
ORD-20251206-04436-969C0,2025-12-06 19:02:42,ON_SITE,Ramon Magsaysay Jr.,Grilled Seafood Platter x1; Seafood Bilao Feast x2,6900.00,828.00,0.00,7728.00,GCASH,PAID,COMPLETED,TXN-GCA-99718033
ORD-20251207-02885-9AAF7,2025-12-07 18:08:24,ONLINE,Clara Dizon,Grilled Seafood Platter x1,2100.00,252.00,50.00,2402.00,GCASH,PAID,COMPLETED,TXN-GCA-15802217
ORD-20251207-03151-1DE44,2025-12-07 21:19:40,ONLINE,Ana Reyes,Seafood Cajun Boil x1,1850.00,222.00,60.00,2132.00,GCASH,FAILED,CANCELLED,N/A
ORD-20251208-04787-04169,2025-12-08 10:43:15,ON_SITE,Carlos Mendoza,Seafood Bilao Feast x1; Crispy Seafood Basket x2,4360.00,523.20,0.00,4883.20,HYBRID (Cash + GCash),PAID,COMPLETED,TXN-HYB-31578987
ORD-20251208-02287-B4D35,2025-12-08 11:25:43,ON_SITE,Mark Bautista,Seafood Cajun Boil x2,3700.00,444.00,0.00,4144.00,GCASH,PAID,COMPLETED,TXN-GCA-93120472
ORD-20251208-02055-571C8,2025-12-08 13:54:48,ONLINE,Ana Reyes,Sweet & Chili Crab Bucket x1; Garlic Butter Prawns x2,4450.00,534.00,60.00,5044.00,GCASH,PAID,COMPLETED,TXN-GCA-89141606
ORD-20251208-02031-A3092,2025-12-08 21:15:48,ON_SITE,Kathryn Bernardo,Seafood Cajun Boil x1; Sweet & Chili Crab Bucket x2; Classic Seafood Paella x1,7400.00,888.00,0.00,8288.00,CASH,PAID,COMPLETED,TXN-CAS-91621884
ORD-20251208-02223-0F905,2025-12-08 21:56:37,ONLINE,Juan Tamad,Classic Seafood Paella x2,3300.00,396.00,85.00,3781.00,GCASH,PAID,COMPLETED,TXN-GCA-26857444
ORD-20251209-01435-9690C,2025-12-09 11:26:55,ONLINE,Mark Bautista,Sweet & Chili Crab Bucket x3; Crispy Seafood Basket x2,7810.00,937.20,120.00,8867.20,CASH,PAID,COMPLETED,TXN-CAS-58307747
ORD-20251209-01234-3A5C5,2025-12-09 13:04:47,ON_SITE,Dindo Dela Cruz,Sweet & Chili Crab Bucket x1,1950.00,234.00,0.00,2184.00,GCASH,PAID,COMPLETED,TXN-GCA-79049271
ORD-20251209-00607-D012E,2025-12-09 20:15:58,ON_SITE,Marian Rivera,Grilled Seafood Platter x1; Classic Seafood Paella x1,3750.00,450.00,0.00,4200.00,CASH,PAID,COMPLETED,TXN-CAS-44841805
ORD-20251210-01547-24D4A,2025-12-10 10:06:34,ONLINE,Lisa Manoban,Seafood Cajun Boil x1,1850.00,222.00,50.00,2122.00,GCASH,PAID,COMPLETED,TXN-GCA-87008988
ORD-20251210-03704-32471,2025-12-10 14:31:24,ON_SITE,Pedro Penduko,Crispy Seafood Basket x1; Fresh Calamansi Juice Pitcher x1; Grilled Seafood Platter x1; Garlic Butter Prawns x1,4610.00,553.20,0.00,5163.20,SPLIT (Cash + GCash),PAID,COMPLETED,TXN-SPL-77545355
ORD-20251210-00544-5F096,2025-12-10 15:25:25,ONLINE,Mark Bautista,Garlic Butter Prawns x1; Classic Seafood Paella x1,2900.00,348.00,60.00,3308.00,GCASH,PAID,COMPLETED,TXN-GCA-36725569
ORD-20251210-01774-B3929,2025-12-10 16:39:54,ON_SITE,Alden Richards,Crispy Seafood Basket x1,980.00,117.60,0.00,1097.60,HYBRID (Cash + GCash),PAID,COMPLETED,TXN-HYB-45221960
ORD-20251210-03905-DFC45,2025-12-10 18:02:47,ONLINE,Ana Reyes,Sweet & Chili Crab Bucket x3; Classic Seafood Paella x2,9150.00,1098.00,85.00,10333.00,COD,PAID,COMPLETED,TXN-COD-76524887
ORD-20251210-03484-78401,2025-12-10 18:59:15,ONLINE,Ana Reyes,Fresh Calamansi Juice Pitcher x1,280.00,33.60,100.00,413.60,GCASH,PAID,COMPLETED,TXN-GCA-60859791
ORD-20251210-03098-2B43C,2025-12-10 19:38:32,ON_SITE,Ferdinand Marcos,Seafood Bilao Feast x2; Classic Seafood Paella x1; Grilled Seafood Platter x1,8550.00,1026.00,0.00,9576.00,CASH,PAID,COMPLETED,TXN-CAS-34126309
ORD-20251210-04550-77381,2025-12-10 20:17:41,ON_SITE,Juan Tamad,Classic Seafood Paella x1; Garlic Butter Prawns x1,2900.00,348.00,0.00,3248.00,GCASH,PAID,COMPLETED,TXN-GCA-62110274
ORD-20251211-04298-13459,2025-12-11 19:46:03,ON_SITE,Maria Clara Santos,Garlic Butter Prawns x2,2500.00,300.00,0.00,2800.00,CASH,PAID,COMPLETED,TXN-CAS-76998670
ORD-20251211-01623-8989D,2025-12-11 21:45:34,ON_SITE,Dingdong Dantes,Crispy Seafood Basket x2; Garlic Butter Prawns x1,3210.00,385.20,0.00,3595.20,HYBRID (Cash + GCash),PAID,COMPLETED,TXN-HYB-47992448
ORD-20251211-04826-A25C7,2025-12-11 21:56:10,ONLINE,Mark Bautista,Grilled Seafood Platter x2,4200.00,504.00,75.00,4779.00,GCASH,PAID,COMPLETED,TXN-GCA-66883254
ORD-20251212-02203-B71A0,2025-12-12 11:33:39,ONLINE,Juan Tamad,Fresh Calamansi Juice Pitcher x1; Sweet & Chili Crab Bucket x1; Seafood Cajun Boil x1,4080.00,489.60,100.00,4669.60,MAYA,PAID,COMPLETED,TXN-MAY-44191890
ORD-20251212-00908-B728B,2025-12-12 15:29:36,ONLINE,Clara Dizon,Garlic Butter Prawns x1; Crispy Seafood Basket x1,2230.00,267.60,50.00,2547.60,GCASH,PAID,COMPLETED,TXN-GCA-76904287
ORD-20251212-00619-C6D4F,2025-12-12 18:08:48,ON_SITE,Lisa Manoban,Seafood Cajun Boil x1; Seafood Bilao Feast x1,4250.00,510.00,0.00,4760.00,HYBRID (Cash + GCash),PAID,COMPLETED,TXN-HYB-61482247
ORD-20251213-02599-6CD0B,2025-12-13 14:14:22,ON_SITE,Pedro Penduko,Fresh Calamansi Juice Pitcher x1,280.00,33.60,0.00,313.60,CASH,PAID,COMPLETED,TXN-CAS-43707326
ORD-20251213-03884-21A55,2025-12-13 15:34:23,ONLINE,Mark Bautista,Classic Seafood Paella x2; Crispy Seafood Basket x1,4280.00,513.60,120.00,4913.60,GCASH,PAID,COMPLETED,TXN-GCA-71771804
ORD-20251213-03839-4BE6D,2025-12-13 21:33:33,ONLINE,Ana Reyes,Classic Seafood Paella x2; Fresh Calamansi Juice Pitcher x2,3860.00,463.20,85.00,4408.20,HYBRID (Cash + GCash),PAID,COMPLETED,TXN-HYB-60730586
ORD-20251214-03867-E3D32,2025-12-14 16:59:31,ON_SITE,Giselle Hernandez,Seafood Cajun Boil x1; Sweet & Chili Crab Bucket x1,3800.00,456.00,0.00,4256.00,GCASH,PAID,COMPLETED,TXN-GCA-65121474
ORD-20251214-00978-F5ED7,2025-12-14 18:01:18,ON_SITE,Alden Richards,Seafood Bilao Feast x1; Garlic Butter Prawns x2,4900.00,588.00,0.00,5488.00,GCASH,PAID,COMPLETED,TXN-GCA-22690424
ORD-20251214-04971-D5512,2025-12-14 19:10:58,ONLINE,Mark Bautista,Classic Seafood Paella x1,1650.00,198.00,85.00,1933.00,CASH,PAID,COMPLETED,TXN-CAS-46068684
ORD-20251214-02973-48CF8,2025-12-14 19:43:03,ON_SITE,Juan Tamad,Crispy Seafood Basket x1,980.00,117.60,0.00,1097.60,HYBRID (Cash + GCash),PAID,COMPLETED,TXN-HYB-61813239
ORD-20251214-02289-9E42C,2025-12-14 21:46:19,ONLINE,Ana Reyes,Crispy Seafood Basket x1,980.00,117.60,60.00,1157.60,SPLIT (Cash + GCash),PENDING,CANCELLED,N/A
ORD-20251215-03010-599ED,2025-12-15 13:09:11,ON_SITE,Daniel Padilla,Seafood Bilao Feast x1,2400.00,288.00,0.00,2688.00,CASH,PAID,COMPLETED,TXN-CAS-88746638
ORD-20251215-03150-9DB3B,2025-12-15 13:56:45,ONLINE,Juan Tamad,Grilled Seafood Platter x1; Crispy Seafood Basket x1; Classic Seafood Paella x1; Seafood Bilao Feast x2,9530.00,1143.60,50.00,10723.60,GCASH,PAID,COMPLETED,TXN-GCA-13412216
ORD-20251215-00111-D0720,2025-12-15 14:02:25,ONLINE,Mark Bautista,Classic Seafood Paella x1; Sweet & Chili Crab Bucket x1,3600.00,432.00,120.00,4152.00,GCASH,PAID,COMPLETED,TXN-GCA-60138130
ORD-20251215-02593-268A2,2025-12-15 15:12:28,ON_SITE,Mark Bautista,Seafood Cajun Boil x1; Crispy Seafood Basket x2; Garlic Butter Prawns x3,7560.00,907.20,0.00,8467.20,MAYA,PAID,COMPLETED,TXN-MAY-43954575
ORD-20251215-04230-04F46,2025-12-15 16:17:35,ONLINE,Juan Tamad,Garlic Butter Prawns x3; Seafood Cajun Boil x1,5600.00,672.00,60.00,6332.00,GCASH,PAID,COMPLETED,TXN-GCA-57087805
ORD-20251216-01050-219BC,2025-12-16 10:01:43,ON_SITE,Dindo Dela Cruz,Seafood Cajun Boil x2,3700.00,444.00,0.00,4144.00,CASH,PAID,COMPLETED,TXN-CAS-29984937
ORD-20251216-02111-9678C,2025-12-16 13:16:18,ON_SITE,Matteo Guidicelli,Classic Seafood Paella x1; Sweet & Chili Crab Bucket x1; Seafood Cajun Boil x1,5450.00,654.00,0.00,6104.00,MAYA,PAID,COMPLETED,TXN-MAY-45421796
ORD-20251216-04040-66A1E,2025-12-16 13:16:55,ONLINE,Pedro Penduko,Garlic Butter Prawns x1,1250.00,150.00,120.00,1520.00,GCASH,PAID,COMPLETED,TXN-GCA-12129668
ORD-20251216-03242-75A23,2025-12-16 13:36:41,ONLINE,Juan Tamad,Classic Seafood Paella x1,1650.00,198.00,75.00,1923.00,MAYA,PAID,COMPLETED,TXN-MAY-10875508
ORD-20251216-02665-93003,2025-12-16 17:21:06,ON_SITE,Mark Bautista,Classic Seafood Paella x1,1650.00,198.00,0.00,1848.00,CASH,PAID,COMPLETED,TXN-CAS-50391391
ORD-20251216-01517-78405,2025-12-16 18:09:52,ONLINE,Lisa Manoban,Grilled Seafood Platter x3,6300.00,756.00,85.00,7141.00,GCASH,PAID,COMPLETED,TXN-GCA-66144267
ORD-20251216-04098-77CF9,2025-12-16 18:39:51,ONLINE,Lisa Manoban,Classic Seafood Paella x1; Garlic Butter Prawns x1,2900.00,348.00,120.00,3368.00,GCASH,PAID,COMPLETED,TXN-GCA-21205588
ORD-20251217-04124-BEAF8,2025-12-17 17:18:07,ONLINE,Mark Bautista,Fresh Calamansi Juice Pitcher x3,840.00,100.80,85.00,1025.80,GCASH,PAID,COMPLETED,TXN-GCA-22090135
ORD-20251217-01475-FF802,2025-12-17 19:57:34,ONLINE,Ana Reyes,Crispy Seafood Basket x1,980.00,117.60,120.00,1217.60,GCASH,PAID,COMPLETED,TXN-GCA-62686338
ORD-20251218-01203-B8436,2025-12-18 10:40:24,ON_SITE,Lisa Manoban,Grilled Seafood Platter x1; Seafood Cajun Boil x1; Sweet & Chili Crab Bucket x2,7850.00,942.00,0.00,8792.00,CASH,PAID,COMPLETED,TXN-CAS-76928748
ORD-20251218-02230-83F22,2025-12-18 13:05:04,ON_SITE,Juan Tamad,Sweet & Chili Crab Bucket x1,1950.00,234.00,0.00,2184.00,HYBRID (Cash + GCash),PAID,COMPLETED,TXN-HYB-64657797
ORD-20251218-03526-60153,2025-12-18 14:09:45,ONLINE,Pedro Penduko,Garlic Butter Prawns x1; Grilled Seafood Platter x1,3350.00,402.00,85.00,3837.00,HYBRID (Cash + GCash),PAID,COMPLETED,TXN-HYB-18330097
ORD-20251218-04139-2B506,2025-12-18 16:25:44,ON_SITE,Clara Dizon,Seafood Bilao Feast x1,2400.00,288.00,0.00,2688.00,CASH,PAID,COMPLETED,TXN-CAS-89551905
ORD-20251218-02134-21885,2025-12-18 17:17:58,ON_SITE,Mark Bautista,Seafood Bilao Feast x1; Seafood Cajun Boil x1,4250.00,510.00,0.00,4760.00,HYBRID (Cash + GCash),PAID,COMPLETED,TXN-HYB-82437117
ORD-20251218-03153-6188C,2025-12-18 18:03:21,ON_SITE,Pedro Penduko,Fresh Calamansi Juice Pitcher x1; Grilled Seafood Platter x2; Classic Seafood Paella x1,6130.00,735.60,0.00,6865.60,GCASH,PAID,COMPLETED,TXN-GCA-98573284
ORD-20251219-03818-B0008,2025-12-19 13:32:40,ONLINE,Lisa Manoban,Classic Seafood Paella x1,1650.00,198.00,60.00,1908.00,GCASH,PAID,COMPLETED,TXN-GCA-39266147
ORD-20251219-00464-0546B,2025-12-19 18:43:45,ON_SITE,Maria Clara Santos,Seafood Cajun Boil x1; Garlic Butter Prawns x1; Grilled Seafood Platter x3,9400.00,1128.00,0.00,10528.00,GCASH,PAID,COMPLETED,TXN-GCA-27362273
ORD-20251220-03389-7326F,2025-12-20 13:24:42,ON_SITE,Juan Tamad,Garlic Butter Prawns x1; Grilled Seafood Platter x2; Classic Seafood Paella x1; Fresh Calamansi Juice Pitcher x1,7380.00,885.60,0.00,8265.60,HYBRID (Cash + GCash),PAID,COMPLETED,TXN-HYB-63981809
ORD-20251220-03431-31C40,2025-12-20 17:18:04,ONLINE,Lisa Manoban,Grilled Seafood Platter x1; Garlic Butter Prawns x2,4600.00,552.00,60.00,5212.00,COD,PAID,COMPLETED,TXN-COD-67562789
ORD-20251220-01266-CA1B7,2025-12-20 18:42:12,ON_SITE,Clara Dizon,Seafood Cajun Boil x1; Seafood Bilao Feast x2; Garlic Butter Prawns x1; Sweet & Chili Crab Bucket x2,11800.00,1416.00,0.00,13216.00,CASH,PAID,COMPLETED,TXN-CAS-68276680
ORD-20251221-04831-F0A4C,2025-12-21 10:18:20,ON_SITE,Maria Clara Santos,Seafood Cajun Boil x1; Grilled Seafood Platter x1,3950.00,474.00,0.00,4424.00,CASH,PAID,COMPLETED,TXN-CAS-63149896
ORD-20251221-03714-5F7AF,2025-12-21 11:39:21,ONLINE,Mark Bautista,Fresh Calamansi Juice Pitcher x1; Garlic Butter Prawns x1,1530.00,183.60,85.00,1798.60,SPLIT (Cash + GCash),PAID,COMPLETED,TXN-SPL-16386905
ORD-20251222-03576-DC035,2025-12-22 11:16:21,ONLINE,Mark Bautista,Classic Seafood Paella x1,1650.00,198.00,50.00,1898.00,GCASH,PAID,COMPLETED,TXN-GCA-70784984
ORD-20251222-02407-036E4,2025-12-22 13:48:04,ON_SITE,Lisa Manoban,Garlic Butter Prawns x1,1250.00,150.00,0.00,1400.00,CASH,PAID,COMPLETED,TXN-CAS-78302735
ORD-20251223-00278-5A8FF,2025-12-23 18:49:13,ON_SITE,Daniel Padilla,Classic Seafood Paella x1,1650.00,198.00,0.00,1848.00,GCASH,PAID,COMPLETED,TXN-GCA-24045943
ORD-20251223-00127-CD8AE,2025-12-23 21:57:56,ON_SITE,Pedro Penduko,Crispy Seafood Basket x2; Sweet & Chili Crab Bucket x1; Seafood Bilao Feast x1,6310.00,757.20,0.00,7067.20,GCASH,PAID,COMPLETED,TXN-GCA-79145096
ORD-20251224-01301-C6F7A,2025-12-24 20:03:40,ONLINE,Pedro Penduko,Crispy Seafood Basket x1,980.00,117.60,120.00,1217.60,GCASH,PAID,COMPLETED,TXN-GCA-43066806
ORD-20251225-02451-2CB69,2025-12-25 10:20:20,ONLINE,Mark Bautista,Classic Seafood Paella x1; Seafood Bilao Feast x1; Fresh Calamansi Juice Pitcher x1,4330.00,519.60,85.00,4934.60,GCASH,PAID,COMPLETED,TXN-GCA-36345467
ORD-20251225-00657-D340B,2025-12-25 18:58:30,ONLINE,Lisa Manoban,Classic Seafood Paella x1,1650.00,198.00,75.00,1923.00,HYBRID (Cash + GCash),PAID,COMPLETED,TXN-HYB-56632039
ORD-20251225-01717-512EA,2025-12-25 20:02:29,ON_SITE,Mark Bautista,Grilled Seafood Platter x1; Garlic Butter Prawns x1; Classic Seafood Paella x2,6650.00,798.00,0.00,7448.00,CASH,PAID,COMPLETED,TXN-CAS-85353399
ORD-20251225-04992-42C00,2025-12-25 20:25:13,ON_SITE,Ramon Magsaysay Jr.,Seafood Cajun Boil x2,3700.00,444.00,0.00,4144.00,GCASH,PAID,COMPLETED,TXN-GCA-81775243
ORD-20251225-03000-FF6FA,2025-12-25 21:33:38,ON_SITE,Dingdong Dantes,Classic Seafood Paella x1; Grilled Seafood Platter x1,3750.00,450.00,0.00,4200.00,HYBRID (Cash + GCash),PAID,COMPLETED,TXN-HYB-65644791
ORD-20251226-00202-299DB,2025-12-26 12:10:43,ONLINE,Clara Dizon,Grilled Seafood Platter x1; Crispy Seafood Basket x1,3080.00,369.60,50.00,3499.60,GCASH,PAID,COMPLETED,TXN-GCA-30471515
ORD-20251226-01916-ACACA,2025-12-26 13:08:30,ON_SITE,Juan Tamad,Grilled Seafood Platter x1,2100.00,252.00,0.00,2352.00,GCASH,PAID,COMPLETED,TXN-GCA-90099616
ORD-20251226-01349-5D910,2025-12-26 16:05:16,ON_SITE,Alden Richards,Sweet & Chili Crab Bucket x1,1950.00,234.00,0.00,2184.00,CASH,PAID,COMPLETED,TXN-CAS-45957359
ORD-20251226-03560-DD9CE,2025-12-26 17:23:06,ONLINE,Lisa Manoban,Sweet & Chili Crab Bucket x1; Crispy Seafood Basket x1; Classic Seafood Paella x1,4580.00,549.60,85.00,5214.60,GCASH,PAID,COMPLETED,TXN-GCA-95338956
ORD-20251227-00022-1A8E0,2025-12-27 11:49:02,ONLINE,Clara Dizon,Sweet & Chili Crab Bucket x1; Crispy Seafood Basket x1,2930.00,351.60,75.00,3356.60,GCASH,PAID,COMPLETED,TXN-GCA-43709550
ORD-20251227-04161-2042B,2025-12-27 13:14:15,ON_SITE,Ferdinand Marcos,Sweet & Chili Crab Bucket x1,1950.00,234.00,0.00,2184.00,GCASH,PAID,COMPLETED,TXN-GCA-32174575
ORD-20251227-03333-35A21,2025-12-27 21:30:52,ON_SITE,Kathryn Bernardo,Fresh Calamansi Juice Pitcher x1,280.00,33.60,0.00,313.60,HYBRID (Cash + GCash),PAID,COMPLETED,TXN-HYB-55636717
ORD-20251228-01374-B8ADB,2025-12-28 10:42:17,ON_SITE,Juan Tamad,Sweet & Chili Crab Bucket x1; Seafood Bilao Feast x1; Seafood Cajun Boil x2,8050.00,966.00,0.00,9016.00,HYBRID (Cash + GCash),PAID,COMPLETED,TXN-HYB-76976550
ORD-20251228-03046-9DC10,2025-12-28 12:28:01,ON_SITE,Maria Clara Santos,Garlic Butter Prawns x1,1250.00,150.00,0.00,1400.00,HYBRID (Cash + GCash),PAID,COMPLETED,TXN-HYB-39712952
ORD-20251229-02399-C14C0,2025-12-29 10:55:15,ONLINE,Pedro Penduko,Crispy Seafood Basket x1; Garlic Butter Prawns x1,2230.00,267.60,60.00,2557.60,GCASH,PAID,COMPLETED,TXN-GCA-39021907
ORD-20251229-01205-EFAA2,2025-12-29 11:57:31,ON_SITE,Mark Bautista,Seafood Bilao Feast x1; Garlic Butter Prawns x2,4900.00,588.00,0.00,5488.00,GCASH,PAID,COMPLETED,TXN-GCA-30781813
ORD-20251229-03082-CFEC1,2025-12-29 15:57:18,ONLINE,Juan Tamad,Grilled Seafood Platter x1; Classic Seafood Paella x1,3750.00,450.00,85.00,4285.00,HYBRID (Cash + GCash),PAID,COMPLETED,TXN-HYB-19375940
ORD-20251229-04621-3F01F,2025-12-29 20:24:21,ONLINE,Ana Reyes,Grilled Seafood Platter x1,2100.00,252.00,75.00,2427.00,HYBRID (Cash + GCash),PAID,COMPLETED,TXN-HYB-15482259
ORD-20251230-01511-8538E,2025-12-30 12:55:47,ONLINE,Clara Dizon,Sweet & Chili Crab Bucket x2,3900.00,468.00,60.00,4428.00,GCASH,PAID,COMPLETED,TXN-GCA-24201918
ORD-20251230-04760-B9A0A,2025-12-30 13:28:58,ON_SITE,Dindo Dela Cruz,Crispy Seafood Basket x1,980.00,117.60,0.00,1097.60,CASH,PAID,COMPLETED,TXN-CAS-93954314
ORD-20251230-03175-E600B,2025-12-30 15:34:12,ONLINE,Juan Tamad,Fresh Calamansi Juice Pitcher x1; Seafood Bilao Feast x1,2680.00,321.60,60.00,3061.60,HYBRID (Cash + GCash),PAID,COMPLETED,TXN-HYB-66913184
ORD-20251230-03992-2DE08,2025-12-30 20:51:06,ON_SITE,Dindo Dela Cruz,Crispy Seafood Basket x1; Grilled Seafood Platter x1,3080.00,369.60,0.00,3449.60,CASH,PAID,COMPLETED,TXN-CAS-17185310
ORD-20251230-02136-59AD0,2025-12-30 20:56:01,ONLINE,Juan Tamad,Classic Seafood Paella x1; Garlic Butter Prawns x1,2900.00,348.00,75.00,3323.00,GCASH,PAID,COMPLETED,TXN-GCA-12642413
ORD-20251231-03712-AE99E,2025-12-31 12:17:01,ON_SITE,Maria Clara Santos,Grilled Seafood Platter x1,2100.00,252.00,0.00,2352.00,CASH,PAID,COMPLETED,TXN-CAS-26902714
ORD-20251231-03017-C8AF5,2025-12-31 13:21:47,ON_SITE,Marian Rivera,Grilled Seafood Platter x1,2100.00,252.00,0.00,2352.00,HYBRID (Cash + GCash),PAID,COMPLETED,TXN-HYB-40329226
ORD-20251231-04689-432D0,2025-12-31 15:05:02,ONLINE,Pedro Penduko,Garlic Butter Prawns x2; Seafood Bilao Feast x1,4900.00,588.00,50.00,5538.00,GCASH,PAID,COMPLETED,TXN-GCA-47705752
ORD-20251231-00335-E6F17,2025-12-31 15:13:54,ON_SITE,Alden Richards,Grilled Seafood Platter x1; Fresh Calamansi Juice Pitcher x1; Seafood Bilao Feast x1,4780.00,573.60,0.00,5353.60,CASH,PAID,COMPLETED,TXN-CAS-15964998
ORD-20251231-00141-72D4C,2025-12-31 16:00:29,ON_SITE,Clara Dizon,Seafood Bilao Feast x3; Crispy Seafood Basket x1,8180.00,981.60,0.00,9161.60,CASH,PAID,COMPLETED,TXN-CAS-16684645
ORD-20251231-03226-5B6D8,2025-12-31 16:11:29,ONLINE,Pedro Penduko,Classic Seafood Paella x1; Crispy Seafood Basket x1,2630.00,315.60,60.00,3005.60,GCASH,PAID,COMPLETED,TXN-GCA-74642426
ORD-20260101-02445-D4D05,2026-01-01 13:03:38,ON_SITE,Lisa Manoban,Seafood Cajun Boil x1; Sweet & Chili Crab Bucket x1; Seafood Bilao Feast x2,8600.00,1032.00,0.00,9632.00,CASH,PAID,COMPLETED,TXN-CAS-97773229
ORD-20260101-02668-AF1D5,2026-01-01 13:34:59,ONLINE,Lisa Manoban,Classic Seafood Paella x2; Seafood Cajun Boil x1; Grilled Seafood Platter x1,7250.00,870.00,120.00,8240.00,SPLIT (Cash + GCash),PAID,COMPLETED,TXN-SPL-82437477
ORD-20260101-04546-192B1,2026-01-01 14:53:53,ON_SITE,Kathryn Bernardo,Sweet & Chili Crab Bucket x1; Classic Seafood Paella x1,3600.00,432.00,0.00,4032.00,SPLIT (Cash + GCash),PAID,COMPLETED,TXN-SPL-28651557
ORD-20260101-00948-B9476,2026-01-01 18:55:11,ON_SITE,Katrina Halili,Grilled Seafood Platter x1; Fresh Calamansi Juice Pitcher x1,2380.00,285.60,0.00,2665.60,CASH,PAID,COMPLETED,TXN-CAS-26818897
ORD-20260102-03486-1DCB1,2026-01-02 11:26:18,ON_SITE,Dingdong Dantes,Grilled Seafood Platter x1; Seafood Cajun Boil x1,3950.00,474.00,0.00,4424.00,HYBRID (Cash + GCash),PAID,COMPLETED,TXN-HYB-45665020
ORD-20260102-03854-8934F,2026-01-02 13:38:24,ON_SITE,Maria Clara Santos,Classic Seafood Paella x1; Sweet & Chili Crab Bucket x2; Crispy Seafood Basket x2; Seafood Bilao Feast x1,9910.00,1189.20,0.00,11099.20,GCASH,PAID,COMPLETED,TXN-GCA-26133101
ORD-20260102-02932-18DD5,2026-01-02 14:49:33,ONLINE,Clara Dizon,Garlic Butter Prawns x1; Classic Seafood Paella x1,2900.00,348.00,100.00,3348.00,GCASH,PAID,COMPLETED,TXN-GCA-67902625
ORD-20260103-01092-54CA4,2026-01-03 10:09:11,ON_SITE,Clara Dizon,Grilled Seafood Platter x1; Garlic Butter Prawns x1; Crispy Seafood Basket x1,4330.00,519.60,0.00,4849.60,HYBRID (Cash + GCash),PAID,COMPLETED,TXN-HYB-80451354
ORD-20260103-04315-9BBD6,2026-01-03 12:08:22,ON_SITE,Clara Dizon,Classic Seafood Paella x1; Seafood Bilao Feast x1; Crispy Seafood Basket x1,5030.00,603.60,0.00,5633.60,CASH,PAID,COMPLETED,TXN-CAS-78062053
ORD-20260103-03674-347C5,2026-01-03 17:47:15,ON_SITE,Ana Reyes,Seafood Cajun Boil x2; Sweet & Chili Crab Bucket x1; Garlic Butter Prawns x1; Seafood Bilao Feast x1,9300.00,1116.00,0.00,10416.00,GCASH,PAID,COMPLETED,TXN-GCA-49352036
ORD-20260103-00196-EBE83,2026-01-03 18:48:14,ONLINE,Juan Tamad,Sweet & Chili Crab Bucket x1; Seafood Bilao Feast x1,4350.00,522.00,100.00,4972.00,GCASH,PAID,COMPLETED,TXN-GCA-34202906
ORD-20260104-02133-72D61,2026-01-04 12:08:38,ON_SITE,Juan Tamad,Classic Seafood Paella x2; Grilled Seafood Platter x2,7500.00,900.00,0.00,8400.00,CASH,PAID,COMPLETED,TXN-CAS-43446699
ORD-20260104-03147-41BCE,2026-01-04 12:29:51,ON_SITE,Maria Clara Santos,Seafood Cajun Boil x1,1850.00,222.00,0.00,2072.00,GCASH,PAID,COMPLETED,TXN-GCA-17055444
ORD-20260104-03919-CCE30,2026-01-04 18:14:36,ONLINE,Juan Tamad,Seafood Bilao Feast x1,2400.00,288.00,100.00,2788.00,GCASH,PAID,COMPLETED,TXN-GCA-40659539
ORD-20260104-01890-66B20,2026-01-04 20:12:22,ON_SITE,Carlos Mendoza,Classic Seafood Paella x1,1650.00,198.00,0.00,1848.00,HYBRID (Cash + GCash),PAID,COMPLETED,TXN-HYB-54512537
ORD-20260105-03881-AA94F,2026-01-05 10:01:01,ON_SITE,Lisa Manoban,Grilled Seafood Platter x2; Seafood Bilao Feast x1,6600.00,792.00,0.00,7392.00,GCASH,PAID,COMPLETED,TXN-GCA-19061072
ORD-20260105-04991-AA5B8,2026-01-05 11:16:34,ON_SITE,Mark Bautista,Seafood Cajun Boil x1; Crispy Seafood Basket x1,2830.00,339.60,0.00,3169.60,GCASH,PAID,COMPLETED,TXN-GCA-29154755
ORD-20260105-03471-58BFE,2026-01-05 11:27:14,ONLINE,Pedro Penduko,Garlic Butter Prawns x3; Fresh Calamansi Juice Pitcher x1; Sweet & Chili Crab Bucket x1,5980.00,717.60,50.00,6747.60,GCASH,PAID,COMPLETED,TXN-GCA-65355871
ORD-20260105-01317-67229,2026-01-05 21:11:12,ONLINE,Ana Reyes,Sweet & Chili Crab Bucket x1,1950.00,234.00,60.00,2244.00,COD,PAID,COMPLETED,TXN-COD-26570892
ORD-20260106-02667-5C4BB,2026-01-06 10:01:41,ONLINE,Pedro Penduko,Classic Seafood Paella x2; Fresh Calamansi Juice Pitcher x2,3860.00,463.20,50.00,4373.20,CASH,PAID,COMPLETED,TXN-CAS-50595233
ORD-20260106-03096-75D3C,2026-01-06 14:15:44,ONLINE,Juan Tamad,Crispy Seafood Basket x1,980.00,117.60,60.00,1157.60,MAYA,PENDING,IN_PROCESS,N/A
ORD-20260106-01723-08F98,2026-01-06 16:25:52,ONLINE,Pedro Penduko,Seafood Bilao Feast x1,2400.00,288.00,120.00,2808.00,GCASH,PAID,COMPLETED,TXN-GCA-29738139
ORD-20260106-01891-FC004,2026-01-06 17:32:23,ONLINE,Clara Dizon,Seafood Bilao Feast x1,2400.00,288.00,75.00,2763.00,HYBRID (Cash + GCash),FAILED,CANCELLED,N/A
ORD-20260106-01758-F07E0,2026-01-06 19:48:08,ONLINE,Pedro Penduko,Crispy Seafood Basket x3; Grilled Seafood Platter x1,5040.00,604.80,60.00,5704.80,GCASH,PAID,COMPLETED,TXN-GCA-83074229
ORD-20260107-02639-D01B1,2026-01-07 15:16:59,ONLINE,Pedro Penduko,Seafood Cajun Boil x1,1850.00,222.00,60.00,2132.00,HYBRID (Cash + GCash),PENDING,IN_PROCESS,N/A
ORD-20260107-00223-635CA,2026-01-07 16:11:04,ON_SITE,Clara Dizon,Seafood Bilao Feast x1; Classic Seafood Paella x1; Seafood Cajun Boil x1,5900.00,708.00,0.00,6608.00,GCASH,PAID,COMPLETED,TXN-GCA-76302052
ORD-20260107-00076-35926,2026-01-07 17:41:03,ONLINE,Lisa Manoban,Crispy Seafood Basket x1,980.00,117.60,60.00,1157.60,HYBRID (Cash + GCash),PAID,COMPLETED,TXN-HYB-74483385
ORD-20260107-03874-366A0,2026-01-07 18:07:31,ONLINE,Clara Dizon,Garlic Butter Prawns x3; Classic Seafood Paella x1,5400.00,648.00,120.00,6168.00,GCASH,PAID,COMPLETED,TXN-GCA-39560183
ORD-20260107-00555-F6BF5,2026-01-07 20:45:56,ON_SITE,Ana Reyes,Seafood Cajun Boil x1,1850.00,222.00,0.00,2072.00,CASH,PAID,COMPLETED,TXN-CAS-38120026
ORD-20260108-00264-FCB75,2026-01-08 13:23:13,ON_SITE,Mark Bautista,Seafood Bilao Feast x1,2400.00,288.00,0.00,2688.00,SPLIT (Cash + GCash),PAID,COMPLETED,TXN-SPL-24030633
ORD-20260108-03559-42B2C,2026-01-08 15:07:25,ON_SITE,Sarah Geronimo,Fresh Calamansi Juice Pitcher x1,280.00,33.60,0.00,313.60,CASH,PAID,COMPLETED,TXN-CAS-53875183
ORD-20260108-03629-ED803,2026-01-08 18:15:02,ON_SITE,Dindo Dela Cruz,Seafood Bilao Feast x1; Seafood Cajun Boil x2,6100.00,732.00,0.00,6832.00,SPLIT (Cash + GCash),PAID,COMPLETED,TXN-SPL-35155458
ORD-20260109-00301-EC050,2026-01-09 13:48:03,ON_SITE,Lisa Manoban,Seafood Cajun Boil x1,1850.00,222.00,0.00,2072.00,CASH,PAID,COMPLETED,TXN-CAS-22865817
ORD-20260109-00084-30D55,2026-01-09 15:29:44,ONLINE,Ana Reyes,Crispy Seafood Basket x1,980.00,117.60,100.00,1197.60,CASH,PAID,COMPLETED,TXN-CAS-19951777
ORD-20260110-04930-A8700,2026-01-10 13:53:55,ON_SITE,Dindo Dela Cruz,Seafood Cajun Boil x1; Sweet & Chili Crab Bucket x2; Crispy Seafood Basket x2,7710.00,925.20,0.00,8635.20,CASH,PAID,COMPLETED,TXN-CAS-33284966
ORD-20260110-01531-BA535,2026-01-10 14:08:08,ONLINE,Juan Tamad,Crispy Seafood Basket x2,1960.00,235.20,100.00,2295.20,HYBRID (Cash + GCash),PAID,COMPLETED,TXN-HYB-58279926
ORD-20260110-01739-12415,2026-01-10 17:18:44,ON_SITE,Katrina Halili,Seafood Cajun Boil x1,1850.00,222.00,0.00,2072.00,MAYA,PAID,COMPLETED,TXN-MAY-80747164
ORD-20260110-00176-1EE62,2026-01-10 20:53:26,ON_SITE,Dingdong Dantes,Seafood Bilao Feast x1; Garlic Butter Prawns x1; Sweet & Chili Crab Bucket x1,5600.00,672.00,0.00,6272.00,CASH,PAID,COMPLETED,TXN-CAS-79261648
ORD-20260111-03504-3A9BA,2026-01-11 10:39:17,ONLINE,Clara Dizon,Classic Seafood Paella x1,1650.00,198.00,75.00,1923.00,GCASH,PAID,COMPLETED,TXN-GCA-49578718
ORD-20260111-02405-12A23,2026-01-11 11:17:49,ONLINE,Ana Reyes,Seafood Cajun Boil x2,3700.00,444.00,75.00,4219.00,SPLIT (Cash + GCash),PAID,COMPLETED,TXN-SPL-36483924
ORD-20260111-00318-6EA83,2026-01-11 14:19:31,ONLINE,Lisa Manoban,Seafood Cajun Boil x1; Seafood Bilao Feast x1; Fresh Calamansi Juice Pitcher x1,4530.00,543.60,60.00,5133.60,HYBRID (Cash + GCash),PAID,COMPLETED,TXN-HYB-63873419
ORD-20260111-02342-04383,2026-01-11 15:11:34,ON_SITE,Maria Clara Santos,Sweet & Chili Crab Bucket x1; Grilled Seafood Platter x1,4050.00,486.00,0.00,4536.00,CASH,PAID,COMPLETED,TXN-CAS-13376906
ORD-20260111-02484-3B8D2,2026-01-11 17:08:11,ONLINE,Lisa Manoban,Seafood Bilao Feast x2; Grilled Seafood Platter x1; Sweet & Chili Crab Bucket x1,8850.00,1062.00,60.00,9972.00,MAYA,PAID,COMPLETED,TXN-MAY-48768673
ORD-20260111-01904-C9289,2026-01-11 17:18:07,ONLINE,Lisa Manoban,Seafood Cajun Boil x1; Grilled Seafood Platter x1,3950.00,474.00,50.00,4474.00,MAYA,PAID,COMPLETED,TXN-MAY-96830049
ORD-20260111-01948-BDD11,2026-01-11 18:18:06,ONLINE,Juan Tamad,Sweet & Chili Crab Bucket x1,1950.00,234.00,120.00,2304.00,MAYA,PAID,COMPLETED,TXN-MAY-33861246
ORD-20260111-01427-FA255,2026-01-11 18:18:48,ON_SITE,Joshua Garcia,Sweet & Chili Crab Bucket x1; Classic Seafood Paella x1,3600.00,432.00,0.00,4032.00,CASH,PAID,COMPLETED,TXN-CAS-83465868
ORD-20260111-03087-95A1D,2026-01-11 19:25:04,ON_SITE,Dindo Dela Cruz,Seafood Cajun Boil x1; Grilled Seafood Platter x1; Seafood Bilao Feast x2; Classic Seafood Paella x1,10400.00,1248.00,0.00,11648.00,CASH,PAID,IN_PROCESS,TXN-CAS-26205548
ORD-20260111-00161-06B4F,2026-01-11 19:37:49,ON_SITE,Clara Dizon,Crispy Seafood Basket x1,980.00,117.60,0.00,1097.60,GCASH,PAID,COMPLETED,TXN-GCA-50711350
ORD-20260111-00480-38BC0,2026-01-11 20:39:50,ON_SITE,Kathryn Bernardo,Sweet & Chili Crab Bucket x1,1950.00,234.00,0.00,2184.00,CASH,PAID,COMPLETED,TXN-CAS-47811652
ORD-20260111-03985-1BBDD,2026-01-11 21:30:25,ONLINE,Juan Tamad,Seafood Bilao Feast x1,2400.00,288.00,75.00,2763.00,GCASH,PAID,COMPLETED,TXN-GCA-69070520
ORD-20260112-03676-A67F2,2026-01-12 11:02:18,ONLINE,Lisa Manoban,Seafood Cajun Boil x1; Classic Seafood Paella x1; Garlic Butter Prawns x1,4750.00,570.00,100.00,5420.00,GCASH,PAID,COMPLETED,TXN-GCA-82930523
ORD-20260112-02280-D5BBF,2026-01-12 16:36:16,ON_SITE,Sarah Geronimo,Seafood Bilao Feast x1,2400.00,288.00,0.00,2688.00,MAYA,PAID,COMPLETED,TXN-MAY-73044233
ORD-20260112-03584-5FBA9,2026-01-12 19:24:34,ONLINE,Pedro Penduko,Garlic Butter Prawns x3; Classic Seafood Paella x1,5400.00,648.00,120.00,6168.00,SPLIT (Cash + GCash),PAID,COMPLETED,TXN-SPL-73550512
ORD-20260112-00290-8D2FF,2026-01-12 19:41:00,ONLINE,Clara Dizon,Classic Seafood Paella x2; Seafood Bilao Feast x2; Fresh Calamansi Juice Pitcher x1,8380.00,1005.60,85.00,9470.60,CASH,PAID,COMPLETED,TXN-CAS-79135315
ORD-20260112-04850-8FED9,2026-01-12 21:56:34,ONLINE,Ana Reyes,Sweet & Chili Crab Bucket x1,1950.00,234.00,100.00,2284.00,CASH,PAID,COMPLETED,TXN-CAS-71556426
ORD-20260113-03278-2065E,2026-01-13 10:06:12,ONLINE,Ana Reyes,Seafood Cajun Boil x1; Sweet & Chili Crab Bucket x1,3800.00,456.00,100.00,4356.00,MAYA,REFUNDED,CANCELLED,N/A
ORD-20260113-03692-0CEA6,2026-01-13 10:08:52,ONLINE,Lisa Manoban,Seafood Cajun Boil x1; Sweet & Chili Crab Bucket x2,5750.00,690.00,120.00,6560.00,SPLIT (Cash + GCash),PAID,COMPLETED,TXN-SPL-26646198
ORD-20260113-01599-B8D82,2026-01-13 16:35:28,ONLINE,Pedro Penduko,Sweet & Chili Crab Bucket x2; Grilled Seafood Platter x2,8100.00,972.00,60.00,9132.00,GCASH,PAID,COMPLETED,TXN-GCA-13951792
ORD-20260113-03222-BCB9B,2026-01-13 18:55:16,ONLINE,Mark Bautista,Sweet & Chili Crab Bucket x1; Seafood Bilao Feast x1,4350.00,522.00,60.00,4932.00,HYBRID (Cash + GCash),PAID,COMPLETED,TXN-HYB-16751080
ORD-20260113-01837-76FC1,2026-01-13 21:18:00,ON_SITE,Giselle Hernandez,Grilled Seafood Platter x2; Seafood Bilao Feast x1,6600.00,792.00,0.00,7392.00,CASH,PAID,COMPLETED,TXN-CAS-75910188
ORD-20260114-04055-FFAA0,2026-01-14 14:42:44,ON_SITE,Lisa Manoban,Garlic Butter Prawns x1; Grilled Seafood Platter x1,3350.00,402.00,0.00,3752.00,HYBRID (Cash + GCash),PAID,IN_PROCESS,TXN-HYB-75802863
ORD-20260114-00192-A057A,2026-01-14 15:22:25,ONLINE,Clara Dizon,Seafood Cajun Boil x2,3700.00,444.00,100.00,4244.00,HYBRID (Cash + GCash),PAID,IN_PROCESS,TXN-HYB-45891095
ORD-20260114-01661-BFA3C,2026-01-14 15:51:55,ONLINE,Mark Bautista,Fresh Calamansi Juice Pitcher x2; Classic Seafood Paella x1,2210.00,265.20,60.00,2535.20,GCASH,PAID,COMPLETED,TXN-GCA-82413907
ORD-20260115-04961-56B17,2026-01-15 14:09:35,ON_SITE,Carlos Mendoza,Crispy Seafood Basket x2; Fresh Calamansi Juice Pitcher x2,2520.00,302.40,0.00,2822.40,CASH,PAID,COMPLETED,TXN-CAS-31514368
ORD-20260115-02999-2A20E,2026-01-15 14:27:22,ONLINE,Clara Dizon,Sweet & Chili Crab Bucket x1,1950.00,234.00,75.00,2259.00,GCASH,PAID,COMPLETED,TXN-GCA-25421856
ORD-20260115-03813-E1B71,2026-01-15 16:25:16,ONLINE,Juan Tamad,Garlic Butter Prawns x1,1250.00,150.00,100.00,1500.00,GCASH,PAID,COMPLETED,TXN-GCA-93230331
ORD-20260115-04260-1B82B,2026-01-15 16:52:23,ON_SITE,Ramon Magsaysay Jr.,Fresh Calamansi Juice Pitcher x1; Garlic Butter Prawns x1,1530.00,183.60,0.00,1713.60,CASH,PAID,COMPLETED,TXN-CAS-87915832
ORD-20260115-00331-20FE2,2026-01-15 18:31:13,ONLINE,Clara Dizon,Classic Seafood Paella x1,1650.00,198.00,100.00,1948.00,GCASH,PAID,COMPLETED,TXN-GCA-21236344
ORD-20260116-03851-126B2,2026-01-16 13:03:51,ONLINE,Juan Tamad,Classic Seafood Paella x1,1650.00,198.00,120.00,1968.00,HYBRID (Cash + GCash),PAID,COMPLETED,TXN-HYB-57127825
ORD-20260116-04387-5C2BC,2026-01-16 17:04:37,ON_SITE,Dingdong Dantes,Fresh Calamansi Juice Pitcher x1; Crispy Seafood Basket x1; Classic Seafood Paella x1,2910.00,349.20,0.00,3259.20,CASH,PAID,COMPLETED,TXN-CAS-66552690
ORD-20260116-01501-786DD,2026-01-16 21:27:33,ON_SITE,Pedro Penduko,Classic Seafood Paella x1; Seafood Cajun Boil x3,7200.00,864.00,0.00,8064.00,GCASH,PAID,COMPLETED,TXN-GCA-10788552
ORD-20260117-02450-BBC4E,2026-01-17 10:17:41,ON_SITE,Pedro Penduko,Seafood Bilao Feast x1,2400.00,288.00,0.00,2688.00,CASH,REFUNDED,CANCELLED,N/A
ORD-20260117-01873-43465,2026-01-17 10:35:12,ON_SITE,Mark Bautista,Crispy Seafood Basket x1,980.00,117.60,0.00,1097.60,CASH,PAID,COMPLETED,TXN-CAS-29445582
ORD-20260117-03917-2B382,2026-01-17 14:27:10,ONLINE,Ana Reyes,Fresh Calamansi Juice Pitcher x1; Seafood Bilao Feast x1; Crispy Seafood Basket x1; Classic Seafood Paella x1,5310.00,637.20,75.00,6022.20,GCASH,PAID,COMPLETED,TXN-GCA-74055262
ORD-20260117-01718-B832D,2026-01-17 15:18:25,ON_SITE,Lisa Manoban,Grilled Seafood Platter x1; Sweet & Chili Crab Bucket x2; Garlic Butter Prawns x2; Seafood Bilao Feast x3,15700.00,1884.00,0.00,17584.00,HYBRID (Cash + GCash),PAID,COMPLETED,TXN-HYB-91339214
ORD-20260117-04968-FF107,2026-01-17 17:24:39,ON_SITE,Giselle Hernandez,Fresh Calamansi Juice Pitcher x2,560.00,67.20,0.00,627.20,CASH,PAID,COMPLETED,TXN-CAS-11589582
ORD-20260117-00456-D57D7,2026-01-17 17:59:39,ON_SITE,Lisa Manoban,Grilled Seafood Platter x3; Seafood Bilao Feast x1,8700.00,1044.00,0.00,9744.00,GCASH,PAID,COMPLETED,TXN-GCA-21890322
ORD-20260117-03408-27D34,2026-01-17 19:26:21,ONLINE,Clara Dizon,Classic Seafood Paella x1; Sweet & Chili Crab Bucket x2,5550.00,666.00,60.00,6276.00,GCASH,PAID,COMPLETED,TXN-GCA-75661549
ORD-20260118-02370-96FD7,2026-01-18 12:14:44,ONLINE,Lisa Manoban,Grilled Seafood Platter x2,4200.00,504.00,120.00,4824.00,HYBRID (Cash + GCash),PAID,COMPLETED,TXN-HYB-67710589
ORD-20260118-00921-E3A52,2026-01-18 14:12:08,ONLINE,Juan Tamad,Crispy Seafood Basket x1,980.00,117.60,100.00,1197.60,GCASH,PAID,COMPLETED,TXN-GCA-85737090
ORD-20260118-00430-2AABE,2026-01-18 16:16:31,ON_SITE,Giselle Hernandez,Fresh Calamansi Juice Pitcher x1,280.00,33.60,0.00,313.60,HYBRID (Cash + GCash),PAID,COMPLETED,TXN-HYB-28699904
ORD-20260118-01641-6E7C0,2026-01-18 16:31:09,ONLINE,Mark Bautista,Classic Seafood Paella x1; Grilled Seafood Platter x1,3750.00,450.00,120.00,4320.00,GCASH,PAID,COMPLETED,TXN-GCA-43546990
ORD-20260118-03073-64945,2026-01-18 17:45:10,ON_SITE,Juan Tamad,Seafood Cajun Boil x2; Seafood Bilao Feast x1; Fresh Calamansi Juice Pitcher x1; Garlic Butter Prawns x1,7630.00,915.60,0.00,8545.60,CASH,PAID,COMPLETED,TXN-CAS-64277375
ORD-20260118-03533-99D6B,2026-01-18 18:02:24,ONLINE,Pedro Penduko,Seafood Cajun Boil x1; Classic Seafood Paella x1; Fresh Calamansi Juice Pitcher x1,3780.00,453.60,100.00,4333.60,MAYA,PAID,COMPLETED,TXN-MAY-41834939
ORD-20260118-03412-8DBF2,2026-01-18 18:18:21,ON_SITE,Joshua Garcia,Seafood Cajun Boil x1; Garlic Butter Prawns x1,3100.00,372.00,0.00,3472.00,HYBRID (Cash + GCash),PAID,COMPLETED,TXN-HYB-33008169
ORD-20260119-03847-6E114,2026-01-19 15:00:05,ONLINE,Mark Bautista,Crispy Seafood Basket x1; Seafood Cajun Boil x1,2830.00,339.60,100.00,3269.60,MAYA,PENDING,IN_PROCESS,N/A
ORD-20260119-02607-E2ACC,2026-01-19 16:51:44,ON_SITE,Ana Reyes,Fresh Calamansi Juice Pitcher x2; Garlic Butter Prawns x2,3060.00,367.20,0.00,3427.20,SPLIT (Cash + GCash),PAID,COMPLETED,TXN-SPL-75346686
ORD-20260119-04785-78BF2,2026-01-19 17:17:25,ONLINE,Juan Tamad,Seafood Bilao Feast x3,7200.00,864.00,120.00,8184.00,GCASH,PAID,COMPLETED,TXN-GCA-80498627
ORD-20260120-00010-B0DC1,2026-01-20 11:31:14,ONLINE,Juan Tamad,Fresh Calamansi Juice Pitcher x1; Classic Seafood Paella x3; Garlic Butter Prawns x1,6480.00,777.60,50.00,7307.60,MAYA,PAID,COMPLETED,TXN-MAY-52781595
ORD-20260120-01098-65F27,2026-01-20 14:15:12,ONLINE,Lisa Manoban,Sweet & Chili Crab Bucket x1; Garlic Butter Prawns x1,3200.00,384.00,85.00,3669.00,HYBRID (Cash + GCash),PAID,COMPLETED,TXN-HYB-37235811
ORD-20260120-01253-832B0,2026-01-20 18:03:40,ON_SITE,Sarah Geronimo,Sweet & Chili Crab Bucket x1,1950.00,234.00,0.00,2184.00,SPLIT (Cash + GCash),PAID,COMPLETED,TXN-SPL-73830738
ORD-20260121-02542-737F6,2026-01-21 19:45:19,ONLINE,Juan Tamad,Fresh Calamansi Juice Pitcher x1,280.00,33.60,60.00,373.60,GCASH,PAID,COMPLETED,TXN-GCA-99390309
ORD-20260121-04235-6FC30,2026-01-21 20:57:38,ONLINE,Mark Bautista,Sweet & Chili Crab Bucket x1; Fresh Calamansi Juice Pitcher x2,2510.00,301.20,100.00,2911.20,SPLIT (Cash + GCash),PAID,COMPLETED,TXN-SPL-95845778
ORD-20260122-04027-5E3A8,2026-01-22 10:39:56,ONLINE,Pedro Penduko,Fresh Calamansi Juice Pitcher x2; Sweet & Chili Crab Bucket x1,2510.00,301.20,50.00,2861.20,GCASH,PAID,COMPLETED,TXN-GCA-94686042
ORD-20260122-00633-F0433,2026-01-22 15:16:03,ONLINE,Juan Tamad,Fresh Calamansi Juice Pitcher x2; Crispy Seafood Basket x2,2520.00,302.40,100.00,2922.40,HYBRID (Cash + GCash),REFUNDED,CANCELLED,N/A
ORD-20260122-01590-A32FC,2026-01-22 15:37:12,ON_SITE,Pedro Penduko,Sweet & Chili Crab Bucket x1,1950.00,234.00,0.00,2184.00,CASH,PAID,COMPLETED,TXN-CAS-88763213
ORD-20260122-03317-0F882,2026-01-22 16:52:24,ONLINE,Mark Bautista,Fresh Calamansi Juice Pitcher x1; Garlic Butter Prawns x1,1530.00,183.60,85.00,1798.60,COD,PAID,COMPLETED,TXN-COD-84290950
ORD-20260122-03302-D79C2,2026-01-22 21:48:32,ON_SITE,Alden Richards,Fresh Calamansi Juice Pitcher x3,840.00,100.80,0.00,940.80,GCASH,PAID,COMPLETED,TXN-GCA-11519614
ORD-20260123-01858-1285A,2026-01-23 10:41:15,ON_SITE,Marian Rivera,Garlic Butter Prawns x1; Seafood Bilao Feast x2; Crispy Seafood Basket x1,7030.00,843.60,0.00,7873.60,GCASH,PAID,COMPLETED,TXN-GCA-28110838
ORD-20260123-04430-0DDC4,2026-01-23 10:54:35,ON_SITE,Dingdong Dantes,Classic Seafood Paella x1; Seafood Bilao Feast x1,4050.00,486.00,0.00,4536.00,GCASH,PAID,COMPLETED,TXN-GCA-15887648
ORD-20260123-04066-9CC0B,2026-01-23 11:19:23,ON_SITE,Ramon Magsaysay Jr.,Garlic Butter Prawns x1; Seafood Bilao Feast x2,6050.00,726.00,0.00,6776.00,GCASH,PAID,COMPLETED,TXN-GCA-82941090
ORD-20260123-02295-096BB,2026-01-23 18:30:15,ON_SITE,Carlos Mendoza,Grilled Seafood Platter x1; Fresh Calamansi Juice Pitcher x1,2380.00,285.60,0.00,2665.60,MAYA,PAID,COMPLETED,TXN-MAY-58075072
ORD-20260123-02937-8C84F,2026-01-23 20:20:39,ON_SITE,Lisa Manoban,Seafood Bilao Feast x1; Crispy Seafood Basket x1; Seafood Cajun Boil x1; Garlic Butter Prawns x3,8980.00,1077.60,0.00,10057.60,GCASH,PAID,COMPLETED,TXN-GCA-52881161
ORD-20260123-00760-08F63,2026-01-23 21:04:46,ONLINE,Lisa Manoban,Fresh Calamansi Juice Pitcher x1; Garlic Butter Prawns x1; Classic Seafood Paella x2; Sweet & Chili Crab Bucket x1,6780.00,813.60,75.00,7668.60,GCASH,FAILED,CANCELLED,N/A
ORD-20260124-04320-835AB,2026-01-24 12:25:27,ON_SITE,Ana Reyes,Sweet & Chili Crab Bucket x2; Seafood Cajun Boil x2,7600.00,912.00,0.00,8512.00,SPLIT (Cash + GCash),PAID,COMPLETED,TXN-SPL-48303027
ORD-20260124-02731-10E5E,2026-01-24 12:47:25,ON_SITE,Clara Dizon,Seafood Bilao Feast x3; Fresh Calamansi Juice Pitcher x1; Sweet & Chili Crab Bucket x1,9430.00,1131.60,0.00,10561.60,GCASH,PAID,COMPLETED,TXN-GCA-58779886
ORD-20260124-01376-8DB21,2026-01-24 14:33:30,ONLINE,Mark Bautista,Sweet & Chili Crab Bucket x2; Crispy Seafood Basket x1,4880.00,585.60,85.00,5550.60,GCASH,PAID,COMPLETED,TXN-GCA-73771645
ORD-20260124-04737-FB751,2026-01-24 17:29:49,ON_SITE,Clara Dizon,Grilled Seafood Platter x1,2100.00,252.00,0.00,2352.00,GCASH,PAID,COMPLETED,TXN-GCA-72937246
ORD-20260125-02045-14747,2026-01-25 11:43:47,ON_SITE,Kathryn Bernardo,Classic Seafood Paella x2; Crispy Seafood Basket x1,4280.00,513.60,0.00,4793.60,GCASH,PAID,COMPLETED,TXN-GCA-51714260
ORD-20260125-00439-46BBB,2026-01-25 17:21:43,ONLINE,Pedro Penduko,Fresh Calamansi Juice Pitcher x1,280.00,33.60,100.00,413.60,GCASH,PAID,COMPLETED,TXN-GCA-97872651
ORD-20260125-00312-B1AE5,2026-01-25 18:19:28,ON_SITE,Dingdong Dantes,Seafood Cajun Boil x1,1850.00,222.00,0.00,2072.00,SPLIT (Cash + GCash),PAID,COMPLETED,TXN-SPL-56219989
ORD-20260125-03455-6851F,2026-01-25 18:39:19,ONLINE,Pedro Penduko,Seafood Bilao Feast x1,2400.00,288.00,60.00,2748.00,GCASH,PENDING,IN_PROCESS,N/A
ORD-20260125-05000-59DAE,2026-01-25 18:42:10,ONLINE,Lisa Manoban,Sweet & Chili Crab Bucket x1; Crispy Seafood Basket x2,3910.00,469.20,60.00,4439.20,MAYA,PAID,COMPLETED,TXN-MAY-14609161
ORD-20260125-04317-8C96A,2026-01-25 19:31:16,ONLINE,Mark Bautista,Seafood Bilao Feast x1,2400.00,288.00,120.00,2808.00,HYBRID (Cash + GCash),PAID,COMPLETED,TXN-HYB-97683303
ORD-20260126-04552-313C1,2026-01-26 13:19:17,ON_SITE,Sarah Geronimo,Fresh Calamansi Juice Pitcher x1,280.00,33.60,0.00,313.60,CASH,PAID,COMPLETED,TXN-CAS-60170162
ORD-20260126-01868-11D78,2026-01-26 13:25:03,ONLINE,Mark Bautista,Fresh Calamansi Juice Pitcher x1,280.00,33.60,75.00,388.60,GCASH,PAID,IN_PROCESS,TXN-GCA-19981423
ORD-20260126-03633-E6CF2,2026-01-26 14:49:55,ON_SITE,Dingdong Dantes,Fresh Calamansi Juice Pitcher x1; Seafood Bilao Feast x1,2680.00,321.60,0.00,3001.60,CASH,PENDING,IN_PROCESS,N/A
ORD-20260127-00626-03CB8,2026-01-27 11:19:55,ONLINE,Ana Reyes,Crispy Seafood Basket x1,980.00,117.60,85.00,1182.60,GCASH,PAID,COMPLETED,TXN-GCA-93453090
ORD-20260127-01714-6CEE5,2026-01-27 14:27:23,ON_SITE,Juan Tamad,Crispy Seafood Basket x1; Grilled Seafood Platter x2,5180.00,621.60,0.00,5801.60,HYBRID (Cash + GCash),PAID,COMPLETED,TXN-HYB-41112128
ORD-20260127-04959-4EB4F,2026-01-27 16:23:12,ONLINE,Pedro Penduko,Fresh Calamansi Juice Pitcher x2,560.00,67.20,100.00,727.20,SPLIT (Cash + GCash),PENDING,CANCELLED,N/A
ORD-20260127-02167-601A3,2026-01-27 18:03:42,ON_SITE,Mark Bautista,Fresh Calamansi Juice Pitcher x1,280.00,33.60,0.00,313.60,CASH,PAID,COMPLETED,TXN-CAS-92251561
ORD-20260127-02857-A7BE5,2026-01-27 18:11:33,ONLINE,Ana Reyes,Sweet & Chili Crab Bucket x1; Garlic Butter Prawns x1,3200.00,384.00,75.00,3659.00,GCASH,PAID,COMPLETED,TXN-GCA-72741614
ORD-20260128-00805-3E2F9,2026-01-28 16:58:19,ONLINE,Ana Reyes,Crispy Seafood Basket x1,980.00,117.60,75.00,1172.60,COD,PAID,COMPLETED,TXN-COD-55947423
ORD-20260128-03399-320BB,2026-01-28 20:45:46,ON_SITE,Katrina Halili,Seafood Cajun Boil x1,1850.00,222.00,0.00,2072.00,CASH,PAID,COMPLETED,TXN-CAS-73750439
ORD-20260129-04880-A87EC,2026-01-29 14:14:59,ON_SITE,Bea Alonzo,Garlic Butter Prawns x1; Fresh Calamansi Juice Pitcher x1,1530.00,183.60,0.00,1713.60,CASH,PAID,COMPLETED,TXN-CAS-55038603
ORD-20260129-02679-0B51B,2026-01-29 21:49:59,ON_SITE,Matteo Guidicelli,Crispy Seafood Basket x1; Seafood Bilao Feast x1,3380.00,405.60,0.00,3785.60,GCASH,PAID,IN_PROCESS,TXN-GCA-24368075
ORD-20260129-03969-81937,2026-01-29 21:57:08,ON_SITE,Lisa Manoban,Sweet & Chili Crab Bucket x1; Grilled Seafood Platter x1,4050.00,486.00,0.00,4536.00,GCASH,PENDING,CANCELLED,N/A
ORD-20260130-02244-91C14,2026-01-30 12:57:44,ONLINE,Lisa Manoban,Crispy Seafood Basket x1; Grilled Seafood Platter x3; Seafood Bilao Feast x1,9680.00,1161.60,50.00,10891.60,GCASH,PAID,COMPLETED,TXN-GCA-97053206
ORD-20260130-01081-EAF18,2026-01-30 14:22:54,ONLINE,Ana Reyes,Crispy Seafood Basket x1; Seafood Cajun Boil x3,6530.00,783.60,75.00,7388.60,GCASH,PAID,COMPLETED,TXN-GCA-56325758
ORD-20260130-02734-965C4,2026-01-30 16:35:23,ONLINE,Clara Dizon,Sweet & Chili Crab Bucket x1,1950.00,234.00,100.00,2284.00,GCASH,PAID,COMPLETED,TXN-GCA-74648811
ORD-20260131-02557-A6D79,2026-01-31 11:10:35,ON_SITE,Dindo Dela Cruz,Classic Seafood Paella x1,1650.00,198.00,0.00,1848.00,CASH,PAID,COMPLETED,TXN-CAS-57341826
ORD-20260131-03243-62D55,2026-01-31 12:58:46,ON_SITE,Pedro Penduko,Classic Seafood Paella x1; Seafood Bilao Feast x1,4050.00,486.00,0.00,4536.00,SPLIT (Cash + GCash),PAID,COMPLETED,TXN-SPL-38873844
ORD-20260201-02526-2DD4C,2026-02-01 11:57:38,ON_SITE,Ana Reyes,Sweet & Chili Crab Bucket x1,1950.00,234.00,0.00,2184.00,CASH,PAID,COMPLETED,TXN-CAS-76889236
ORD-20260201-01932-D7519,2026-02-01 12:27:45,ONLINE,Juan Tamad,Crispy Seafood Basket x1; Seafood Bilao Feast x1; Garlic Butter Prawns x1,4630.00,555.60,120.00,5305.60,SPLIT (Cash + GCash),PAID,COMPLETED,TXN-SPL-87269941
ORD-20260201-03643-1FFDB,2026-02-01 13:06:09,ON_SITE,Ferdinand Marcos,Seafood Bilao Feast x1; Crispy Seafood Basket x1,3380.00,405.60,0.00,3785.60,GCASH,PAID,COMPLETED,TXN-GCA-69506508
ORD-20260201-02895-CEE16,2026-02-01 13:20:31,ONLINE,Juan Tamad,Garlic Butter Prawns x1,1250.00,150.00,85.00,1485.00,GCASH,PENDING,CANCELLED,N/A
ORD-20260201-02272-DC1EE,2026-02-01 17:32:47,ONLINE,Juan Tamad,Seafood Bilao Feast x1; Grilled Seafood Platter x1; Sweet & Chili Crab Bucket x1,6450.00,774.00,60.00,7284.00,MAYA,PAID,COMPLETED,TXN-MAY-28833662
ORD-20260201-00385-EFFFA,2026-02-01 19:34:43,ON_SITE,Lisa Manoban,Classic Seafood Paella x2,3300.00,396.00,0.00,3696.00,GCASH,PAID,COMPLETED,TXN-GCA-24643842
ORD-20260202-01161-B17E6,2026-02-02 12:22:10,ON_SITE,Sarah Geronimo,Grilled Seafood Platter x3; Seafood Cajun Boil x1,8150.00,978.00,0.00,9128.00,CASH,PAID,COMPLETED,TXN-CAS-94614016
ORD-20260202-00160-8ACD5,2026-02-02 13:29:34,ON_SITE,Maria Clara Santos,Grilled Seafood Platter x1,2100.00,252.00,0.00,2352.00,CASH,PAID,COMPLETED,TXN-CAS-35665257
ORD-20260202-02088-82E92,2026-02-02 16:43:43,ON_SITE,Lisa Manoban,Sweet & Chili Crab Bucket x1; Crispy Seafood Basket x1,2930.00,351.60,0.00,3281.60,CASH,PAID,COMPLETED,TXN-CAS-78512439
ORD-20260202-01020-ED8EF,2026-02-02 17:06:22,ON_SITE,Juan Tamad,Crispy Seafood Basket x2,1960.00,235.20,0.00,2195.20,GCASH,PAID,COMPLETED,TXN-GCA-69110138
ORD-20260203-00240-33C2C,2026-02-03 10:52:52,ON_SITE,Mark Bautista,Seafood Bilao Feast x1,2400.00,288.00,0.00,2688.00,CASH,PAID,COMPLETED,TXN-CAS-56865097
ORD-20260203-03263-427ED,2026-02-03 12:17:16,ONLINE,Juan Tamad,Sweet & Chili Crab Bucket x1; Seafood Bilao Feast x1,4350.00,522.00,85.00,4957.00,CASH,PAID,COMPLETED,TXN-CAS-89415933
ORD-20260203-01660-283E9,2026-02-03 14:53:14,ON_SITE,Dindo Dela Cruz,Crispy Seafood Basket x1; Seafood Cajun Boil x1,2830.00,339.60,0.00,3169.60,CASH,FAILED,CANCELLED,N/A
ORD-20260203-00938-70AD7,2026-02-03 17:39:35,ONLINE,Pedro Penduko,Fresh Calamansi Juice Pitcher x1,280.00,33.60,100.00,413.60,GCASH,PAID,COMPLETED,TXN-GCA-75955542
ORD-20260203-01457-2BDCF,2026-02-03 18:33:07,ON_SITE,Matteo Guidicelli,Seafood Cajun Boil x1,1850.00,222.00,0.00,2072.00,CASH,PAID,COMPLETED,TXN-CAS-22249048
ORD-20260203-04178-F366C,2026-02-03 18:55:37,ON_SITE,Daniel Padilla,Garlic Butter Prawns x1; Crispy Seafood Basket x1; Sweet & Chili Crab Bucket x1,4180.00,501.60,0.00,4681.60,GCASH,PAID,COMPLETED,TXN-GCA-48268703
ORD-20260203-00360-447BD,2026-02-03 20:00:36,ON_SITE,Ana Reyes,Seafood Bilao Feast x1,2400.00,288.00,0.00,2688.00,SPLIT (Cash + GCash),PAID,COMPLETED,TXN-SPL-13061785
ORD-20260204-00126-D3A46,2026-02-04 12:59:58,ON_SITE,Ferdinand Marcos,Garlic Butter Prawns x1; Crispy Seafood Basket x2,3210.00,385.20,0.00,3595.20,GCASH,PAID,COMPLETED,TXN-GCA-76766596
ORD-20260204-03759-BFFE2,2026-02-04 13:02:14,ONLINE,Clara Dizon,Classic Seafood Paella x1,1650.00,198.00,50.00,1898.00,GCASH,PAID,IN_PROCESS,TXN-GCA-23112485
ORD-20260205-01788-1003B,2026-02-05 12:34:13,ON_SITE,Daniel Padilla,Sweet & Chili Crab Bucket x1; Fresh Calamansi Juice Pitcher x2,2510.00,301.20,0.00,2811.20,GCASH,PAID,COMPLETED,TXN-GCA-42536346
ORD-20260205-04744-0A88F,2026-02-05 13:01:00,ONLINE,Pedro Penduko,Fresh Calamansi Juice Pitcher x1; Sweet & Chili Crab Bucket x2; Seafood Bilao Feast x1; Grilled Seafood Platter x1,8680.00,1041.60,120.00,9841.60,GCASH,PAID,COMPLETED,TXN-GCA-41070420
ORD-20260205-04141-B8CB6,2026-02-05 15:52:45,ONLINE,Lisa Manoban,Sweet & Chili Crab Bucket x1; Crispy Seafood Basket x3,4890.00,586.80,60.00,5536.80,HYBRID (Cash + GCash),PAID,COMPLETED,TXN-HYB-11012384
ORD-20260205-04999-6C7D1,2026-02-05 16:59:32,ONLINE,Juan Tamad,Crispy Seafood Basket x2,1960.00,235.20,120.00,2315.20,GCASH,PAID,COMPLETED,TXN-GCA-74131745
ORD-20260205-02735-528D6,2026-02-05 17:46:53,ONLINE,Lisa Manoban,Seafood Cajun Boil x1,1850.00,222.00,60.00,2132.00,GCASH,PAID,COMPLETED,TXN-GCA-77226273
ORD-20260205-00300-4FF97,2026-02-05 18:04:32,ON_SITE,Marian Rivera,Seafood Cajun Boil x1,1850.00,222.00,0.00,2072.00,HYBRID (Cash + GCash),PAID,COMPLETED,TXN-HYB-28594501
ORD-20260206-03835-5A243,2026-02-06 10:44:15,ONLINE,Mark Bautista,Grilled Seafood Platter x2; Seafood Cajun Boil x1,6050.00,726.00,85.00,6861.00,GCASH,PAID,COMPLETED,TXN-GCA-77463008
ORD-20260206-00785-C215E,2026-02-06 16:39:10,ON_SITE,Carlos Mendoza,Sweet & Chili Crab Bucket x1,1950.00,234.00,0.00,2184.00,SPLIT (Cash + GCash),PAID,COMPLETED,TXN-SPL-22315875
ORD-20260206-04231-83561,2026-02-06 18:56:58,ON_SITE,Ana Reyes,Fresh Calamansi Juice Pitcher x1,280.00,33.60,0.00,313.60,CASH,PAID,COMPLETED,TXN-CAS-64634069
ORD-20260206-00246-8BDFD,2026-02-06 19:15:51,ONLINE,Ana Reyes,Seafood Bilao Feast x1; Classic Seafood Paella x1,4050.00,486.00,50.00,4586.00,GCASH,PAID,COMPLETED,TXN-GCA-88217964
ORD-20260207-03729-B00E7,2026-02-07 10:18:02,ONLINE,Ana Reyes,Seafood Bilao Feast x1,2400.00,288.00,120.00,2808.00,COD,PENDING,CANCELLED,N/A
ORD-20260207-03983-B03A8,2026-02-07 17:26:37,ON_SITE,Clara Dizon,Sweet & Chili Crab Bucket x1; Grilled Seafood Platter x2,6150.00,738.00,0.00,6888.00,CASH,PAID,COMPLETED,TXN-CAS-26341696
ORD-20260207-04358-64861,2026-02-07 19:32:39,ON_SITE,Matteo Guidicelli,Grilled Seafood Platter x1; Crispy Seafood Basket x1; Seafood Cajun Boil x1,4930.00,591.60,0.00,5521.60,GCASH,PAID,COMPLETED,TXN-GCA-63712538
ORD-20260208-01816-C7530,2026-02-08 13:37:14,ON_SITE,Carlos Mendoza,Garlic Butter Prawns x1; Classic Seafood Paella x2; Sweet & Chili Crab Bucket x1; Seafood Cajun Boil x1,8350.00,1002.00,0.00,9352.00,GCASH,PAID,COMPLETED,TXN-GCA-87386888
ORD-20260208-01508-E2F9E,2026-02-08 15:29:11,ON_SITE,Carlos Mendoza,Seafood Cajun Boil x2,3700.00,444.00,0.00,4144.00,CASH,PAID,COMPLETED,TXN-CAS-93129214
ORD-20260209-01959-9BEC9,2026-02-09 16:03:30,ON_SITE,Marian Rivera,Seafood Cajun Boil x1,1850.00,222.00,0.00,2072.00,CASH,PAID,COMPLETED,TXN-CAS-49593162
ORD-20260209-01998-0D1CC,2026-02-09 16:18:16,ONLINE,Lisa Manoban,Seafood Cajun Boil x2; Crispy Seafood Basket x1,4680.00,561.60,120.00,5361.60,GCASH,PAID,COMPLETED,TXN-GCA-97495964
ORD-20260209-01405-D0377,2026-02-09 16:27:01,ONLINE,Ana Reyes,Sweet & Chili Crab Bucket x3,5850.00,702.00,85.00,6637.00,GCASH,PAID,COMPLETED,TXN-GCA-74202594
ORD-20260209-02349-322F9,2026-02-09 20:42:30,ONLINE,Mark Bautista,Crispy Seafood Basket x2,1960.00,235.20,75.00,2270.20,GCASH,PAID,COMPLETED,TXN-GCA-83035832
ORD-20260210-01284-F1B70,2026-02-10 12:40:20,ON_SITE,Pedro Penduko,Seafood Bilao Feast x1; Sweet & Chili Crab Bucket x2,6300.00,756.00,0.00,7056.00,SPLIT (Cash + GCash),PAID,COMPLETED,TXN-SPL-92520053
ORD-20260210-03228-48C70,2026-02-10 16:36:22,ONLINE,Clara Dizon,Crispy Seafood Basket x2; Garlic Butter Prawns x1; Classic Seafood Paella x1,4860.00,583.20,120.00,5563.20,GCASH,PAID,IN_PROCESS,TXN-GCA-80395013
ORD-20260210-01847-2E287,2026-02-10 18:15:07,ONLINE,Mark Bautista,Garlic Butter Prawns x1; Classic Seafood Paella x1,2900.00,348.00,75.00,3323.00,GCASH,PAID,COMPLETED,TXN-GCA-94729884
ORD-20260210-02729-2AA56,2026-02-10 19:21:25,ONLINE,Ana Reyes,Fresh Calamansi Juice Pitcher x1,280.00,33.60,85.00,398.60,HYBRID (Cash + GCash),PAID,COMPLETED,TXN-HYB-60054373
ORD-20260210-03911-0DB2E,2026-02-10 21:06:00,ONLINE,Clara Dizon,Sweet & Chili Crab Bucket x1,1950.00,234.00,60.00,2244.00,GCASH,PAID,COMPLETED,TXN-GCA-85544934
ORD-20260211-02677-61108,2026-02-11 10:24:09,ONLINE,Clara Dizon,Garlic Butter Prawns x1,1250.00,150.00,75.00,1475.00,GCASH,FAILED,CANCELLED,N/A
ORD-20260211-01565-23F15,2026-02-11 13:35:57,ON_SITE,Mark Bautista,Sweet & Chili Crab Bucket x1,1950.00,234.00,0.00,2184.00,SPLIT (Cash + GCash),PAID,COMPLETED,TXN-SPL-64248775
ORD-20260211-00217-93BBF,2026-02-11 17:04:47,ON_SITE,Dindo Dela Cruz,Classic Seafood Paella x2,3300.00,396.00,0.00,3696.00,CASH,PAID,COMPLETED,TXN-CAS-41455393
ORD-20260211-04307-E70E8,2026-02-11 17:24:44,ON_SITE,Ramon Magsaysay Jr.,Crispy Seafood Basket x3,2940.00,352.80,0.00,3292.80,CASH,PAID,COMPLETED,TXN-CAS-46023779
ORD-20260211-04724-5C0FF,2026-02-11 18:35:16,ONLINE,Ana Reyes,Seafood Bilao Feast x2; Classic Seafood Paella x1,6450.00,774.00,100.00,7324.00,HYBRID (Cash + GCash),PAID,COMPLETED,TXN-HYB-42375938
ORD-20260211-00686-F54C5,2026-02-11 18:38:05,ONLINE,Juan Tamad,Seafood Bilao Feast x1; Fresh Calamansi Juice Pitcher x1,2680.00,321.60,120.00,3121.60,GCASH,PAID,COMPLETED,TXN-GCA-25110884
ORD-20260211-03495-42379,2026-02-11 18:38:05,ON_SITE,Matteo Guidicelli,Grilled Seafood Platter x1; Classic Seafood Paella x1,3750.00,450.00,0.00,4200.00,CASH,PAID,COMPLETED,TXN-CAS-99391543
ORD-20260211-03358-9E00F,2026-02-11 21:50:41,ONLINE,Pedro Penduko,Garlic Butter Prawns x1,1250.00,150.00,85.00,1485.00,GCASH,PAID,COMPLETED,TXN-GCA-13129893
ORD-20260212-00082-64DBB,2026-02-12 10:48:15,ONLINE,Lisa Manoban,Classic Seafood Paella x2,3300.00,396.00,75.00,3771.00,GCASH,PAID,COMPLETED,TXN-GCA-58283002
ORD-20260212-00506-D11E0,2026-02-12 12:08:01,ON_SITE,Sarah Geronimo,Seafood Bilao Feast x1; Seafood Cajun Boil x1; Classic Seafood Paella x1,5900.00,708.00,0.00,6608.00,GCASH,PAID,COMPLETED,TXN-GCA-90867888
ORD-20260212-04290-A1BBA,2026-02-12 14:49:06,ON_SITE,Marian Rivera,Grilled Seafood Platter x1,2100.00,252.00,0.00,2352.00,CASH,PAID,COMPLETED,TXN-CAS-88521957
ORD-20260212-01883-B3096,2026-02-12 18:38:47,ONLINE,Mark Bautista,Crispy Seafood Basket x2; Garlic Butter Prawns x1; Seafood Cajun Boil x2; Grilled Seafood Platter x1,9010.00,1081.20,50.00,10141.20,SPLIT (Cash + GCash),PENDING,CANCELLED,N/A
ORD-20260213-01387-44F30,2026-02-13 10:22:36,ON_SITE,Ramon Magsaysay Jr.,Fresh Calamansi Juice Pitcher x2,560.00,67.20,0.00,627.20,SPLIT (Cash + GCash),PAID,COMPLETED,TXN-SPL-70971046
ORD-20260213-03485-4F707,2026-02-13 13:05:12,ONLINE,Juan Tamad,Sweet & Chili Crab Bucket x1; Crispy Seafood Basket x2; Seafood Cajun Boil x3,9460.00,1135.20,120.00,10715.20,GCASH,PAID,COMPLETED,TXN-GCA-70875833
ORD-20260213-03536-8D2F5,2026-02-13 14:56:55,ONLINE,Lisa Manoban,Garlic Butter Prawns x1; Grilled Seafood Platter x1,3350.00,402.00,100.00,3852.00,HYBRID (Cash + GCash),PAID,COMPLETED,TXN-HYB-59519721
ORD-20260213-04938-374A0,2026-02-13 15:59:08,ONLINE,Lisa Manoban,Seafood Cajun Boil x1; Crispy Seafood Basket x1; Fresh Calamansi Juice Pitcher x1; Classic Seafood Paella x1,4760.00,571.20,60.00,5391.20,MAYA,PAID,COMPLETED,TXN-MAY-63046301
ORD-20260213-01626-02ECA,2026-02-13 16:46:28,ONLINE,Clara Dizon,Garlic Butter Prawns x2,2500.00,300.00,100.00,2900.00,SPLIT (Cash + GCash),PAID,COMPLETED,TXN-SPL-60192863
ORD-20260213-01620-D9A35,2026-02-13 19:39:47,ONLINE,Ana Reyes,Seafood Cajun Boil x2; Garlic Butter Prawns x1; Fresh Calamansi Juice Pitcher x1,5230.00,627.60,85.00,5942.60,CASH,PAID,COMPLETED,TXN-CAS-70535919
ORD-20260213-03401-00CEF,2026-02-13 20:19:39,ONLINE,Pedro Penduko,Grilled Seafood Platter x1; Sweet & Chili Crab Bucket x2; Fresh Calamansi Juice Pitcher x1,6280.00,753.60,100.00,7133.60,GCASH,PAID,COMPLETED,TXN-GCA-25890769
ORD-20260213-04604-64A3D,2026-02-13 21:25:16,ONLINE,Mark Bautista,Crispy Seafood Basket x1; Classic Seafood Paella x2,4280.00,513.60,85.00,4878.60,CASH,PAID,COMPLETED,TXN-CAS-91502733
ORD-20260214-00224-5ACEF,2026-02-14 12:24:29,ONLINE,Clara Dizon,Garlic Butter Prawns x1,1250.00,150.00,60.00,1460.00,HYBRID (Cash + GCash),PAID,COMPLETED,TXN-HYB-92766141
ORD-20260214-00962-64251,2026-02-14 15:17:22,ONLINE,Ana Reyes,Crispy Seafood Basket x1; Sweet & Chili Crab Bucket x2,4880.00,585.60,75.00,5540.60,MAYA,PAID,COMPLETED,TXN-MAY-75454622
ORD-20260214-04249-C8637,2026-02-14 15:42:33,ONLINE,Lisa Manoban,Sweet & Chili Crab Bucket x2,3900.00,468.00,120.00,4488.00,GCASH,PAID,COMPLETED,TXN-GCA-39155173
ORD-20260214-04400-FBE76,2026-02-14 17:01:48,ONLINE,Mark Bautista,Garlic Butter Prawns x1; Seafood Cajun Boil x1; Fresh Calamansi Juice Pitcher x3,3940.00,472.80,75.00,4487.80,CASH,PAID,COMPLETED,TXN-CAS-25465555
ORD-20260214-00539-A36A8,2026-02-14 17:05:28,ON_SITE,Mark Bautista,Fresh Calamansi Juice Pitcher x1; Seafood Cajun Boil x1,2130.00,255.60,0.00,2385.60,CASH,PAID,COMPLETED,TXN-CAS-54657638
ORD-20260214-04755-C0666,2026-02-14 19:20:35,ONLINE,Pedro Penduko,Classic Seafood Paella x2,3300.00,396.00,85.00,3781.00,HYBRID (Cash + GCash),PAID,COMPLETED,TXN-HYB-81226061
ORD-20260215-00885-E383E,2026-02-15 10:20:11,ONLINE,Lisa Manoban,Garlic Butter Prawns x1; Seafood Bilao Feast x1; Crispy Seafood Basket x1,4630.00,555.60,120.00,5305.60,GCASH,PENDING,IN_PROCESS,N/A
ORD-20260215-01949-99886,2026-02-15 10:30:29,ONLINE,Juan Tamad,Seafood Bilao Feast x1; Grilled Seafood Platter x2; Seafood Cajun Boil x1,8450.00,1014.00,85.00,9549.00,GCASH,PAID,IN_PROCESS,TXN-GCA-75808620
ORD-20260215-03390-DED2C,2026-02-15 11:15:40,ONLINE,Juan Tamad,Garlic Butter Prawns x1; Fresh Calamansi Juice Pitcher x1; Seafood Cajun Boil x1; Seafood Bilao Feast x1,5780.00,693.60,100.00,6573.60,CASH,PAID,COMPLETED,TXN-CAS-53719660
ORD-20260215-02249-E011D,2026-02-15 14:07:43,ON_SITE,Giselle Hernandez,Seafood Cajun Boil x1; Sweet & Chili Crab Bucket x1; Grilled Seafood Platter x1; Fresh Calamansi Juice Pitcher x2,6460.00,775.20,0.00,7235.20,HYBRID (Cash + GCash),PAID,COMPLETED,TXN-HYB-35338526
ORD-20260215-04956-C9006,2026-02-15 20:53:49,ON_SITE,Ana Reyes,Grilled Seafood Platter x1,2100.00,252.00,0.00,2352.00,SPLIT (Cash + GCash),PAID,COMPLETED,TXN-SPL-47579665
ORD-20260216-00261-890BF,2026-02-16 10:56:52,ON_SITE,Bea Alonzo,Seafood Bilao Feast x2,4800.00,576.00,0.00,5376.00,GCASH,PENDING,IN_PROCESS,N/A
ORD-20260216-02263-43B21,2026-02-16 11:25:19,ON_SITE,Mark Bautista,Grilled Seafood Platter x1; Classic Seafood Paella x1,3750.00,450.00,0.00,4200.00,HYBRID (Cash + GCash),PAID,COMPLETED,TXN-HYB-37096260
ORD-20260216-01728-77021,2026-02-16 17:10:44,ONLINE,Mark Bautista,Grilled Seafood Platter x3,6300.00,756.00,85.00,7141.00,CASH,PAID,COMPLETED,TXN-CAS-64819784
ORD-20260216-02388-F8D49,2026-02-16 17:10:50,ON_SITE,Pedro Penduko,Fresh Calamansi Juice Pitcher x1,280.00,33.60,0.00,313.60,CASH,PAID,COMPLETED,TXN-CAS-50988957
ORD-20260216-04643-B14FC,2026-02-16 17:32:23,ONLINE,Pedro Penduko,Grilled Seafood Platter x2,4200.00,504.00,60.00,4764.00,GCASH,PAID,COMPLETED,TXN-GCA-43462180
ORD-20260216-01605-BCDE0,2026-02-16 18:34:47,ONLINE,Lisa Manoban,Fresh Calamansi Juice Pitcher x1; Garlic Butter Prawns x1,1530.00,183.60,60.00,1773.60,GCASH,FAILED,CANCELLED,N/A
ORD-20260216-01683-DFB57,2026-02-16 20:24:58,ONLINE,Juan Tamad,Sweet & Chili Crab Bucket x1,1950.00,234.00,85.00,2269.00,GCASH,PAID,COMPLETED,TXN-GCA-17902116
ORD-20260216-03192-FD743,2026-02-16 20:50:08,ON_SITE,Ferdinand Marcos,Seafood Bilao Feast x1; Garlic Butter Prawns x1; Grilled Seafood Platter x1,5750.00,690.00,0.00,6440.00,CASH,FAILED,CANCELLED,N/A
ORD-20260216-04637-6F319,2026-02-16 21:16:38,ON_SITE,Matteo Guidicelli,Seafood Bilao Feast x1; Crispy Seafood Basket x1; Seafood Cajun Boil x1; Garlic Butter Prawns x2,7730.00,927.60,0.00,8657.60,GCASH,PAID,COMPLETED,TXN-GCA-31059468
ORD-20260217-02153-51270,2026-02-17 15:31:53,ON_SITE,Giselle Hernandez,Sweet & Chili Crab Bucket x1,1950.00,234.00,0.00,2184.00,SPLIT (Cash + GCash),PAID,COMPLETED,TXN-SPL-82489611
ORD-20260217-00218-3F287,2026-02-17 19:02:23,ONLINE,Clara Dizon,Grilled Seafood Platter x1,2100.00,252.00,120.00,2472.00,HYBRID (Cash + GCash),PAID,COMPLETED,TXN-HYB-40447300
ORD-20260218-02412-64823,2026-02-18 11:11:03,ONLINE,Lisa Manoban,Grilled Seafood Platter x2; Garlic Butter Prawns x1; Crispy Seafood Basket x1,6430.00,771.60,75.00,7276.60,MAYA,PAID,IN_PROCESS,TXN-MAY-16165614
ORD-20260218-03009-B7347,2026-02-18 13:38:23,ONLINE,Lisa Manoban,Seafood Bilao Feast x1; Sweet & Chili Crab Bucket x1; Grilled Seafood Platter x1; Classic Seafood Paella x1,8100.00,972.00,75.00,9147.00,CASH,PENDING,IN_PROCESS,N/A
ORD-20260218-01366-BD7A6,2026-02-18 15:28:05,ON_SITE,Mark Bautista,Seafood Bilao Feast x2,4800.00,576.00,0.00,5376.00,CASH,PAID,COMPLETED,TXN-CAS-45891279
ORD-20260218-01696-45BD3,2026-02-18 19:37:21,ON_SITE,Lisa Manoban,Classic Seafood Paella x1,1650.00,198.00,0.00,1848.00,SPLIT (Cash + GCash),PAID,COMPLETED,TXN-SPL-73899018
ORD-20260218-01550-A2A09,2026-02-18 19:53:19,ON_SITE,Giselle Hernandez,Classic Seafood Paella x3; Fresh Calamansi Juice Pitcher x3,5790.00,694.80,0.00,6484.80,HYBRID (Cash + GCash),PAID,COMPLETED,TXN-HYB-19018090
ORD-20260218-00316-C62D0,2026-02-18 20:44:50,ON_SITE,Mark Bautista,Seafood Cajun Boil x1,1850.00,222.00,0.00,2072.00,GCASH,PAID,COMPLETED,TXN-GCA-44226990
ORD-20260219-01124-2E1FB,2026-02-19 15:19:43,ON_SITE,Matteo Guidicelli,Grilled Seafood Platter x1; Crispy Seafood Basket x1; Garlic Butter Prawns x1,4330.00,519.60,0.00,4849.60,CASH,PAID,COMPLETED,TXN-CAS-64870526
ORD-20260219-02328-566CC,2026-02-19 18:23:33,ONLINE,Pedro Penduko,Garlic Butter Prawns x2,2500.00,300.00,60.00,2860.00,HYBRID (Cash + GCash),PAID,COMPLETED,TXN-HYB-57863303
ORD-20260219-01003-4D48D,2026-02-19 19:08:07,ON_SITE,Giselle Hernandez,Grilled Seafood Platter x1; Seafood Bilao Feast x1,4500.00,540.00,0.00,5040.00,CASH,PAID,COMPLETED,TXN-CAS-16796732
ORD-20260219-01237-F19EE,2026-02-19 21:11:48,ON_SITE,Bea Alonzo,Crispy Seafood Basket x1,980.00,117.60,0.00,1097.60,CASH,PAID,COMPLETED,TXN-CAS-29411112
ORD-20260220-03614-64412,2026-02-20 17:37:29,ON_SITE,Kathryn Bernardo,Seafood Cajun Boil x1; Seafood Bilao Feast x2,6650.00,798.00,0.00,7448.00,GCASH,PAID,COMPLETED,TXN-GCA-34466899
ORD-20260221-04563-F8015,2026-02-21 11:11:13,ONLINE,Ana Reyes,Grilled Seafood Platter x3; Crispy Seafood Basket x1,7280.00,873.60,60.00,8213.60,CASH,PAID,COMPLETED,TXN-CAS-43688045
ORD-20260221-02334-3C333,2026-02-21 11:22:20,ON_SITE,Carlos Mendoza,Classic Seafood Paella x1,1650.00,198.00,0.00,1848.00,GCASH,PAID,COMPLETED,TXN-GCA-80536534
ORD-20260221-01451-02533,2026-02-21 12:24:17,ON_SITE,Joshua Garcia,Seafood Bilao Feast x1; Classic Seafood Paella x1,4050.00,486.00,0.00,4536.00,CASH,PAID,COMPLETED,TXN-CAS-28466427
ORD-20260221-04691-BCF4A,2026-02-21 12:58:20,ONLINE,Clara Dizon,Garlic Butter Prawns x1; Seafood Cajun Boil x1,3100.00,372.00,85.00,3557.00,GCASH,PAID,COMPLETED,TXN-GCA-58158004
ORD-20260221-02163-6D965,2026-02-21 13:22:14,ON_SITE,Matteo Guidicelli,Crispy Seafood Basket x1; Grilled Seafood Platter x1,3080.00,369.60,0.00,3449.60,CASH,PAID,COMPLETED,TXN-CAS-46689527
ORD-20260221-02642-A6EAE,2026-02-21 15:17:57,ONLINE,Pedro Penduko,Fresh Calamansi Juice Pitcher x1; Garlic Butter Prawns x1; Sweet & Chili Crab Bucket x1,3480.00,417.60,100.00,3997.60,GCASH,PAID,COMPLETED,TXN-GCA-74091719
ORD-20260221-02162-E3572,2026-02-21 15:45:48,ONLINE,Clara Dizon,Fresh Calamansi Juice Pitcher x2; Seafood Bilao Feast x1; Sweet & Chili Crab Bucket x2,6860.00,823.20,75.00,7758.20,CASH,PAID,COMPLETED,TXN-CAS-80637825
ORD-20260221-03889-64898,2026-02-21 16:00:24,ON_SITE,Juan Tamad,Grilled Seafood Platter x1; Crispy Seafood Basket x1,3080.00,369.60,0.00,3449.60,GCASH,PAID,COMPLETED,TXN-GCA-30075160
ORD-20260221-02204-EFB9B,2026-02-21 17:42:33,ON_SITE,Dindo Dela Cruz,Seafood Bilao Feast x2; Crispy Seafood Basket x1,5780.00,693.60,0.00,6473.60,CASH,PAID,COMPLETED,TXN-CAS-87553015
ORD-20260221-04223-E94C7,2026-02-21 18:01:55,ONLINE,Lisa Manoban,Sweet & Chili Crab Bucket x1,1950.00,234.00,60.00,2244.00,SPLIT (Cash + GCash),FAILED,CANCELLED,N/A
ORD-20260221-00902-DC633,2026-02-21 20:02:01,ON_SITE,Mark Bautista,Grilled Seafood Platter x1; Sweet & Chili Crab Bucket x2,6000.00,720.00,0.00,6720.00,CASH,PAID,COMPLETED,TXN-CAS-36123443
ORD-20260222-00912-E116D,2026-02-22 11:07:20,ONLINE,Pedro Penduko,Garlic Butter Prawns x1,1250.00,150.00,60.00,1460.00,HYBRID (Cash + GCash),PAID,COMPLETED,TXN-HYB-13129008
ORD-20260222-01973-7CC62,2026-02-22 11:07:22,ONLINE,Lisa Manoban,Seafood Cajun Boil x1; Crispy Seafood Basket x1,2830.00,339.60,60.00,3229.60,GCASH,FAILED,CANCELLED,N/A
ORD-20260222-00445-FDC1F,2026-02-22 13:59:04,ONLINE,Juan Tamad,Garlic Butter Prawns x1; Seafood Cajun Boil x1; Seafood Bilao Feast x1,5500.00,660.00,50.00,6210.00,HYBRID (Cash + GCash),PAID,COMPLETED,TXN-HYB-92052666
ORD-20260222-02745-5BF83,2026-02-22 16:37:40,ON_SITE,Ferdinand Marcos,Seafood Cajun Boil x1,1850.00,222.00,0.00,2072.00,CASH,PAID,IN_PROCESS,TXN-CAS-15835329
ORD-20260222-02626-E15EA,2026-02-22 21:32:11,ON_SITE,Marian Rivera,Seafood Bilao Feast x1; Garlic Butter Prawns x2; Crispy Seafood Basket x2,6860.00,823.20,0.00,7683.20,GCASH,PAID,COMPLETED,TXN-GCA-54480533
ORD-20260223-02420-8AD95,2026-02-23 11:07:23,ONLINE,Juan Tamad,Fresh Calamansi Juice Pitcher x1; Seafood Bilao Feast x1,2680.00,321.60,60.00,3061.60,GCASH,PAID,COMPLETED,TXN-GCA-28851613
ORD-20260224-02217-A8B45,2026-02-24 11:53:31,ONLINE,Pedro Penduko,Grilled Seafood Platter x1,2100.00,252.00,75.00,2427.00,GCASH,PAID,COMPLETED,TXN-GCA-56146591
ORD-20260224-01800-AE1F5,2026-02-24 13:41:32,ON_SITE,Ramon Magsaysay Jr.,Grilled Seafood Platter x2; Seafood Bilao Feast x1,6600.00,792.00,0.00,7392.00,GCASH,PAID,COMPLETED,TXN-GCA-88630693
ORD-20260224-04412-2833C,2026-02-24 15:08:54,ONLINE,Clara Dizon,Fresh Calamansi Juice Pitcher x2; Crispy Seafood Basket x1,1540.00,184.80,75.00,1799.80,SPLIT (Cash + GCash),PAID,COMPLETED,TXN-SPL-38034914
ORD-20260224-04706-94427,2026-02-24 16:05:41,ON_SITE,Giselle Hernandez,Sweet & Chili Crab Bucket x2,3900.00,468.00,0.00,4368.00,GCASH,PAID,COMPLETED,TXN-GCA-22651719
ORD-20260224-00627-BB67B,2026-02-24 20:38:02,ONLINE,Mark Bautista,Fresh Calamansi Juice Pitcher x2; Grilled Seafood Platter x2,4760.00,571.20,75.00,5406.20,SPLIT (Cash + GCash),PAID,COMPLETED,TXN-SPL-62933063
ORD-20260224-04835-4849E,2026-02-24 20:49:47,ON_SITE,Alden Richards,Garlic Butter Prawns x2; Seafood Bilao Feast x1,4900.00,588.00,0.00,5488.00,CASH,PAID,COMPLETED,TXN-CAS-37339379
ORD-20260225-02327-86048,2026-02-25 15:28:54,ONLINE,Juan Tamad,Fresh Calamansi Juice Pitcher x1; Sweet & Chili Crab Bucket x1; Garlic Butter Prawns x1,3480.00,417.60,120.00,4017.60,COD,PAID,COMPLETED,TXN-COD-57179709
ORD-20260225-00558-A5D17,2026-02-25 15:47:53,ON_SITE,Giselle Hernandez,Classic Seafood Paella x1; Seafood Cajun Boil x1; Seafood Bilao Feast x1,5900.00,708.00,0.00,6608.00,CASH,PAID,COMPLETED,TXN-CAS-48621060
ORD-20260225-02543-66121,2026-02-25 16:41:26,ON_SITE,Clara Dizon,Grilled Seafood Platter x2,4200.00,504.00,0.00,4704.00,CASH,PAID,COMPLETED,TXN-CAS-98468260
ORD-20260226-00500-11D2E,2026-02-26 21:40:28,ONLINE,Pedro Penduko,Crispy Seafood Basket x1; Grilled Seafood Platter x1,3080.00,369.60,100.00,3549.60,COD,PAID,COMPLETED,TXN-COD-42068188
ORD-20260227-03064-774B9,2026-02-27 10:30:13,ON_SITE,Ferdinand Marcos,Seafood Bilao Feast x1; Grilled Seafood Platter x1,4500.00,540.00,0.00,5040.00,GCASH,PAID,COMPLETED,TXN-GCA-76967018
ORD-20260227-02648-5CE42,2026-02-27 12:51:44,ON_SITE,Alden Richards,Classic Seafood Paella x1,1650.00,198.00,0.00,1848.00,GCASH,PAID,COMPLETED,TXN-GCA-84050195
ORD-20260227-04431-6A190,2026-02-27 14:08:35,ONLINE,Ana Reyes,Seafood Bilao Feast x3,7200.00,864.00,75.00,8139.00,GCASH,PAID,COMPLETED,TXN-GCA-50108247
ORD-20260227-01131-EFA92,2026-02-27 17:09:36,ON_SITE,Clara Dizon,Garlic Butter Prawns x1,1250.00,150.00,0.00,1400.00,CASH,PAID,COMPLETED,TXN-CAS-54435613
ORD-20260227-00585-D36F0,2026-02-27 19:10:36,ON_SITE,Maria Clara Santos,Seafood Cajun Boil x1,1850.00,222.00,0.00,2072.00,CASH,PAID,COMPLETED,TXN-CAS-97165423
ORD-20260227-00758-CF82D,2026-02-27 20:14:13,ONLINE,Juan Tamad,Sweet & Chili Crab Bucket x1; Fresh Calamansi Juice Pitcher x1,2230.00,267.60,100.00,2597.60,COD,REFUNDED,CANCELLED,N/A
ORD-20260228-00554-12275,2026-02-28 18:50:58,ON_SITE,Joshua Garcia,Garlic Butter Prawns x2,2500.00,300.00,0.00,2800.00,CASH,PAID,COMPLETED,TXN-CAS-47772041
ORD-20260301-01480-4739C,2026-03-01 10:45:14,ON_SITE,Marian Rivera,Seafood Cajun Boil x1; Classic Seafood Paella x1,3500.00,420.00,0.00,3920.00,CASH,PAID,COMPLETED,TXN-CAS-71477765
ORD-20260301-03210-56ABF,2026-03-01 11:42:55,ON_SITE,Mark Bautista,Crispy Seafood Basket x1,980.00,117.60,0.00,1097.60,GCASH,PAID,COMPLETED,TXN-GCA-36287757
ORD-20260301-01874-67C85,2026-03-01 16:26:00,ONLINE,Pedro Penduko,Classic Seafood Paella x1,1650.00,198.00,75.00,1923.00,GCASH,PENDING,IN_PROCESS,N/A
ORD-20260301-03635-F1D70,2026-03-01 17:14:42,ONLINE,Lisa Manoban,Seafood Bilao Feast x1; Crispy Seafood Basket x1,3380.00,405.60,120.00,3905.60,GCASH,PAID,COMPLETED,TXN-GCA-79657755
ORD-20260301-01971-58776,2026-03-01 17:16:43,ON_SITE,Maria Clara Santos,Classic Seafood Paella x2,3300.00,396.00,0.00,3696.00,GCASH,PAID,COMPLETED,TXN-GCA-24388943
ORD-20260301-01051-9325A,2026-03-01 17:31:30,ONLINE,Juan Tamad,Classic Seafood Paella x1,1650.00,198.00,60.00,1908.00,GCASH,PAID,COMPLETED,TXN-GCA-78180820
ORD-20260301-01177-7016B,2026-03-01 18:09:53,ON_SITE,Juan Tamad,Garlic Butter Prawns x3,3750.00,450.00,0.00,4200.00,SPLIT (Cash + GCash),PAID,COMPLETED,TXN-SPL-46456837
ORD-20260301-00667-C446B,2026-03-01 18:29:48,ONLINE,Pedro Penduko,Seafood Bilao Feast x1,2400.00,288.00,75.00,2763.00,GCASH,PAID,COMPLETED,TXN-GCA-32871450
ORD-20260301-02145-33E68,2026-03-01 20:12:57,ONLINE,Pedro Penduko,Seafood Cajun Boil x3,5550.00,666.00,100.00,6316.00,GCASH,PAID,COMPLETED,TXN-GCA-56384157
ORD-20260301-02483-492C2,2026-03-01 20:29:03,ONLINE,Juan Tamad,Crispy Seafood Basket x1,980.00,117.60,75.00,1172.60,COD,PAID,COMPLETED,TXN-COD-71964965
ORD-20260302-00673-DFBA4,2026-03-02 18:48:59,ONLINE,Ana Reyes,Classic Seafood Paella x1,1650.00,198.00,60.00,1908.00,HYBRID (Cash + GCash),PAID,COMPLETED,TXN-HYB-54292662
ORD-20260302-00656-841F6,2026-03-02 21:50:30,ON_SITE,Ana Reyes,Crispy Seafood Basket x1; Seafood Bilao Feast x1,3380.00,405.60,0.00,3785.60,HYBRID (Cash + GCash),PAID,COMPLETED,TXN-HYB-42536576
ORD-20260303-03336-4E44C,2026-03-03 10:58:44,ONLINE,Pedro Penduko,Fresh Calamansi Juice Pitcher x2; Classic Seafood Paella x2,3860.00,463.20,75.00,4398.20,GCASH,PAID,COMPLETED,TXN-GCA-98508071
ORD-20260303-00905-97709,2026-03-03 11:04:03,ON_SITE,Pedro Penduko,Sweet & Chili Crab Bucket x1,1950.00,234.00,0.00,2184.00,CASH,PAID,COMPLETED,TXN-CAS-89851767
ORD-20260303-01125-EBB5C,2026-03-03 14:28:57,ON_SITE,Clara Dizon,Sweet & Chili Crab Bucket x1,1950.00,234.00,0.00,2184.00,GCASH,PAID,COMPLETED,TXN-GCA-24633468
ORD-20260303-03067-1E3B3,2026-03-03 14:38:47,ONLINE,Juan Tamad,Classic Seafood Paella x1; Grilled Seafood Platter x1; Seafood Bilao Feast x1,6150.00,738.00,50.00,6938.00,GCASH,PAID,COMPLETED,TXN-GCA-92441946
ORD-20260303-00517-E48F2,2026-03-03 18:07:03,ON_SITE,Bea Alonzo,Garlic Butter Prawns x1; Fresh Calamansi Juice Pitcher x1,1530.00,183.60,0.00,1713.60,CASH,PAID,COMPLETED,TXN-CAS-29817039
ORD-20260303-03965-162B7,2026-03-03 19:12:02,ON_SITE,Lisa Manoban,Crispy Seafood Basket x1,980.00,117.60,0.00,1097.60,SPLIT (Cash + GCash),PAID,COMPLETED,TXN-SPL-19749180
ORD-20260303-00096-32FC6,2026-03-03 20:26:46,ONLINE,Juan Tamad,Sweet & Chili Crab Bucket x1,1950.00,234.00,75.00,2259.00,MAYA,PAID,COMPLETED,TXN-MAY-92164962
ORD-20260304-01289-48CB3,2026-03-04 10:13:37,ON_SITE,Ana Reyes,Classic Seafood Paella x2,3300.00,396.00,0.00,3696.00,HYBRID (Cash + GCash),PAID,COMPLETED,TXN-HYB-39088914
ORD-20260304-02491-BC1AA,2026-03-04 12:05:51,ON_SITE,Mark Bautista,Sweet & Chili Crab Bucket x1; Seafood Bilao Feast x1,4350.00,522.00,0.00,4872.00,GCASH,PAID,COMPLETED,TXN-GCA-89941392
ORD-20260304-00321-7BB5F,2026-03-04 13:54:01,ON_SITE,Lisa Manoban,Seafood Bilao Feast x1; Grilled Seafood Platter x1; Fresh Calamansi Juice Pitcher x1,4780.00,573.60,0.00,5353.60,GCASH,PAID,COMPLETED,TXN-GCA-78352421
ORD-20260304-00152-23B6B,2026-03-04 18:42:34,ON_SITE,Pedro Penduko,Sweet & Chili Crab Bucket x2; Fresh Calamansi Juice Pitcher x1,4180.00,501.60,0.00,4681.60,MAYA,PAID,COMPLETED,TXN-MAY-21450483
ORD-20260304-02975-DD45E,2026-03-04 18:46:55,ON_SITE,Mark Bautista,Garlic Butter Prawns x1,1250.00,150.00,0.00,1400.00,CASH,FAILED,CANCELLED,N/A
ORD-20260304-04796-5226C,2026-03-04 19:16:26,ON_SITE,Clara Dizon,Fresh Calamansi Juice Pitcher x1; Grilled Seafood Platter x1,2380.00,285.60,0.00,2665.60,HYBRID (Cash + GCash),PAID,COMPLETED,TXN-HYB-43627268
ORD-20260304-00557-2F3F3,2026-03-04 21:44:20,ONLINE,Juan Tamad,Fresh Calamansi Juice Pitcher x1; Classic Seafood Paella x1,1930.00,231.60,60.00,2221.60,GCASH,PAID,COMPLETED,TXN-GCA-70755573
ORD-20260305-03293-F1AC7,2026-03-05 11:14:14,ON_SITE,Ana Reyes,Seafood Bilao Feast x1; Grilled Seafood Platter x1; Fresh Calamansi Juice Pitcher x1,4780.00,573.60,0.00,5353.60,CASH,PAID,COMPLETED,TXN-CAS-78314240
ORD-20260305-02262-73DB3,2026-03-05 13:22:50,ONLINE,Lisa Manoban,Garlic Butter Prawns x1,1250.00,150.00,75.00,1475.00,GCASH,PAID,COMPLETED,TXN-GCA-56662669
ORD-20260305-04173-6A9BD,2026-03-05 14:05:28,ONLINE,Lisa Manoban,Fresh Calamansi Juice Pitcher x1,280.00,33.60,120.00,433.60,GCASH,PAID,COMPLETED,TXN-GCA-42095219
ORD-20260305-02429-7D51C,2026-03-05 16:50:22,ON_SITE,Mark Bautista,Grilled Seafood Platter x2; Crispy Seafood Basket x1,5180.00,621.60,0.00,5801.60,CASH,PAID,COMPLETED,TXN-CAS-75974531
ORD-20260305-02977-79252,2026-03-05 18:53:01,ONLINE,Juan Tamad,Seafood Bilao Feast x1; Sweet & Chili Crab Bucket x1,4350.00,522.00,60.00,4932.00,GCASH,PAID,COMPLETED,TXN-GCA-91645577
ORD-20260305-03755-01B20,2026-03-05 19:15:11,ONLINE,Clara Dizon,Fresh Calamansi Juice Pitcher x3,840.00,100.80,75.00,1015.80,CASH,PAID,COMPLETED,TXN-CAS-54604497
ORD-20260306-02930-5CF5A,2026-03-06 10:11:21,ON_SITE,Lisa Manoban,Sweet & Chili Crab Bucket x2; Garlic Butter Prawns x1; Grilled Seafood Platter x1; Seafood Bilao Feast x1,9650.00,1158.00,0.00,10808.00,GCASH,PAID,COMPLETED,TXN-GCA-79636043
ORD-20260306-02283-AC3A8,2026-03-06 14:02:37,ON_SITE,Maria Clara Santos,Sweet & Chili Crab Bucket x1; Fresh Calamansi Juice Pitcher x2,2510.00,301.20,0.00,2811.20,CASH,PAID,COMPLETED,TXN-CAS-56556565
ORD-20260306-01843-EBEC0,2026-03-06 16:42:59,ON_SITE,Alden Richards,Sweet & Chili Crab Bucket x1; Garlic Butter Prawns x1,3200.00,384.00,0.00,3584.00,HYBRID (Cash + GCash),PAID,COMPLETED,TXN-HYB-54990253
ORD-20260306-02839-DE092,2026-03-06 17:16:39,ON_SITE,Sarah Geronimo,Seafood Bilao Feast x1; Crispy Seafood Basket x1; Grilled Seafood Platter x1,5480.00,657.60,0.00,6137.60,CASH,PENDING,IN_PROCESS,N/A
ORD-20260306-00157-E0D1F,2026-03-06 17:35:00,ON_SITE,Dingdong Dantes,Crispy Seafood Basket x2,1960.00,235.20,0.00,2195.20,MAYA,PAID,COMPLETED,TXN-MAY-52054347
ORD-20260306-04408-9D8B2,2026-03-06 21:24:14,ONLINE,Ana Reyes,Seafood Cajun Boil x1,1850.00,222.00,120.00,2192.00,GCASH,PAID,COMPLETED,TXN-GCA-45712995
ORD-20260307-04234-7E641,2026-03-07 11:31:04,ONLINE,Pedro Penduko,Fresh Calamansi Juice Pitcher x1; Seafood Cajun Boil x1; Grilled Seafood Platter x1,4230.00,507.60,60.00,4797.60,HYBRID (Cash + GCash),PAID,COMPLETED,TXN-HYB-18787659
ORD-20260307-02994-54006,2026-03-07 14:24:38,ONLINE,Clara Dizon,Crispy Seafood Basket x1; Fresh Calamansi Juice Pitcher x2,1540.00,184.80,75.00,1799.80,GCASH,PENDING,IN_PROCESS,N/A
ORD-20260307-04542-35961,2026-03-07 14:53:05,ONLINE,Juan Tamad,Seafood Cajun Boil x1; Garlic Butter Prawns x1,3100.00,372.00,85.00,3557.00,GCASH,PAID,COMPLETED,TXN-GCA-91139519
ORD-20260307-01732-5FD23,2026-03-07 15:57:43,ON_SITE,Pedro Penduko,Seafood Cajun Boil x1,1850.00,222.00,0.00,2072.00,GCASH,PAID,COMPLETED,TXN-GCA-77929213
ORD-20260308-03845-A5F4C,2026-03-08 10:10:02,ON_SITE,Dingdong Dantes,Garlic Butter Prawns x1; Sweet & Chili Crab Bucket x1; Grilled Seafood Platter x1,5300.00,636.00,0.00,5936.00,CASH,PAID,COMPLETED,TXN-CAS-68242400
ORD-20260308-03918-F7D14,2026-03-08 11:07:50,ON_SITE,Carlos Mendoza,Grilled Seafood Platter x1,2100.00,252.00,0.00,2352.00,CASH,PAID,COMPLETED,TXN-CAS-44670866
ORD-20260308-03907-ECC18,2026-03-08 11:51:15,ON_SITE,Giselle Hernandez,Seafood Bilao Feast x1,2400.00,288.00,0.00,2688.00,HYBRID (Cash + GCash),PAID,COMPLETED,TXN-HYB-82732737
ORD-20260308-00378-20E34,2026-03-08 13:52:49,ONLINE,Ana Reyes,Fresh Calamansi Juice Pitcher x1; Crispy Seafood Basket x1; Sweet & Chili Crab Bucket x2,5160.00,619.20,120.00,5899.20,SPLIT (Cash + GCash),PAID,COMPLETED,TXN-SPL-20712918
ORD-20260308-03796-C69F7,2026-03-08 13:54:40,ON_SITE,Kathryn Bernardo,Grilled Seafood Platter x1; Sweet & Chili Crab Bucket x1,4050.00,486.00,0.00,4536.00,CASH,PAID,COMPLETED,TXN-CAS-78092256
ORD-20260308-04692-6EF42,2026-03-08 18:07:09,ON_SITE,Kathryn Bernardo,Grilled Seafood Platter x1,2100.00,252.00,0.00,2352.00,SPLIT (Cash + GCash),PAID,IN_PROCESS,TXN-SPL-72480964
ORD-20260308-01831-CA755,2026-03-08 20:44:48,ONLINE,Lisa Manoban,Seafood Bilao Feast x1; Sweet & Chili Crab Bucket x1; Garlic Butter Prawns x2,6850.00,822.00,75.00,7747.00,SPLIT (Cash + GCash),PAID,COMPLETED,TXN-SPL-11850334
ORD-20260309-03344-8A753,2026-03-09 11:08:12,ON_SITE,Maria Clara Santos,Seafood Bilao Feast x1,2400.00,288.00,0.00,2688.00,HYBRID (Cash + GCash),PAID,COMPLETED,TXN-HYB-36395818
ORD-20260309-00034-17E8F,2026-03-09 12:45:19,ONLINE,Clara Dizon,Sweet & Chili Crab Bucket x1; Grilled Seafood Platter x2,6150.00,738.00,75.00,6963.00,GCASH,PAID,COMPLETED,TXN-GCA-47527928
ORD-20260309-04642-76F5F,2026-03-09 14:00:59,ON_SITE,Lisa Manoban,Garlic Butter Prawns x2; Classic Seafood Paella x1; Grilled Seafood Platter x1,6250.00,750.00,0.00,7000.00,CASH,PAID,COMPLETED,TXN-CAS-20076098
ORD-20260310-00029-06B48,2026-03-10 11:59:47,ON_SITE,Ana Reyes,Garlic Butter Prawns x1,1250.00,150.00,0.00,1400.00,CASH,PAID,COMPLETED,TXN-CAS-18895195
ORD-20260310-03264-92C1D,2026-03-10 13:57:02,ONLINE,Juan Tamad,Seafood Cajun Boil x1; Garlic Butter Prawns x1; Sweet & Chili Crab Bucket x1,5050.00,606.00,50.00,5706.00,MAYA,PAID,IN_PROCESS,TXN-MAY-69249522
ORD-20260310-02590-5A7BA,2026-03-10 14:02:08,ONLINE,Lisa Manoban,Sweet & Chili Crab Bucket x1; Classic Seafood Paella x1; Seafood Cajun Boil x2; Crispy Seafood Basket x1,8280.00,993.60,100.00,9373.60,HYBRID (Cash + GCash),PAID,COMPLETED,TXN-HYB-41641253
ORD-20260310-04427-FDE2A,2026-03-10 15:02:31,ON_SITE,Katrina Halili,Garlic Butter Prawns x1,1250.00,150.00,0.00,1400.00,GCASH,PAID,COMPLETED,TXN-GCA-48378520
ORD-20260310-01964-CBAC5,2026-03-10 15:16:37,ONLINE,Clara Dizon,Seafood Cajun Boil x1; Classic Seafood Paella x1; Fresh Calamansi Juice Pitcher x1,3780.00,453.60,75.00,4308.60,CASH,PAID,COMPLETED,TXN-CAS-38064308
ORD-20260310-02465-6E995,2026-03-10 16:34:36,ONLINE,Clara Dizon,Seafood Bilao Feast x1; Garlic Butter Prawns x1; Grilled Seafood Platter x1,5750.00,690.00,50.00,6490.00,GCASH,PAID,COMPLETED,TXN-GCA-28015295
ORD-20260310-02513-6D472,2026-03-10 18:43:08,ON_SITE,Juan Tamad,Sweet & Chili Crab Bucket x1; Seafood Bilao Feast x1,4350.00,522.00,0.00,4872.00,CASH,PAID,COMPLETED,TXN-CAS-81906732
ORD-20260310-03997-9920B,2026-03-10 20:43:12,ONLINE,Lisa Manoban,Seafood Bilao Feast x1; Seafood Cajun Boil x1,4250.00,510.00,100.00,4860.00,GCASH,PAID,COMPLETED,TXN-GCA-72156788
ORD-20260310-04334-A1A72,2026-03-10 20:45:51,ONLINE,Pedro Penduko,Sweet & Chili Crab Bucket x1,1950.00,234.00,85.00,2269.00,CASH,FAILED,CANCELLED,N/A
ORD-20260311-03602-C1BB6,2026-03-11 11:19:00,ONLINE,Ana Reyes,Sweet & Chili Crab Bucket x1,1950.00,234.00,75.00,2259.00,HYBRID (Cash + GCash),PAID,COMPLETED,TXN-HYB-98414159
ORD-20260311-04169-35CA6,2026-03-11 11:51:48,ON_SITE,Dindo Dela Cruz,Crispy Seafood Basket x1; Grilled Seafood Platter x1,3080.00,369.60,0.00,3449.60,GCASH,PAID,COMPLETED,TXN-GCA-86858008
ORD-20260311-01465-4120C,2026-03-11 12:07:30,ON_SITE,Joshua Garcia,Crispy Seafood Basket x1; Garlic Butter Prawns x2,3480.00,417.60,0.00,3897.60,GCASH,PAID,COMPLETED,TXN-GCA-30266212
ORD-20260311-01766-D9C61,2026-03-11 12:12:30,ON_SITE,Ana Reyes,Crispy Seafood Basket x1,980.00,117.60,0.00,1097.60,HYBRID (Cash + GCash),PAID,COMPLETED,TXN-HYB-60615451
ORD-20260311-01103-7564A,2026-03-11 14:04:02,ON_SITE,Katrina Halili,Sweet & Chili Crab Bucket x1; Garlic Butter Prawns x1; Seafood Bilao Feast x1,5600.00,672.00,0.00,6272.00,CASH,FAILED,CANCELLED,N/A
ORD-20260311-03229-2B6F8,2026-03-11 14:31:53,ONLINE,Juan Tamad,Crispy Seafood Basket x2,1960.00,235.20,100.00,2295.20,HYBRID (Cash + GCash),PAID,COMPLETED,TXN-HYB-56241249
ORD-20260311-01937-72A66,2026-03-11 14:51:25,ON_SITE,Joshua Garcia,Crispy Seafood Basket x2; Garlic Butter Prawns x3,5710.00,685.20,0.00,6395.20,CASH,PAID,COMPLETED,TXN-CAS-50582025
ORD-20260311-03616-42B1E,2026-03-11 16:17:15,ONLINE,Clara Dizon,Fresh Calamansi Juice Pitcher x1; Garlic Butter Prawns x1; Seafood Bilao Feast x1; Sweet & Chili Crab Bucket x1,5880.00,705.60,60.00,6645.60,GCASH,PAID,COMPLETED,TXN-GCA-74361229
ORD-20260311-04493-78E13,2026-03-11 19:11:14,ONLINE,Clara Dizon,Seafood Bilao Feast x1; Grilled Seafood Platter x3,8700.00,1044.00,120.00,9864.00,MAYA,PAID,COMPLETED,TXN-MAY-77988464
ORD-20260311-02993-536A2,2026-03-11 20:02:10,ONLINE,Clara Dizon,Seafood Cajun Boil x2,3700.00,444.00,120.00,4264.00,MAYA,PAID,COMPLETED,TXN-MAY-57077751
ORD-20260311-00079-4D796,2026-03-11 20:46:35,ONLINE,Juan Tamad,Seafood Bilao Feast x1; Crispy Seafood Basket x1; Garlic Butter Prawns x1; Grilled Seafood Platter x1,6730.00,807.60,100.00,7637.60,GCASH,PENDING,IN_PROCESS,N/A
ORD-20260312-01509-0B9F6,2026-03-12 10:58:16,ON_SITE,Maria Clara Santos,Classic Seafood Paella x2,3300.00,396.00,0.00,3696.00,CASH,PENDING,IN_PROCESS,N/A
ORD-20260312-00979-01ACA,2026-03-12 12:13:12,ON_SITE,Juan Tamad,Garlic Butter Prawns x1; Fresh Calamansi Juice Pitcher x1; Grilled Seafood Platter x1,3630.00,435.60,0.00,4065.60,CASH,PAID,COMPLETED,TXN-CAS-51956906
ORD-20260312-03690-EA221,2026-03-12 17:02:55,ONLINE,Mark Bautista,Sweet & Chili Crab Bucket x1,1950.00,234.00,75.00,2259.00,CASH,PAID,COMPLETED,TXN-CAS-59439218
ORD-20260312-01747-6866E,2026-03-12 17:25:23,ONLINE,Pedro Penduko,Grilled Seafood Platter x1; Seafood Bilao Feast x1,4500.00,540.00,120.00,5160.00,GCASH,PAID,COMPLETED,TXN-GCA-48538076
ORD-20260312-02261-7DD00,2026-03-12 19:38:23,ONLINE,Pedro Penduko,Crispy Seafood Basket x1,980.00,117.60,60.00,1157.60,GCASH,PAID,COMPLETED,TXN-GCA-26521142
ORD-20260312-01990-9E282,2026-03-12 19:45:45,ONLINE,Pedro Penduko,Fresh Calamansi Juice Pitcher x1; Sweet & Chili Crab Bucket x3; Seafood Cajun Boil x1,7980.00,957.60,50.00,8987.60,SPLIT (Cash + GCash),PAID,COMPLETED,TXN-SPL-64408328
ORD-20260313-02338-BB945,2026-03-13 10:45:21,ONLINE,Pedro Penduko,Grilled Seafood Platter x1; Seafood Cajun Boil x1,3950.00,474.00,100.00,4524.00,GCASH,PAID,COMPLETED,TXN-GCA-58582943
ORD-20260313-00816-48855,2026-03-13 11:22:58,ON_SITE,Katrina Halili,Garlic Butter Prawns x1; Sweet & Chili Crab Bucket x1,3200.00,384.00,0.00,3584.00,CASH,PAID,COMPLETED,TXN-CAS-68297727
ORD-20260313-02914-5CBC9,2026-03-13 13:07:16,ON_SITE,Bea Alonzo,Garlic Butter Prawns x1,1250.00,150.00,0.00,1400.00,CASH,PAID,COMPLETED,TXN-CAS-64629624
ORD-20260313-01824-56107,2026-03-13 17:23:02,ON_SITE,Mark Bautista,Garlic Butter Prawns x1,1250.00,150.00,0.00,1400.00,CASH,PAID,COMPLETED,TXN-CAS-88377163
ORD-20260314-04078-C216B,2026-03-14 13:53:02,ON_SITE,Bea Alonzo,Grilled Seafood Platter x1,2100.00,252.00,0.00,2352.00,GCASH,PAID,COMPLETED,TXN-GCA-48776325
ORD-20260314-03493-4306F,2026-03-14 15:00:54,ONLINE,Lisa Manoban,Classic Seafood Paella x2,3300.00,396.00,60.00,3756.00,CASH,PAID,COMPLETED,TXN-CAS-40529005
ORD-20260314-01135-2D5BF,2026-03-14 17:00:19,ONLINE,Mark Bautista,Sweet & Chili Crab Bucket x1,1950.00,234.00,60.00,2244.00,GCASH,PENDING,IN_PROCESS,N/A
ORD-20260315-02345-0EEB4,2026-03-15 10:55:00,ON_SITE,Sarah Geronimo,Seafood Cajun Boil x1,1850.00,222.00,0.00,2072.00,GCASH,PAID,COMPLETED,TXN-GCA-30273612
ORD-20260315-04119-D80C8,2026-03-15 10:59:42,ONLINE,Ana Reyes,Fresh Calamansi Juice Pitcher x3,840.00,100.80,120.00,1060.80,MAYA,PAID,COMPLETED,TXN-MAY-72403413
ORD-20260315-01074-3356C,2026-03-15 11:34:46,ONLINE,Juan Tamad,Garlic Butter Prawns x1; Crispy Seafood Basket x2,3210.00,385.20,50.00,3645.20,GCASH,PAID,COMPLETED,TXN-GCA-53607848
ORD-20260315-01652-A57D1,2026-03-15 12:54:00,ON_SITE,Pedro Penduko,Seafood Cajun Boil x1; Fresh Calamansi Juice Pitcher x1,2130.00,255.60,0.00,2385.60,CASH,PAID,COMPLETED,TXN-CAS-11800411
ORD-20260315-00704-09A4F,2026-03-15 13:24:39,ONLINE,Lisa Manoban,Classic Seafood Paella x1; Seafood Bilao Feast x1,4050.00,486.00,75.00,4611.00,CASH,PAID,COMPLETED,TXN-CAS-66827975
ORD-20260315-03055-C7745,2026-03-15 17:36:00,ONLINE,Pedro Penduko,Classic Seafood Paella x1; Crispy Seafood Basket x2,3610.00,433.20,100.00,4143.20,GCASH,PENDING,IN_PROCESS,N/A
ORD-20260315-03176-2D249,2026-03-15 19:12:11,ONLINE,Clara Dizon,Crispy Seafood Basket x1,980.00,117.60,75.00,1172.60,MAYA,PAID,COMPLETED,TXN-MAY-90004946
ORD-20260315-00581-5D583,2026-03-15 20:06:06,ONLINE,Clara Dizon,Garlic Butter Prawns x1,1250.00,150.00,60.00,1460.00,SPLIT (Cash + GCash),PAID,COMPLETED,TXN-SPL-49979464
ORD-20260315-00571-C41B8,2026-03-15 21:26:36,ON_SITE,Carlos Mendoza,Seafood Cajun Boil x2; Sweet & Chili Crab Bucket x3; Classic Seafood Paella x1,11200.00,1344.00,0.00,12544.00,CASH,PAID,COMPLETED,TXN-CAS-50620149
ORD-20260316-02392-EBB20,2026-03-16 10:51:25,ONLINE,Pedro Penduko,Seafood Bilao Feast x1; Classic Seafood Paella x2,5700.00,684.00,85.00,6469.00,MAYA,PAID,COMPLETED,TXN-MAY-36769021
ORD-20260316-02757-DF4F8,2026-03-16 18:40:11,ONLINE,Ana Reyes,Seafood Cajun Boil x1,1850.00,222.00,60.00,2132.00,GCASH,REFUNDED,CANCELLED,N/A
ORD-20260316-00775-7A4D8,2026-03-16 19:01:51,ONLINE,Pedro Penduko,Garlic Butter Prawns x2; Seafood Cajun Boil x1,4350.00,522.00,85.00,4957.00,SPLIT (Cash + GCash),PAID,COMPLETED,TXN-SPL-22801878
ORD-20260316-04875-D561B,2026-03-16 19:40:40,ONLINE,Ana Reyes,Fresh Calamansi Juice Pitcher x1,280.00,33.60,100.00,413.60,GCASH,PAID,COMPLETED,TXN-GCA-15633510
ORD-20260316-02704-CEAEE,2026-03-16 20:21:51,ON_SITE,Carlos Mendoza,Classic Seafood Paella x1,1650.00,198.00,0.00,1848.00,GCASH,PAID,COMPLETED,TXN-GCA-71551148
ORD-20260317-01519-5C87C,2026-03-17 12:07:56,ONLINE,Mark Bautista,Classic Seafood Paella x1,1650.00,198.00,120.00,1968.00,GCASH,PAID,COMPLETED,TXN-GCA-21805021
ORD-20260317-02239-040EB,2026-03-17 14:14:29,ONLINE,Lisa Manoban,Crispy Seafood Basket x1; Seafood Bilao Feast x1; Grilled Seafood Platter x1,5480.00,657.60,120.00,6257.60,GCASH,PAID,COMPLETED,TXN-GCA-49231549
ORD-20260317-02081-DA4EA,2026-03-17 21:20:16,ONLINE,Juan Tamad,Seafood Cajun Boil x2,3700.00,444.00,120.00,4264.00,CASH,PAID,COMPLETED,TXN-CAS-16746597
ORD-20260318-02539-B0093,2026-03-18 13:21:09,ON_SITE,Mark Bautista,Garlic Butter Prawns x1; Classic Seafood Paella x1; Seafood Bilao Feast x1; Grilled Seafood Platter x1,7400.00,888.00,0.00,8288.00,CASH,PAID,COMPLETED,TXN-CAS-62058964
ORD-20260318-04045-E00E9,2026-03-18 15:40:46,ONLINE,Clara Dizon,Seafood Cajun Boil x2; Classic Seafood Paella x2; Garlic Butter Prawns x1,8250.00,990.00,50.00,9290.00,GCASH,PAID,COMPLETED,TXN-GCA-53602176
ORD-20260318-00462-49A25,2026-03-18 21:57:47,ON_SITE,Matteo Guidicelli,Seafood Cajun Boil x1; Fresh Calamansi Juice Pitcher x2; Classic Seafood Paella x2,5710.00,685.20,0.00,6395.20,CASH,PAID,COMPLETED,TXN-CAS-98922698
ORD-20260319-00732-DED29,2026-03-19 12:02:25,ON_SITE,Juan Tamad,Grilled Seafood Platter x1; Seafood Bilao Feast x1,4500.00,540.00,0.00,5040.00,CASH,PENDING,IN_PROCESS,N/A
ORD-20260319-01418-61F7E,2026-03-19 16:28:28,ONLINE,Juan Tamad,Grilled Seafood Platter x1; Seafood Bilao Feast x3,9300.00,1116.00,85.00,10501.00,GCASH,PAID,COMPLETED,TXN-GCA-50913546
ORD-20260319-00467-0B585,2026-03-19 16:36:22,ON_SITE,Pedro Penduko,Sweet & Chili Crab Bucket x1; Seafood Bilao Feast x1,4350.00,522.00,0.00,4872.00,SPLIT (Cash + GCash),PAID,COMPLETED,TXN-SPL-29988219
ORD-20260319-04941-B466F,2026-03-19 19:24:50,ON_SITE,Marian Rivera,Grilled Seafood Platter x2,4200.00,504.00,0.00,4704.00,HYBRID (Cash + GCash),PAID,COMPLETED,TXN-HYB-24167256
ORD-20260319-04581-F4989,2026-03-19 19:47:55,ONLINE,Pedro Penduko,Garlic Butter Prawns x1; Crispy Seafood Basket x1,2230.00,267.60,75.00,2572.60,MAYA,PAID,COMPLETED,TXN-MAY-47873834
ORD-20260319-03349-1F591,2026-03-19 20:32:57,ONLINE,Juan Tamad,Garlic Butter Prawns x1; Seafood Cajun Boil x2; Seafood Bilao Feast x1; Crispy Seafood Basket x1,8330.00,999.60,85.00,9414.60,GCASH,PAID,COMPLETED,TXN-GCA-80679453
ORD-20260320-01822-7A54D,2026-03-20 11:50:16,ON_SITE,Clara Dizon,Fresh Calamansi Juice Pitcher x2,560.00,67.20,0.00,627.20,GCASH,PAID,COMPLETED,TXN-GCA-88898107
ORD-20260320-00040-D44DB,2026-03-20 12:21:34,ONLINE,Mark Bautista,Grilled Seafood Platter x1; Crispy Seafood Basket x1,3080.00,369.60,50.00,3499.60,GCASH,PAID,COMPLETED,TXN-GCA-94761233
ORD-20260320-01443-625D4,2026-03-20 14:03:30,ON_SITE,Clara Dizon,Grilled Seafood Platter x1; Crispy Seafood Basket x1; Seafood Bilao Feast x1,5480.00,657.60,0.00,6137.60,CASH,PAID,COMPLETED,TXN-CAS-38635155
ORD-20260320-00120-77FCC,2026-03-20 18:45:36,ONLINE,Mark Bautista,Garlic Butter Prawns x1; Crispy Seafood Basket x1; Seafood Bilao Feast x1,4630.00,555.60,120.00,5305.60,GCASH,PAID,COMPLETED,TXN-GCA-48540612
ORD-20260321-00600-7D919,2026-03-21 11:14:39,ON_SITE,Mark Bautista,Sweet & Chili Crab Bucket x1; Grilled Seafood Platter x1,4050.00,486.00,0.00,4536.00,CASH,PAID,COMPLETED,TXN-CAS-59209293
ORD-20260321-00067-14D01,2026-03-21 12:28:28,ONLINE,Clara Dizon,Sweet & Chili Crab Bucket x1; Garlic Butter Prawns x1; Fresh Calamansi Juice Pitcher x1,3480.00,417.60,100.00,3997.60,HYBRID (Cash + GCash),PAID,IN_PROCESS,TXN-HYB-99297859
ORD-20260321-03404-3424A,2026-03-21 14:09:57,ON_SITE,Ferdinand Marcos,Classic Seafood Paella x1; Garlic Butter Prawns x1,2900.00,348.00,0.00,3248.00,CASH,PAID,COMPLETED,TXN-CAS-48892234
ORD-20260321-01275-C8540,2026-03-21 14:56:43,ON_SITE,Dindo Dela Cruz,Garlic Butter Prawns x1; Grilled Seafood Platter x1,3350.00,402.00,0.00,3752.00,HYBRID (Cash + GCash),PAID,COMPLETED,TXN-HYB-92565334
ORD-20260321-02902-5C811,2026-03-21 21:26:50,ON_SITE,Maria Clara Santos,Sweet & Chili Crab Bucket x1,1950.00,234.00,0.00,2184.00,CASH,REFUNDED,CANCELLED,N/A
ORD-20260322-02700-AC2F8,2026-03-22 10:31:41,ONLINE,Pedro Penduko,Seafood Cajun Boil x1,1850.00,222.00,50.00,2122.00,CASH,FAILED,CANCELLED,N/A
ORD-20260322-03187-978B4,2026-03-22 10:46:35,ON_SITE,Matteo Guidicelli,Fresh Calamansi Juice Pitcher x1; Crispy Seafood Basket x2,2240.00,268.80,0.00,2508.80,SPLIT (Cash + GCash),FAILED,CANCELLED,N/A
ORD-20260322-03321-42611,2026-03-22 10:53:54,ONLINE,Clara Dizon,Sweet & Chili Crab Bucket x1,1950.00,234.00,60.00,2244.00,GCASH,PENDING,IN_PROCESS,N/A
ORD-20260322-03572-A1383,2026-03-22 11:00:22,ON_SITE,Ramon Magsaysay Jr.,Crispy Seafood Basket x1; Garlic Butter Prawns x1,2230.00,267.60,0.00,2497.60,CASH,PAID,COMPLETED,TXN-CAS-23296559
ORD-20260322-00537-64BD6,2026-03-22 16:24:30,ONLINE,Pedro Penduko,Classic Seafood Paella x2; Seafood Cajun Boil x1; Grilled Seafood Platter x1,7250.00,870.00,100.00,8220.00,GCASH,PAID,COMPLETED,TXN-GCA-49540016
ORD-20260323-00853-A4BF5,2026-03-23 11:29:13,ONLINE,Clara Dizon,Crispy Seafood Basket x1; Fresh Calamansi Juice Pitcher x1; Sweet & Chili Crab Bucket x3,7110.00,853.20,50.00,8013.20,GCASH,PAID,COMPLETED,TXN-GCA-18908273
ORD-20260323-04595-93082,2026-03-23 15:11:31,ON_SITE,Matteo Guidicelli,Grilled Seafood Platter x1,2100.00,252.00,0.00,2352.00,CASH,PAID,COMPLETED,TXN-CAS-82913027
ORD-20260324-04897-5B4D1,2026-03-24 12:15:17,ONLINE,Clara Dizon,Fresh Calamansi Juice Pitcher x1,280.00,33.60,75.00,388.60,SPLIT (Cash + GCash),PAID,COMPLETED,TXN-SPL-55798470
ORD-20260324-02809-FE0BE,2026-03-24 14:45:31,ONLINE,Juan Tamad,Classic Seafood Paella x1; Garlic Butter Prawns x1,2900.00,348.00,85.00,3333.00,SPLIT (Cash + GCash),PAID,COMPLETED,TXN-SPL-26849260
ORD-20260324-03691-9B0BF,2026-03-24 14:57:09,ONLINE,Pedro Penduko,Seafood Bilao Feast x1; Crispy Seafood Basket x1; Sweet & Chili Crab Bucket x1,5330.00,639.60,85.00,6054.60,GCASH,PAID,COMPLETED,TXN-GCA-75024635
ORD-20260324-03060-773A3,2026-03-24 16:32:16,ONLINE,Ana Reyes,Fresh Calamansi Juice Pitcher x1; Seafood Cajun Boil x1,2130.00,255.60,100.00,2485.60,CASH,PAID,COMPLETED,TXN-CAS-59554270
ORD-20260324-00282-0F58E,2026-03-24 17:11:46,ONLINE,Lisa Manoban,Seafood Cajun Boil x1; Crispy Seafood Basket x1; Sweet & Chili Crab Bucket x1,4780.00,573.60,100.00,5453.60,COD,PAID,COMPLETED,TXN-COD-56792372
ORD-20260324-03562-461E4,2026-03-24 17:18:46,ON_SITE,Lisa Manoban,Classic Seafood Paella x1,1650.00,198.00,0.00,1848.00,GCASH,PAID,COMPLETED,TXN-GCA-28384429
ORD-20260324-00875-41BCC,2026-03-24 17:54:43,ONLINE,Pedro Penduko,Garlic Butter Prawns x2; Grilled Seafood Platter x1; Crispy Seafood Basket x1; Seafood Cajun Boil x3,11130.00,1335.60,120.00,12585.60,HYBRID (Cash + GCash),FAILED,CANCELLED,N/A
ORD-20260325-04574-B61C5,2026-03-25 10:36:33,ONLINE,Ana Reyes,Garlic Butter Prawns x1,1250.00,150.00,60.00,1460.00,SPLIT (Cash + GCash),PENDING,IN_PROCESS,N/A
ORD-20260325-00429-621DF,2026-03-25 13:21:06,ON_SITE,Lisa Manoban,Garlic Butter Prawns x1,1250.00,150.00,0.00,1400.00,HYBRID (Cash + GCash),PAID,COMPLETED,TXN-HYB-89134032
ORD-20260325-01332-50DED,2026-03-25 14:24:00,ON_SITE,Marian Rivera,Garlic Butter Prawns x1; Crispy Seafood Basket x1; Seafood Cajun Boil x1,4080.00,489.60,0.00,4569.60,CASH,PAID,COMPLETED,TXN-CAS-41056885
ORD-20260325-03076-0E7A7,2026-03-25 17:16:35,ONLINE,Juan Tamad,Garlic Butter Prawns x1,1250.00,150.00,85.00,1485.00,HYBRID (Cash + GCash),PAID,COMPLETED,TXN-HYB-99074358
ORD-20260325-02760-7367F,2026-03-25 18:09:09,ON_SITE,Mark Bautista,Seafood Bilao Feast x1; Grilled Seafood Platter x2,6600.00,792.00,0.00,7392.00,HYBRID (Cash + GCash),PAID,COMPLETED,TXN-HYB-81357123
ORD-20260326-03170-2A079,2026-03-26 11:10:30,ON_SITE,Lisa Manoban,Crispy Seafood Basket x1,980.00,117.60,0.00,1097.60,CASH,PAID,COMPLETED,TXN-CAS-43955384
ORD-20260326-03200-9A9D2,2026-03-26 13:18:22,ON_SITE,Mark Bautista,Classic Seafood Paella x1; Seafood Cajun Boil x1,3500.00,420.00,0.00,3920.00,SPLIT (Cash + GCash),PAID,COMPLETED,TXN-SPL-99106978
ORD-20260326-01970-31B6D,2026-03-26 14:18:02,ONLINE,Juan Tamad,Sweet & Chili Crab Bucket x1; Fresh Calamansi Juice Pitcher x2,2510.00,301.20,100.00,2911.20,GCASH,PAID,COMPLETED,TXN-GCA-45870483
ORD-20260326-00984-F1B63,2026-03-26 16:34:59,ONLINE,Ana Reyes,Fresh Calamansi Juice Pitcher x1; Seafood Cajun Boil x1; Sweet & Chili Crab Bucket x3; Garlic Butter Prawns x2,10480.00,1257.60,60.00,11797.60,MAYA,PAID,COMPLETED,TXN-MAY-71429809
ORD-20260326-02945-8A480,2026-03-26 18:05:03,ONLINE,Juan Tamad,Classic Seafood Paella x1,1650.00,198.00,120.00,1968.00,MAYA,PAID,COMPLETED,TXN-MAY-54614363
ORD-20260326-01084-F9BBE,2026-03-26 19:42:28,ONLINE,Ana Reyes,Seafood Cajun Boil x1; Seafood Bilao Feast x1; Grilled Seafood Platter x1; Crispy Seafood Basket x2,8310.00,997.20,50.00,9357.20,GCASH,PAID,COMPLETED,TXN-GCA-70949056
ORD-20260326-03106-D4D8F,2026-03-26 21:29:19,ON_SITE,Juan Tamad,Garlic Butter Prawns x2; Seafood Bilao Feast x1,4900.00,588.00,0.00,5488.00,GCASH,PAID,COMPLETED,TXN-GCA-66736880
ORD-20260327-01000-1BDAC,2026-03-27 10:09:52,ONLINE,Juan Tamad,Sweet & Chili Crab Bucket x3; Seafood Cajun Boil x1; Crispy Seafood Basket x1; Fresh Calamansi Juice Pitcher x1,8960.00,1075.20,50.00,10085.20,HYBRID (Cash + GCash),PAID,COMPLETED,TXN-HYB-76694510
ORD-20260327-01224-3D8C4,2026-03-27 10:57:36,ONLINE,Ana Reyes,Sweet & Chili Crab Bucket x1,1950.00,234.00,50.00,2234.00,GCASH,PAID,COMPLETED,TXN-GCA-96512618
ORD-20260327-03063-47B80,2026-03-27 11:24:31,ON_SITE,Sarah Geronimo,Garlic Butter Prawns x1; Fresh Calamansi Juice Pitcher x2,1810.00,217.20,0.00,2027.20,CASH,PAID,COMPLETED,TXN-CAS-84822224
ORD-20260327-00504-35EFA,2026-03-27 15:49:40,ON_SITE,Joshua Garcia,Grilled Seafood Platter x1; Fresh Calamansi Juice Pitcher x2,2660.00,319.20,0.00,2979.20,GCASH,PAID,IN_PROCESS,TXN-GCA-13342923
ORD-20260327-03619-DF3AC,2026-03-27 20:50:27,ON_SITE,Clara Dizon,Classic Seafood Paella x1; Garlic Butter Prawns x1; Fresh Calamansi Juice Pitcher x2,3460.00,415.20,0.00,3875.20,CASH,PAID,COMPLETED,TXN-CAS-96102648
ORD-20260328-04482-FB1AE,2026-03-28 11:52:42,ON_SITE,Joshua Garcia,Fresh Calamansi Juice Pitcher x1; Sweet & Chili Crab Bucket x1,2230.00,267.60,0.00,2497.60,SPLIT (Cash + GCash),PAID,COMPLETED,TXN-SPL-47971295
ORD-20260328-04575-9ECA1,2026-03-28 13:53:39,ONLINE,Mark Bautista,Fresh Calamansi Juice Pitcher x1; Classic Seafood Paella x2,3580.00,429.60,75.00,4084.60,GCASH,PAID,COMPLETED,TXN-GCA-84434698
ORD-20260328-00443-DE2F2,2026-03-28 17:05:20,ON_SITE,Juan Tamad,Sweet & Chili Crab Bucket x1,1950.00,234.00,0.00,2184.00,GCASH,PAID,COMPLETED,TXN-GCA-51370823
ORD-20260328-01958-CD237,2026-03-28 21:51:35,ON_SITE,Matteo Guidicelli,Classic Seafood Paella x2; Fresh Calamansi Juice Pitcher x1; Crispy Seafood Basket x1,4560.00,547.20,0.00,5107.20,GCASH,PAID,COMPLETED,TXN-GCA-62702238
ORD-20260329-01929-5D69D,2026-03-29 10:17:47,ONLINE,Pedro Penduko,Fresh Calamansi Juice Pitcher x3,840.00,100.80,50.00,990.80,GCASH,PAID,COMPLETED,TXN-GCA-11466343
ORD-20260329-00652-773BB,2026-03-29 15:37:32,ONLINE,Lisa Manoban,Seafood Cajun Boil x2,3700.00,444.00,60.00,4204.00,GCASH,PAID,COMPLETED,TXN-GCA-58317402
ORD-20260329-03763-42D0C,2026-03-29 17:22:35,ON_SITE,Dindo Dela Cruz,Seafood Bilao Feast x1,2400.00,288.00,0.00,2688.00,GCASH,PAID,COMPLETED,TXN-GCA-80004050
ORD-20260329-04166-B051C,2026-03-29 18:26:38,ON_SITE,Joshua Garcia,Seafood Cajun Boil x1,1850.00,222.00,0.00,2072.00,CASH,PAID,COMPLETED,TXN-CAS-17829177
ORD-20260330-04648-F461C,2026-03-30 10:23:55,ONLINE,Juan Tamad,Garlic Butter Prawns x1,1250.00,150.00,50.00,1450.00,GCASH,REFUNDED,CANCELLED,N/A
ORD-20260330-03843-11175,2026-03-30 11:40:51,ONLINE,Clara Dizon,Garlic Butter Prawns x2; Grilled Seafood Platter x1,4600.00,552.00,50.00,5202.00,SPLIT (Cash + GCash),PAID,COMPLETED,TXN-SPL-53011391
ORD-20260330-03776-7A4A6,2026-03-30 11:57:19,ONLINE,Pedro Penduko,Grilled Seafood Platter x1; Fresh Calamansi Juice Pitcher x1; Seafood Bilao Feast x3; Garlic Butter Prawns x1,10830.00,1299.60,50.00,12179.60,SPLIT (Cash + GCash),PAID,COMPLETED,TXN-SPL-67737047
ORD-20260330-00054-16EFB,2026-03-30 13:01:19,ON_SITE,Daniel Padilla,Classic Seafood Paella x1; Grilled Seafood Platter x1,3750.00,450.00,0.00,4200.00,CASH,PAID,COMPLETED,TXN-CAS-49555337
ORD-20260330-01575-08105,2026-03-30 16:04:49,ONLINE,Juan Tamad,Sweet & Chili Crab Bucket x1,1950.00,234.00,75.00,2259.00,GCASH,PAID,COMPLETED,TXN-GCA-66756464
ORD-20260331-03287-8ADE9,2026-03-31 11:46:23,ON_SITE,Daniel Padilla,Grilled Seafood Platter x2; Garlic Butter Prawns x2,6700.00,804.00,0.00,7504.00,MAYA,PAID,COMPLETED,TXN-MAY-79555843
ORD-20260331-04864-3330D,2026-03-31 13:30:22,ONLINE,Mark Bautista,Fresh Calamansi Juice Pitcher x1; Classic Seafood Paella x1; Garlic Butter Prawns x1; Seafood Bilao Feast x1,5580.00,669.60,75.00,6324.60,CASH,PAID,COMPLETED,TXN-CAS-98420259
ORD-20260401-03793-A52D4,2026-04-01 14:08:25,ONLINE,Mark Bautista,Seafood Cajun Boil x1,1850.00,222.00,60.00,2132.00,HYBRID (Cash + GCash),PAID,COMPLETED,TXN-HYB-95444337
ORD-20260401-04695-6DFBD,2026-04-01 16:58:24,ONLINE,Pedro Penduko,Sweet & Chili Crab Bucket x2; Grilled Seafood Platter x1,6000.00,720.00,50.00,6770.00,HYBRID (Cash + GCash),PAID,COMPLETED,TXN-HYB-89467355
ORD-20260401-02321-A6C90,2026-04-01 17:37:43,ON_SITE,Clara Dizon,Fresh Calamansi Juice Pitcher x1; Grilled Seafood Platter x1; Classic Seafood Paella x1,4030.00,483.60,0.00,4513.60,CASH,PAID,COMPLETED,TXN-CAS-44501905
ORD-20260402-00235-FEACC,2026-04-02 11:15:02,ON_SITE,Ferdinand Marcos,Classic Seafood Paella x1; Crispy Seafood Basket x1,2630.00,315.60,0.00,2945.60,GCASH,PAID,COMPLETED,TXN-GCA-86629828
ORD-20260402-04075-D8B35,2026-04-02 17:03:50,ON_SITE,Pedro Penduko,Seafood Bilao Feast x2,4800.00,576.00,0.00,5376.00,CASH,PAID,COMPLETED,TXN-CAS-14597817
ORD-20260402-00038-DD821,2026-04-02 19:15:02,ON_SITE,Ramon Magsaysay Jr.,Crispy Seafood Basket x1,980.00,117.60,0.00,1097.60,SPLIT (Cash + GCash),PAID,COMPLETED,TXN-SPL-14822958
ORD-20260403-03606-A3D40,2026-04-03 19:28:15,ONLINE,Ana Reyes,Garlic Butter Prawns x2; Crispy Seafood Basket x1; Grilled Seafood Platter x2,7680.00,921.60,50.00,8651.60,CASH,REFUNDED,CANCELLED,N/A
ORD-20260404-03061-49E1E,2026-04-04 10:40:54,ONLINE,Juan Tamad,Seafood Cajun Boil x1; Seafood Bilao Feast x2,6650.00,798.00,85.00,7533.00,GCASH,PAID,COMPLETED,TXN-GCA-20473558
ORD-20260404-00923-FFE82,2026-04-04 11:09:08,ON_SITE,Mark Bautista,Crispy Seafood Basket x3; Fresh Calamansi Juice Pitcher x1,3220.00,386.40,0.00,3606.40,HYBRID (Cash + GCash),PAID,COMPLETED,TXN-HYB-49290097
ORD-20260404-02743-C0B16,2026-04-04 14:08:44,ON_SITE,Ramon Magsaysay Jr.,Crispy Seafood Basket x1,980.00,117.60,0.00,1097.60,GCASH,PAID,COMPLETED,TXN-GCA-24855018
ORD-20260404-04116-58768,2026-04-04 17:15:00,ON_SITE,Maria Clara Santos,Seafood Cajun Boil x1,1850.00,222.00,0.00,2072.00,CASH,PAID,COMPLETED,TXN-CAS-79716039
ORD-20260404-02507-9C183,2026-04-04 18:32:15,ON_SITE,Clara Dizon,Garlic Butter Prawns x1; Seafood Bilao Feast x3,8450.00,1014.00,0.00,9464.00,HYBRID (Cash + GCash),PAID,COMPLETED,TXN-HYB-75644543
ORD-20260404-03725-B75B0,2026-04-04 19:57:17,ON_SITE,Ferdinand Marcos,Garlic Butter Prawns x1; Grilled Seafood Platter x1,3350.00,402.00,0.00,3752.00,SPLIT (Cash + GCash),PAID,COMPLETED,TXN-SPL-78731319
ORD-20260404-01999-0EB26,2026-04-04 19:57:53,ON_SITE,Dingdong Dantes,Seafood Cajun Boil x1; Sweet & Chili Crab Bucket x1,3800.00,456.00,0.00,4256.00,SPLIT (Cash + GCash),PAID,COMPLETED,TXN-SPL-13795231
ORD-20260405-04814-6529F,2026-04-05 11:35:43,ON_SITE,Alden Richards,Garlic Butter Prawns x1; Grilled Seafood Platter x1; Seafood Cajun Boil x1,5200.00,624.00,0.00,5824.00,CASH,PAID,COMPLETED,TXN-CAS-62513300
ORD-20260405-01604-A8105,2026-04-05 12:18:04,ON_SITE,Katrina Halili,Classic Seafood Paella x3; Garlic Butter Prawns x1; Seafood Bilao Feast x1,8600.00,1032.00,0.00,9632.00,GCASH,PAID,COMPLETED,TXN-GCA-16903380
ORD-20260405-01146-CC9E6,2026-04-05 14:44:21,ON_SITE,Bea Alonzo,Seafood Cajun Boil x1; Crispy Seafood Basket x1,2830.00,339.60,0.00,3169.60,GCASH,PAID,COMPLETED,TXN-GCA-27199470
ORD-20260405-03649-4133D,2026-04-05 16:05:40,ON_SITE,Lisa Manoban,Seafood Cajun Boil x1; Sweet & Chili Crab Bucket x1,3800.00,456.00,0.00,4256.00,CASH,PAID,COMPLETED,TXN-CAS-90854334
ORD-20260405-03320-0DCD0,2026-04-05 17:47:55,ON_SITE,Clara Dizon,Sweet & Chili Crab Bucket x1,1950.00,234.00,0.00,2184.00,CASH,PAID,COMPLETED,TXN-CAS-88532101
ORD-20260405-00959-9316B,2026-04-05 18:44:00,ON_SITE,Pedro Penduko,Classic Seafood Paella x1,1650.00,198.00,0.00,1848.00,GCASH,PAID,COMPLETED,TXN-GCA-23931193
ORD-20260405-01213-65FB0,2026-04-05 21:09:14,ONLINE,Lisa Manoban,Classic Seafood Paella x1; Fresh Calamansi Juice Pitcher x1,1930.00,231.60,120.00,2281.60,GCASH,PAID,COMPLETED,TXN-GCA-54331283
ORD-20260406-01727-B6ED6,2026-04-06 11:07:18,ONLINE,Clara Dizon,Seafood Bilao Feast x3; Fresh Calamansi Juice Pitcher x1; Seafood Cajun Boil x1,9330.00,1119.60,75.00,10524.60,MAYA,PAID,COMPLETED,TXN-MAY-60879934
ORD-20260406-02770-D7194,2026-04-06 11:51:49,ON_SITE,Matteo Guidicelli,Fresh Calamansi Juice Pitcher x1,280.00,33.60,0.00,313.60,GCASH,PAID,COMPLETED,TXN-GCA-57062458
ORD-20260406-03858-1D3E3,2026-04-06 12:12:16,ONLINE,Pedro Penduko,Grilled Seafood Platter x1,2100.00,252.00,75.00,2427.00,CASH,PAID,COMPLETED,TXN-CAS-28332932
ORD-20260406-01743-F4BF2,2026-04-06 16:39:09,ONLINE,Clara Dizon,Seafood Cajun Boil x1; Crispy Seafood Basket x1; Fresh Calamansi Juice Pitcher x1,3110.00,373.20,60.00,3543.20,GCASH,PAID,COMPLETED,TXN-GCA-19404905
ORD-20260406-01689-6EDF8,2026-04-06 19:00:44,ON_SITE,Daniel Padilla,Sweet & Chili Crab Bucket x1; Crispy Seafood Basket x1,2930.00,351.60,0.00,3281.60,SPLIT (Cash + GCash),FAILED,CANCELLED,N/A
ORD-20260406-00613-39791,2026-04-06 20:28:10,ONLINE,Ana Reyes,Sweet & Chili Crab Bucket x1; Grilled Seafood Platter x1,4050.00,486.00,100.00,4636.00,CASH,PAID,COMPLETED,TXN-CAS-44536555
ORD-20260406-03797-90B39,2026-04-06 20:57:58,ON_SITE,Joshua Garcia,Fresh Calamansi Juice Pitcher x1,280.00,33.60,0.00,313.60,CASH,PAID,COMPLETED,TXN-CAS-40212117
ORD-20260407-04833-CF979,2026-04-07 11:21:58,ONLINE,Pedro Penduko,Sweet & Chili Crab Bucket x1; Crispy Seafood Basket x1,2930.00,351.60,120.00,3401.60,GCASH,PAID,COMPLETED,TXN-GCA-62031954
ORD-20260407-02248-A97A5,2026-04-07 19:02:25,ONLINE,Mark Bautista,Classic Seafood Paella x1; Sweet & Chili Crab Bucket x1; Grilled Seafood Platter x1,5700.00,684.00,60.00,6444.00,CASH,PAID,COMPLETED,TXN-CAS-75496751
ORD-20260407-01420-9025B,2026-04-07 19:28:12,ON_SITE,Lisa Manoban,Seafood Cajun Boil x1,1850.00,222.00,0.00,2072.00,HYBRID (Cash + GCash),PAID,COMPLETED,TXN-HYB-98274666
ORD-20260408-04783-A68B9,2026-04-08 14:51:59,ONLINE,Juan Tamad,Crispy Seafood Basket x1,980.00,117.60,100.00,1197.60,COD,PAID,COMPLETED,TXN-COD-78527046
ORD-20260408-00450-11616,2026-04-08 18:44:44,ON_SITE,Alden Richards,Crispy Seafood Basket x1; Classic Seafood Paella x2; Grilled Seafood Platter x1; Sweet & Chili Crab Bucket x1,8330.00,999.60,0.00,9329.60,CASH,PAID,COMPLETED,TXN-CAS-11736377
ORD-20260408-03603-758B9,2026-04-08 19:57:30,ONLINE,Pedro Penduko,Crispy Seafood Basket x1; Sweet & Chili Crab Bucket x1,2930.00,351.60,120.00,3401.60,GCASH,FAILED,CANCELLED,N/A
ORD-20260409-01791-73370,2026-04-09 11:42:58,ON_SITE,Clara Dizon,Sweet & Chili Crab Bucket x1; Seafood Cajun Boil x1; Fresh Calamansi Juice Pitcher x1,4080.00,489.60,0.00,4569.60,CASH,PAID,COMPLETED,TXN-CAS-91548073
ORD-20260409-02401-D56BC,2026-04-09 21:30:44,ONLINE,Mark Bautista,Crispy Seafood Basket x1; Grilled Seafood Platter x1,3080.00,369.60,50.00,3499.60,HYBRID (Cash + GCash),PAID,COMPLETED,TXN-HYB-27222451
ORD-20260410-02042-B8BED,2026-04-10 10:41:23,ON_SITE,Katrina Halili,Seafood Bilao Feast x1,2400.00,288.00,0.00,2688.00,HYBRID (Cash + GCash),PAID,COMPLETED,TXN-HYB-23290533
ORD-20260410-00265-4C817,2026-04-10 12:57:02,ONLINE,Juan Tamad,Fresh Calamansi Juice Pitcher x1; Seafood Bilao Feast x1,2680.00,321.60,75.00,3076.60,GCASH,PAID,COMPLETED,TXN-GCA-37264883
ORD-20260410-01263-8AB45,2026-04-10 13:47:07,ONLINE,Juan Tamad,Classic Seafood Paella x1,1650.00,198.00,75.00,1923.00,GCASH,PAID,COMPLETED,TXN-GCA-11623142
ORD-20260410-00511-B083D,2026-04-10 19:10:05,ONLINE,Mark Bautista,Seafood Cajun Boil x1,1850.00,222.00,120.00,2192.00,GCASH,PAID,COMPLETED,TXN-GCA-49584703
ORD-20260410-01122-89EA6,2026-04-10 19:48:07,ON_SITE,Ana Reyes,Seafood Bilao Feast x1,2400.00,288.00,0.00,2688.00,CASH,PAID,COMPLETED,TXN-CAS-81566583
ORD-20260410-04573-4AB38,2026-04-10 21:52:37,ON_SITE,Pedro Penduko,Crispy Seafood Basket x1; Classic Seafood Paella x1,2630.00,315.60,0.00,2945.60,CASH,PAID,COMPLETED,TXN-CAS-33944200
ORD-20260411-02802-F42A9,2026-04-11 15:09:20,ON_SITE,Daniel Padilla,Seafood Cajun Boil x1; Garlic Butter Prawns x1,3100.00,372.00,0.00,3472.00,HYBRID (Cash + GCash),PAID,COMPLETED,TXN-HYB-51294032
ORD-20260411-01584-1BF13,2026-04-11 16:29:26,ONLINE,Clara Dizon,Crispy Seafood Basket x1; Garlic Butter Prawns x1; Classic Seafood Paella x2,5530.00,663.60,85.00,6278.60,GCASH,PAID,COMPLETED,TXN-GCA-53493001
ORD-20260411-03324-FF32C,2026-04-11 18:34:57,ON_SITE,Joshua Garcia,Seafood Bilao Feast x3; Seafood Cajun Boil x1; Classic Seafood Paella x1,10700.00,1284.00,0.00,11984.00,HYBRID (Cash + GCash),PAID,COMPLETED,TXN-HYB-24436839
ORD-20260411-03201-D643B,2026-04-11 21:20:44,ON_SITE,Pedro Penduko,Seafood Bilao Feast x2; Garlic Butter Prawns x2,7300.00,876.00,0.00,8176.00,CASH,PAID,COMPLETED,TXN-CAS-81794075
ORD-20260412-04766-472BE,2026-04-12 19:55:18,ON_SITE,Mark Bautista,Crispy Seafood Basket x1,980.00,117.60,0.00,1097.60,CASH,PAID,COMPLETED,TXN-CAS-17876287
ORD-20260412-02433-7F259,2026-04-12 20:45:28,ON_SITE,Clara Dizon,Crispy Seafood Basket x3,2940.00,352.80,0.00,3292.80,CASH,PENDING,CANCELLED,N/A
ORD-20260413-04105-84003,2026-04-13 12:36:46,ON_SITE,Giselle Hernandez,Fresh Calamansi Juice Pitcher x2,560.00,67.20,0.00,627.20,GCASH,PAID,COMPLETED,TXN-GCA-61828012
ORD-20260413-04739-17B14,2026-04-13 16:09:04,ON_SITE,Marian Rivera,Crispy Seafood Basket x1,980.00,117.60,0.00,1097.60,CASH,PAID,COMPLETED,TXN-CAS-70093804
ORD-20260413-01555-7D01F,2026-04-13 17:44:15,ONLINE,Lisa Manoban,Seafood Bilao Feast x1; Classic Seafood Paella x1; Sweet & Chili Crab Bucket x1; Grilled Seafood Platter x3,12300.00,1476.00,60.00,13836.00,HYBRID (Cash + GCash),PAID,COMPLETED,TXN-HYB-63003514
ORD-20260413-02948-77C84,2026-04-13 20:05:17,ON_SITE,Sarah Geronimo,Crispy Seafood Basket x2; Seafood Cajun Boil x1,3810.00,457.20,0.00,4267.20,CASH,PENDING,CANCELLED,N/A
ORD-20260414-00489-114D8,2026-04-14 11:16:58,ON_SITE,Marian Rivera,Garlic Butter Prawns x1; Crispy Seafood Basket x3; Classic Seafood Paella x1,5840.00,700.80,0.00,6540.80,SPLIT (Cash + GCash),PAID,COMPLETED,TXN-SPL-32686525
ORD-20260414-02386-9B1A2,2026-04-14 11:41:04,ON_SITE,Pedro Penduko,Seafood Cajun Boil x1,1850.00,222.00,0.00,2072.00,HYBRID (Cash + GCash),PAID,COMPLETED,TXN-HYB-89139054
ORD-20260414-04786-61529,2026-04-14 16:46:48,ON_SITE,Dingdong Dantes,Seafood Cajun Boil x1,1850.00,222.00,0.00,2072.00,CASH,PAID,COMPLETED,TXN-CAS-84262778
ORD-20260414-04274-87A82,2026-04-14 17:06:12,ONLINE,Ana Reyes,Grilled Seafood Platter x1; Garlic Butter Prawns x1; Crispy Seafood Basket x1,4330.00,519.60,75.00,4924.60,HYBRID (Cash + GCash),PAID,COMPLETED,TXN-HYB-32009075
ORD-20260414-03205-DACCF,2026-04-14 17:50:33,ON_SITE,Alden Richards,Fresh Calamansi Juice Pitcher x1,280.00,33.60,0.00,313.60,CASH,FAILED,CANCELLED,N/A
ORD-20260414-03057-2E67B,2026-04-14 20:09:32,ON_SITE,Marian Rivera,Garlic Butter Prawns x1,1250.00,150.00,0.00,1400.00,HYBRID (Cash + GCash),PAID,COMPLETED,TXN-HYB-38608414
ORD-20260414-03960-A5C5F,2026-04-14 21:51:24,ONLINE,Clara Dizon,Seafood Cajun Boil x1; Fresh Calamansi Juice Pitcher x3; Crispy Seafood Basket x1,3670.00,440.40,60.00,4170.40,HYBRID (Cash + GCash),PAID,COMPLETED,TXN-HYB-72857221
ORD-20260415-00069-3E9C1,2026-04-15 11:14:31,ONLINE,Mark Bautista,Fresh Calamansi Juice Pitcher x2; Seafood Cajun Boil x1; Crispy Seafood Basket x1,3390.00,406.80,85.00,3881.80,GCASH,PAID,COMPLETED,TXN-GCA-44503678
ORD-20260415-04509-01736,2026-04-15 11:45:58,ON_SITE,Maria Clara Santos,Fresh Calamansi Juice Pitcher x1,280.00,33.60,0.00,313.60,HYBRID (Cash + GCash),PAID,COMPLETED,TXN-HYB-15691468
ORD-20260415-01523-C0484,2026-04-15 13:04:23,ONLINE,Mark Bautista,Fresh Calamansi Juice Pitcher x1,280.00,33.60,120.00,433.60,GCASH,PAID,COMPLETED,TXN-GCA-99770165
ORD-20260415-03183-9E28A,2026-04-15 15:14:33,ONLINE,Mark Bautista,Crispy Seafood Basket x1,980.00,117.60,85.00,1182.60,GCASH,PAID,COMPLETED,TXN-GCA-27685356
ORD-20260415-04793-257C4,2026-04-15 16:17:42,ON_SITE,Carlos Mendoza,Grilled Seafood Platter x1,2100.00,252.00,0.00,2352.00,GCASH,PAID,COMPLETED,TXN-GCA-83095605
ORD-20260415-00863-8B867,2026-04-15 18:15:46,ON_SITE,Mark Bautista,Classic Seafood Paella x2,3300.00,396.00,0.00,3696.00,HYBRID (Cash + GCash),PAID,COMPLETED,TXN-HYB-34659455
ORD-20260415-02138-0D7F6,2026-04-15 19:10:05,ONLINE,Juan Tamad,Classic Seafood Paella x1,1650.00,198.00,60.00,1908.00,CASH,PAID,COMPLETED,TXN-CAS-84575855
ORD-20260415-03400-B0429,2026-04-15 19:35:57,ONLINE,Mark Bautista,Crispy Seafood Basket x1; Grilled Seafood Platter x1,3080.00,369.60,100.00,3549.60,GCASH,PAID,COMPLETED,TXN-GCA-40422549
ORD-20260415-02540-2F8C8,2026-04-15 20:18:46,ONLINE,Clara Dizon,Grilled Seafood Platter x1; Garlic Butter Prawns x2,4600.00,552.00,60.00,5212.00,GCASH,PAID,COMPLETED,TXN-GCA-22577583
ORD-20260416-04958-1066C,2026-04-16 10:10:24,ONLINE,Lisa Manoban,Seafood Bilao Feast x1,2400.00,288.00,120.00,2808.00,SPLIT (Cash + GCash),PAID,COMPLETED,TXN-SPL-96203557
ORD-20260416-01742-1FB2B,2026-04-16 12:06:30,ON_SITE,Dingdong Dantes,Grilled Seafood Platter x1; Garlic Butter Prawns x1,3350.00,402.00,0.00,3752.00,CASH,PAID,COMPLETED,TXN-CAS-31073070
ORD-20260416-01795-B0587,2026-04-16 13:21:38,ON_SITE,Dindo Dela Cruz,Grilled Seafood Platter x1; Seafood Cajun Boil x1; Garlic Butter Prawns x1,5200.00,624.00,0.00,5824.00,CASH,PAID,COMPLETED,TXN-CAS-95908769
ORD-20260416-02925-9315F,2026-04-16 15:20:23,ONLINE,Mark Bautista,Seafood Bilao Feast x1,2400.00,288.00,75.00,2763.00,GCASH,PAID,COMPLETED,TXN-GCA-93578651
ORD-20260416-02278-73F95,2026-04-16 15:24:50,ON_SITE,Carlos Mendoza,Sweet & Chili Crab Bucket x1,1950.00,234.00,0.00,2184.00,CASH,PAID,COMPLETED,TXN-CAS-10292938
ORD-20260416-02654-79CE6,2026-04-16 17:24:45,ONLINE,Clara Dizon,Crispy Seafood Basket x1,980.00,117.60,120.00,1217.60,GCASH,PAID,COMPLETED,TXN-GCA-54269178
ORD-20260416-00941-ACBAC,2026-04-16 20:20:48,ONLINE,Mark Bautista,Classic Seafood Paella x1; Seafood Bilao Feast x1,4050.00,486.00,100.00,4636.00,GCASH,PAID,COMPLETED,TXN-GCA-26029057
ORD-20260417-04252-786FA,2026-04-17 14:56:56,ON_SITE,Katrina Halili,Garlic Butter Prawns x2; Seafood Bilao Feast x1,4900.00,588.00,0.00,5488.00,CASH,PAID,COMPLETED,TXN-CAS-25046772
ORD-20260417-01877-EB4D9,2026-04-17 16:22:55,ONLINE,Juan Tamad,Crispy Seafood Basket x1; Garlic Butter Prawns x1,2230.00,267.60,100.00,2597.60,GCASH,PAID,COMPLETED,TXN-GCA-25568234
ORD-20260418-03912-50821,2026-04-18 10:19:00,ON_SITE,Dingdong Dantes,Garlic Butter Prawns x1,1250.00,150.00,0.00,1400.00,GCASH,PAID,COMPLETED,TXN-GCA-76247389
ORD-20260418-02172-B2F47,2026-04-18 10:31:01,ON_SITE,Mark Bautista,Fresh Calamansi Juice Pitcher x1; Crispy Seafood Basket x1,1260.00,151.20,0.00,1411.20,CASH,PAID,COMPLETED,TXN-CAS-46348933
ORD-20260418-02014-C442D,2026-04-18 11:51:00,ON_SITE,Joshua Garcia,Seafood Bilao Feast x1; Grilled Seafood Platter x1; Sweet & Chili Crab Bucket x1,6450.00,774.00,0.00,7224.00,CASH,PAID,COMPLETED,TXN-CAS-84506237
ORD-20260418-03312-66444,2026-04-18 12:25:17,ONLINE,Lisa Manoban,Grilled Seafood Platter x1; Sweet & Chili Crab Bucket x1,4050.00,486.00,120.00,4656.00,COD,PAID,COMPLETED,TXN-COD-37288399
ORD-20260418-03281-FCC0B,2026-04-18 16:52:00,ON_SITE,Marian Rivera,Seafood Bilao Feast x1; Grilled Seafood Platter x2; Classic Seafood Paella x1; Sweet & Chili Crab Bucket x3,14100.00,1692.00,0.00,15792.00,SPLIT (Cash + GCash),PAID,COMPLETED,TXN-SPL-31754422
ORD-20260418-00304-D0AE7,2026-04-18 20:48:15,ONLINE,Pedro Penduko,Fresh Calamansi Juice Pitcher x1,280.00,33.60,120.00,433.60,CASH,PAID,COMPLETED,TXN-CAS-70972160
ORD-20260419-02057-B993E,2026-04-19 13:11:44,ON_SITE,Pedro Penduko,Sweet & Chili Crab Bucket x2; Classic Seafood Paella x1; Seafood Bilao Feast x1,7950.00,954.00,0.00,8904.00,SPLIT (Cash + GCash),PAID,COMPLETED,TXN-SPL-63658589
ORD-20260420-00750-3D82B,2026-04-20 10:39:54,ONLINE,Pedro Penduko,Garlic Butter Prawns x1,1250.00,150.00,120.00,1520.00,GCASH,PAID,COMPLETED,TXN-GCA-75815056
ORD-20260420-00087-5053E,2026-04-20 11:55:48,ONLINE,Mark Bautista,Classic Seafood Paella x1,1650.00,198.00,75.00,1923.00,MAYA,PAID,COMPLETED,TXN-MAY-20852288
ORD-20260420-00770-3472D,2026-04-20 13:57:19,ON_SITE,Marian Rivera,Grilled Seafood Platter x1; Crispy Seafood Basket x1; Classic Seafood Paella x1,4730.00,567.60,0.00,5297.60,GCASH,PAID,COMPLETED,TXN-GCA-97834412
ORD-20260420-01869-BC825,2026-04-20 14:32:26,ONLINE,Mark Bautista,Fresh Calamansi Juice Pitcher x1; Grilled Seafood Platter x1,2380.00,285.60,85.00,2750.60,COD,PAID,COMPLETED,TXN-COD-57360064
ORD-20260420-04016-487FA,2026-04-20 20:19:22,ON_SITE,Marian Rivera,Seafood Bilao Feast x1; Fresh Calamansi Juice Pitcher x3; Crispy Seafood Basket x1; Classic Seafood Paella x1,5870.00,704.40,0.00,6574.40,CASH,PAID,COMPLETED,TXN-CAS-92681260
ORD-20260420-01771-DFEF1,2026-04-20 21:29:33,ONLINE,Ana Reyes,Grilled Seafood Platter x2,4200.00,504.00,50.00,4754.00,GCASH,PAID,COMPLETED,TXN-GCA-50229582
ORD-20260420-04146-89879,2026-04-20 21:42:15,ON_SITE,Maria Clara Santos,Crispy Seafood Basket x1,980.00,117.60,0.00,1097.60,CASH,PAID,COMPLETED,TXN-CAS-44124226
ORD-20260421-02971-D9955,2026-04-21 11:42:08,ONLINE,Ana Reyes,Classic Seafood Paella x1; Sweet & Chili Crab Bucket x2; Grilled Seafood Platter x1,7650.00,918.00,85.00,8653.00,GCASH,PENDING,IN_PROCESS,N/A
ORD-20260421-02426-4E2C8,2026-04-21 12:09:26,ON_SITE,Dingdong Dantes,Crispy Seafood Basket x1,980.00,117.60,0.00,1097.60,HYBRID (Cash + GCash),PAID,COMPLETED,TXN-HYB-31867941
ORD-20260421-00527-F6368,2026-04-21 14:58:06,ON_SITE,Dingdong Dantes,Seafood Cajun Boil x1,1850.00,222.00,0.00,2072.00,CASH,PAID,COMPLETED,TXN-CAS-18962701
ORD-20260421-03186-C4F39,2026-04-21 17:52:47,ON_SITE,Kathryn Bernardo,Seafood Bilao Feast x1; Grilled Seafood Platter x1; Seafood Cajun Boil x1,6350.00,762.00,0.00,7112.00,CASH,PAID,COMPLETED,TXN-CAS-33921585
ORD-20260421-04873-009D4,2026-04-21 19:25:33,ONLINE,Ana Reyes,Seafood Bilao Feast x1,2400.00,288.00,85.00,2773.00,MAYA,PAID,COMPLETED,TXN-MAY-17453462
ORD-20260422-00424-E4581,2026-04-22 10:44:35,ON_SITE,Carlos Mendoza,Seafood Cajun Boil x2,3700.00,444.00,0.00,4144.00,HYBRID (Cash + GCash),PAID,COMPLETED,TXN-HYB-24353132
ORD-20260422-01153-77D45,2026-04-22 10:57:06,ONLINE,Pedro Penduko,Seafood Cajun Boil x2,3700.00,444.00,85.00,4229.00,COD,PAID,COMPLETED,TXN-COD-52865034
ORD-20260422-01738-E6109,2026-04-22 13:34:10,ONLINE,Ana Reyes,Seafood Cajun Boil x2; Fresh Calamansi Juice Pitcher x1; Grilled Seafood Platter x1,6080.00,729.60,60.00,6869.60,MAYA,PAID,COMPLETED,TXN-MAY-83069715
ORD-20260422-00899-C1276,2026-04-22 14:26:20,ON_SITE,Ferdinand Marcos,Seafood Cajun Boil x1; Crispy Seafood Basket x1,2830.00,339.60,0.00,3169.60,HYBRID (Cash + GCash),PAID,COMPLETED,TXN-HYB-56169083
ORD-20260422-04882-14AB7,2026-04-22 16:51:38,ONLINE,Juan Tamad,Garlic Butter Prawns x2; Crispy Seafood Basket x2,4460.00,535.20,60.00,5055.20,GCASH,PAID,COMPLETED,TXN-GCA-33486707
ORD-20260422-00352-22903,2026-04-22 19:44:10,ON_SITE,Dindo Dela Cruz,Fresh Calamansi Juice Pitcher x1; Seafood Cajun Boil x1,2130.00,255.60,0.00,2385.60,HYBRID (Cash + GCash),PAID,COMPLETED,TXN-HYB-98747148
ORD-20260422-04976-15494,2026-04-22 21:00:30,ONLINE,Juan Tamad,Classic Seafood Paella x1; Sweet & Chili Crab Bucket x1,3600.00,432.00,60.00,4092.00,HYBRID (Cash + GCash),PAID,COMPLETED,TXN-HYB-47010884
ORD-20260423-02938-CB3E4,2026-04-23 14:23:29,ON_SITE,Dindo Dela Cruz,Sweet & Chili Crab Bucket x1; Garlic Butter Prawns x1,3200.00,384.00,0.00,3584.00,GCASH,PAID,COMPLETED,TXN-GCA-29982375
ORD-20260423-03814-E7483,2026-04-23 17:11:18,ON_SITE,Kathryn Bernardo,Crispy Seafood Basket x1; Classic Seafood Paella x1; Sweet & Chili Crab Bucket x1; Garlic Butter Prawns x1,5830.00,699.60,0.00,6529.60,GCASH,PAID,COMPLETED,TXN-GCA-34865237
ORD-20260424-00118-8E13D,2026-04-24 10:40:16,ONLINE,Ana Reyes,Seafood Bilao Feast x1; Seafood Cajun Boil x2,6100.00,732.00,85.00,6917.00,CASH,PAID,COMPLETED,TXN-CAS-42555698
ORD-20260424-01835-A34C2,2026-04-24 11:58:25,ON_SITE,Ferdinand Marcos,Seafood Bilao Feast x1; Crispy Seafood Basket x2; Seafood Cajun Boil x2,8060.00,967.20,0.00,9027.20,CASH,PAID,COMPLETED,TXN-CAS-54214808
ORD-20260424-01093-AE3B9,2026-04-24 15:21:33,ONLINE,Pedro Penduko,Sweet & Chili Crab Bucket x1; Classic Seafood Paella x2,5250.00,630.00,85.00,5965.00,GCASH,PAID,COMPLETED,TXN-GCA-92018103
ORD-20260424-04140-4C3AC,2026-04-24 15:22:37,ONLINE,Clara Dizon,Seafood Bilao Feast x1; Crispy Seafood Basket x1; Classic Seafood Paella x1,5030.00,603.60,50.00,5683.60,GCASH,PAID,COMPLETED,TXN-GCA-97804758
ORD-20260424-00608-CE1D5,2026-04-24 18:41:42,ON_SITE,Ferdinand Marcos,Fresh Calamansi Juice Pitcher x1; Seafood Bilao Feast x1,2680.00,321.60,0.00,3001.60,HYBRID (Cash + GCash),PAID,COMPLETED,TXN-HYB-53990297
ORD-20260424-04187-955CE,2026-04-24 20:06:40,ON_SITE,Maria Clara Santos,Crispy Seafood Basket x1; Sweet & Chili Crab Bucket x1,2930.00,351.60,0.00,3281.60,HYBRID (Cash + GCash),PENDING,IN_PROCESS,N/A
ORD-20260424-04150-9CF32,2026-04-24 20:45:26,ON_SITE,Dindo Dela Cruz,Fresh Calamansi Juice Pitcher x1,280.00,33.60,0.00,313.60,CASH,PAID,COMPLETED,TXN-CAS-84149478
ORD-20260425-03058-ABED7,2026-04-25 10:21:49,ONLINE,Mark Bautista,Crispy Seafood Basket x1; Garlic Butter Prawns x1,2230.00,267.60,50.00,2547.60,GCASH,PAID,COMPLETED,TXN-GCA-16995857
ORD-20260425-02985-3E614,2026-04-25 10:39:04,ONLINE,Mark Bautista,Grilled Seafood Platter x2; Classic Seafood Paella x1,5850.00,702.00,120.00,6672.00,GCASH,PAID,COMPLETED,TXN-GCA-50847075
ORD-20260425-00688-F1AD8,2026-04-25 11:56:17,ON_SITE,Giselle Hernandez,Seafood Bilao Feast x1; Sweet & Chili Crab Bucket x2; Grilled Seafood Platter x1,8400.00,1008.00,0.00,9408.00,GCASH,PAID,COMPLETED,TXN-GCA-63884357
ORD-20260425-04142-E92FA,2026-04-25 13:04:15,ON_SITE,Pedro Penduko,Seafood Cajun Boil x1; Classic Seafood Paella x2,5150.00,618.00,0.00,5768.00,GCASH,PAID,COMPLETED,TXN-GCA-65497991
ORD-20260425-04227-B6D38,2026-04-25 13:22:34,ON_SITE,Bea Alonzo,Fresh Calamansi Juice Pitcher x1; Classic Seafood Paella x1,1930.00,231.60,0.00,2161.60,GCASH,PAID,COMPLETED,TXN-GCA-84117607
ORD-20260425-02212-8D66D,2026-04-25 16:11:56,ON_SITE,Pedro Penduko,Classic Seafood Paella x2; Grilled Seafood Platter x1,5400.00,648.00,0.00,6048.00,CASH,PAID,COMPLETED,TXN-CAS-56115324
ORD-20260425-04823-4AECD,2026-04-25 20:38:28,ON_SITE,Mark Bautista,Grilled Seafood Platter x1; Seafood Bilao Feast x1; Classic Seafood Paella x1; Sweet & Chili Crab Bucket x1,8100.00,972.00,0.00,9072.00,CASH,PAID,COMPLETED,TXN-CAS-59754005
ORD-20260426-02800-A593C,2026-04-26 12:42:35,ON_SITE,Joshua Garcia,Garlic Butter Prawns x1; Seafood Cajun Boil x1; Fresh Calamansi Juice Pitcher x1,3380.00,405.60,0.00,3785.60,GCASH,PAID,COMPLETED,TXN-GCA-59352010
ORD-20260426-01113-1DD40,2026-04-26 15:30:53,ONLINE,Lisa Manoban,Classic Seafood Paella x1; Seafood Cajun Boil x1,3500.00,420.00,60.00,3980.00,GCASH,PAID,IN_PROCESS,TXN-GCA-54284029
ORD-20260427-03237-F9CEF,2026-04-27 11:27:05,ONLINE,Mark Bautista,Sweet & Chili Crab Bucket x1; Seafood Cajun Boil x1,3800.00,456.00,85.00,4341.00,CASH,PAID,COMPLETED,TXN-CAS-95068819
ORD-20260427-00405-3934F,2026-04-27 15:35:55,ON_SITE,Juan Tamad,Grilled Seafood Platter x1,2100.00,252.00,0.00,2352.00,SPLIT (Cash + GCash),PAID,COMPLETED,TXN-SPL-40018170
ORD-20260427-02606-3C041,2026-04-27 16:50:53,ONLINE,Juan Tamad,Sweet & Chili Crab Bucket x2,3900.00,468.00,120.00,4488.00,GCASH,PAID,COMPLETED,TXN-GCA-36420397
ORD-20260428-02813-F007B,2026-04-28 11:56:48,ON_SITE,Pedro Penduko,Garlic Butter Prawns x1; Crispy Seafood Basket x1,2230.00,267.60,0.00,2497.60,CASH,PAID,COMPLETED,TXN-CAS-40412997
ORD-20260428-04847-14E2B,2026-04-28 13:58:46,ONLINE,Lisa Manoban,Crispy Seafood Basket x1; Classic Seafood Paella x1; Seafood Cajun Boil x1; Seafood Bilao Feast x1,6880.00,825.60,60.00,7765.60,COD,PAID,COMPLETED,TXN-COD-91495203
ORD-20260428-01291-CFBE0,2026-04-28 15:31:52,ONLINE,Lisa Manoban,Crispy Seafood Basket x1; Fresh Calamansi Juice Pitcher x3; Seafood Bilao Feast x2,6620.00,794.40,50.00,7464.40,SPLIT (Cash + GCash),PAID,COMPLETED,TXN-SPL-48381466
ORD-20260428-03356-77C95,2026-04-28 15:44:06,ON_SITE,Joshua Garcia,Sweet & Chili Crab Bucket x3,5850.00,702.00,0.00,6552.00,HYBRID (Cash + GCash),PAID,COMPLETED,TXN-HYB-76950281
ORD-20260428-03959-0237C,2026-04-28 19:35:01,ONLINE,Juan Tamad,Sweet & Chili Crab Bucket x1,1950.00,234.00,120.00,2304.00,GCASH,PAID,COMPLETED,TXN-GCA-38132320
ORD-20260429-03824-41CA1,2026-04-29 13:59:36,ON_SITE,Giselle Hernandez,Classic Seafood Paella x1; Fresh Calamansi Juice Pitcher x1,1930.00,231.60,0.00,2161.60,HYBRID (Cash + GCash),PAID,COMPLETED,TXN-HYB-73326592
ORD-20260429-02398-04351,2026-04-29 15:05:26,ONLINE,Mark Bautista,Seafood Bilao Feast x1; Grilled Seafood Platter x2,6600.00,792.00,50.00,7442.00,GCASH,PAID,COMPLETED,TXN-GCA-52355645
ORD-20260429-01489-77931,2026-04-29 15:24:30,ONLINE,Juan Tamad,Crispy Seafood Basket x2; Fresh Calamansi Juice Pitcher x1; Grilled Seafood Platter x1,4340.00,520.80,100.00,4960.80,CASH,PAID,COMPLETED,TXN-CAS-74133384
ORD-20260429-03564-4555B,2026-04-29 20:41:02,ON_SITE,Pedro Penduko,Fresh Calamansi Juice Pitcher x1; Sweet & Chili Crab Bucket x3,6130.00,735.60,0.00,6865.60,HYBRID (Cash + GCash),PAID,COMPLETED,TXN-HYB-56633808
ORD-20260429-00364-35EB2,2026-04-29 21:08:48,ON_SITE,Maria Clara Santos,Grilled Seafood Platter x1; Seafood Bilao Feast x1; Seafood Cajun Boil x1,6350.00,762.00,0.00,7112.00,GCASH,PAID,COMPLETED,TXN-GCA-50113295
ORD-20260430-03497-2A665,2026-04-30 18:22:51,ON_SITE,Marian Rivera,Classic Seafood Paella x1,1650.00,198.00,0.00,1848.00,CASH,PAID,COMPLETED,TXN-CAS-80149774
ORD-20260430-04809-6D738,2026-04-30 19:16:54,ONLINE,Mark Bautista,Classic Seafood Paella x2; Fresh Calamansi Juice Pitcher x1,3580.00,429.60,100.00,4109.60,COD,PAID,COMPLETED,TXN-COD-24199554
ORD-20260430-03381-8FAF7,2026-04-30 21:18:37,ONLINE,Pedro Penduko,Garlic Butter Prawns x1,1250.00,150.00,75.00,1475.00,GCASH,PAID,COMPLETED,TXN-GCA-20551760
ORD-20260430-01370-17AAE,2026-04-30 21:56:19,ONLINE,Juan Tamad,Crispy Seafood Basket x2; Seafood Bilao Feast x2,6760.00,811.20,120.00,7691.20,COD,PAID,COMPLETED,TXN-COD-87114535
ORD-20260501-02690-371D2,2026-05-01 13:26:37,ON_SITE,Ana Reyes,Crispy Seafood Basket x1,980.00,117.60,0.00,1097.60,SPLIT (Cash + GCash),PAID,COMPLETED,TXN-SPL-24912993
ORD-20260501-00769-7CFFD,2026-05-01 16:47:12,ON_SITE,Carlos Mendoza,Classic Seafood Paella x1; Crispy Seafood Basket x1,2630.00,315.60,0.00,2945.60,CASH,PAID,COMPLETED,TXN-CAS-99541587
ORD-20260501-02693-AB9B1,2026-05-01 20:11:07,ONLINE,Mark Bautista,Fresh Calamansi Juice Pitcher x1; Sweet & Chili Crab Bucket x1,2230.00,267.60,60.00,2557.60,GCASH,PAID,COMPLETED,TXN-GCA-34940927
ORD-20260502-04570-DC7A2,2026-05-02 10:52:29,ONLINE,Juan Tamad,Seafood Cajun Boil x1; Seafood Bilao Feast x1; Fresh Calamansi Juice Pitcher x1,4530.00,543.60,120.00,5193.60,MAYA,PAID,COMPLETED,TXN-MAY-17905966
ORD-20260502-03789-CF740,2026-05-02 11:10:43,ON_SITE,Maria Clara Santos,Grilled Seafood Platter x1; Sweet & Chili Crab Bucket x1,4050.00,486.00,0.00,4536.00,HYBRID (Cash + GCash),PAID,COMPLETED,TXN-HYB-77256592
ORD-20260502-00457-A56DA,2026-05-02 14:42:51,ON_SITE,Lisa Manoban,Seafood Cajun Boil x1; Garlic Butter Prawns x1,3100.00,372.00,0.00,3472.00,GCASH,PENDING,IN_PROCESS,N/A
ORD-20260502-00897-EDB15,2026-05-02 18:42:41,ONLINE,Pedro Penduko,Crispy Seafood Basket x1; Grilled Seafood Platter x1; Fresh Calamansi Juice Pitcher x1; Sweet & Chili Crab Bucket x2,7260.00,871.20,85.00,8216.20,MAYA,PAID,COMPLETED,TXN-MAY-66923914
ORD-20260503-00680-291CA,2026-05-03 10:14:15,ONLINE,Ana Reyes,Garlic Butter Prawns x1; Sweet & Chili Crab Bucket x1; Crispy Seafood Basket x1,4180.00,501.60,85.00,4766.60,GCASH,PAID,COMPLETED,TXN-GCA-21622408
ORD-20260503-01484-4401E,2026-05-03 12:35:56,ONLINE,Ana Reyes,Seafood Bilao Feast x2; Fresh Calamansi Juice Pitcher x1,5080.00,609.60,100.00,5789.60,MAYA,PAID,COMPLETED,TXN-MAY-36560858
ORD-20260503-04891-A8E77,2026-05-03 13:57:42,ONLINE,Clara Dizon,Sweet & Chili Crab Bucket x1; Seafood Bilao Feast x1; Classic Seafood Paella x1; Grilled Seafood Platter x1,8100.00,972.00,120.00,9192.00,GCASH,PAID,COMPLETED,TXN-GCA-59881074
ORD-20260503-02147-F5EEA,2026-05-03 14:50:40,ONLINE,Pedro Penduko,Crispy Seafood Basket x2; Seafood Cajun Boil x1,3810.00,457.20,50.00,4317.20,HYBRID (Cash + GCash),PAID,IN_PROCESS,TXN-HYB-11117144
ORD-20260504-03332-55801,2026-05-04 11:57:38,ONLINE,Lisa Manoban,Grilled Seafood Platter x1,2100.00,252.00,60.00,2412.00,GCASH,PAID,COMPLETED,TXN-GCA-30235233
ORD-20260504-04286-51025,2026-05-04 13:20:11,ONLINE,Ana Reyes,Garlic Butter Prawns x3,3750.00,450.00,85.00,4285.00,GCASH,PENDING,IN_PROCESS,N/A
ORD-20260504-03011-75C46,2026-05-04 13:37:09,ON_SITE,Matteo Guidicelli,Classic Seafood Paella x1,1650.00,198.00,0.00,1848.00,GCASH,PAID,COMPLETED,TXN-GCA-91849158
ORD-20260504-00763-74E67,2026-05-04 14:29:03,ONLINE,Juan Tamad,Sweet & Chili Crab Bucket x1,1950.00,234.00,50.00,2234.00,GCASH,PAID,COMPLETED,TXN-GCA-10681255
ORD-20260504-04862-26D98,2026-05-04 17:44:14,ON_SITE,Bea Alonzo,Garlic Butter Prawns x3,3750.00,450.00,0.00,4200.00,CASH,PAID,COMPLETED,TXN-CAS-86679060
ORD-20260504-01614-04CE5,2026-05-04 17:55:32,ON_SITE,Dingdong Dantes,Garlic Butter Prawns x1; Fresh Calamansi Juice Pitcher x1; Grilled Seafood Platter x2; Seafood Bilao Feast x1,8130.00,975.60,0.00,9105.60,MAYA,PAID,COMPLETED,TXN-MAY-31178282
ORD-20260505-02178-E2B88,2026-05-05 10:15:57,ON_SITE,Daniel Padilla,Sweet & Chili Crab Bucket x1; Garlic Butter Prawns x1; Seafood Bilao Feast x1,5600.00,672.00,0.00,6272.00,HYBRID (Cash + GCash),PAID,COMPLETED,TXN-HYB-24208782
ORD-20260505-04167-A84C7,2026-05-05 14:56:46,ONLINE,Juan Tamad,Fresh Calamansi Juice Pitcher x1; Crispy Seafood Basket x1; Sweet & Chili Crab Bucket x1,3210.00,385.20,120.00,3715.20,GCASH,PAID,IN_PROCESS,TXN-GCA-72889975
ORD-20260505-01458-20544,2026-05-05 17:34:31,ONLINE,Lisa Manoban,Seafood Bilao Feast x1,2400.00,288.00,50.00,2738.00,GCASH,PAID,COMPLETED,TXN-GCA-38216660
ORD-20260505-00676-55CF3,2026-05-05 20:43:28,ON_SITE,Clara Dizon,Garlic Butter Prawns x2; Grilled Seafood Platter x1,4600.00,552.00,0.00,5152.00,CASH,PAID,COMPLETED,TXN-CAS-83170533
ORD-20260505-04620-E3D1E,2026-05-05 20:43:37,ONLINE,Clara Dizon,Sweet & Chili Crab Bucket x1,1950.00,234.00,60.00,2244.00,COD,PAID,COMPLETED,TXN-COD-78585827
ORD-20260505-02595-AB02C,2026-05-05 20:51:55,ON_SITE,Matteo Guidicelli,Sweet & Chili Crab Bucket x1; Crispy Seafood Basket x1,2930.00,351.60,0.00,3281.60,CASH,PAID,COMPLETED,TXN-CAS-14880381
ORD-20260505-00886-712E5,2026-05-05 21:31:32,ON_SITE,Juan Tamad,Garlic Butter Prawns x1,1250.00,150.00,0.00,1400.00,MAYA,PAID,COMPLETED,TXN-MAY-97404682
ORD-20260506-04800-6E8D4,2026-05-06 11:54:47,ON_SITE,Lisa Manoban,Crispy Seafood Basket x1; Garlic Butter Prawns x1,2230.00,267.60,0.00,2497.60,CASH,PAID,COMPLETED,TXN-CAS-87751279
ORD-20260506-03355-74846,2026-05-06 12:24:37,ON_SITE,Ana Reyes,Garlic Butter Prawns x2,2500.00,300.00,0.00,2800.00,CASH,PAID,COMPLETED,TXN-CAS-47266454
ORD-20260506-00636-876A6,2026-05-06 16:59:32,ONLINE,Mark Bautista,Classic Seafood Paella x1,1650.00,198.00,50.00,1898.00,GCASH,PAID,COMPLETED,TXN-GCA-83697140
ORD-20260506-00271-69AB4,2026-05-06 18:53:16,ONLINE,Pedro Penduko,Garlic Butter Prawns x1; Sweet & Chili Crab Bucket x1,3200.00,384.00,120.00,3704.00,CASH,PAID,COMPLETED,TXN-CAS-15682133
ORD-20260507-00738-D411F,2026-05-07 11:30:39,ONLINE,Clara Dizon,Classic Seafood Paella x2; Sweet & Chili Crab Bucket x1; Grilled Seafood Platter x1; Seafood Cajun Boil x1,9200.00,1104.00,100.00,10404.00,GCASH,PAID,COMPLETED,TXN-GCA-81132243
ORD-20260507-03873-7D0E3,2026-05-07 19:10:01,ONLINE,Pedro Penduko,Crispy Seafood Basket x2,1960.00,235.20,50.00,2245.20,HYBRID (Cash + GCash),PAID,COMPLETED,TXN-HYB-46486815
ORD-20260508-02707-E1B82,2026-05-08 10:39:51,ONLINE,Lisa Manoban,Seafood Bilao Feast x2; Crispy Seafood Basket x1,5780.00,693.60,60.00,6533.60,HYBRID (Cash + GCash),PAID,COMPLETED,TXN-HYB-54458075
ORD-20260508-00412-576B6,2026-05-08 12:30:48,ONLINE,Juan Tamad,Grilled Seafood Platter x1; Garlic Butter Prawns x1; Crispy Seafood Basket x1; Fresh Calamansi Juice Pitcher x2,4890.00,586.80,75.00,5551.80,SPLIT (Cash + GCash),PAID,COMPLETED,TXN-SPL-14579476
ORD-20260508-03840-A385B,2026-05-08 12:41:06,ON_SITE,Dindo Dela Cruz,Seafood Cajun Boil x1; Fresh Calamansi Juice Pitcher x1,2130.00,255.60,0.00,2385.60,GCASH,PAID,COMPLETED,TXN-GCA-71607815
ORD-20260509-02186-EAE4B,2026-05-09 10:37:14,ON_SITE,Joshua Garcia,Crispy Seafood Basket x1; Garlic Butter Prawns x2; Grilled Seafood Platter x2,7680.00,921.60,0.00,8601.60,CASH,PAID,COMPLETED,TXN-CAS-88325977
ORD-20260509-01551-DC256,2026-05-09 14:38:31,ONLINE,Clara Dizon,Seafood Bilao Feast x2; Garlic Butter Prawns x1,6050.00,726.00,50.00,6826.00,CASH,PAID,COMPLETED,TXN-CAS-16981744
ORD-20260509-04747-D4083,2026-05-09 17:12:38,ONLINE,Mark Bautista,Classic Seafood Paella x1; Seafood Cajun Boil x1; Garlic Butter Prawns x2; Crispy Seafood Basket x1,6980.00,837.60,50.00,7867.60,MAYA,PAID,COMPLETED,TXN-MAY-60261507
ORD-20260509-04641-9B21C,2026-05-09 17:41:18,ON_SITE,Bea Alonzo,Fresh Calamansi Juice Pitcher x2,560.00,67.20,0.00,627.20,CASH,PAID,COMPLETED,TXN-CAS-66055284
ORD-20260509-03926-D15D9,2026-05-09 17:47:41,ON_SITE,Dindo Dela Cruz,Classic Seafood Paella x2,3300.00,396.00,0.00,3696.00,CASH,PAID,COMPLETED,TXN-CAS-40647226
ORD-20260509-03117-B7299,2026-05-09 19:08:56,ON_SITE,Maria Clara Santos,Seafood Cajun Boil x3; Fresh Calamansi Juice Pitcher x1; Garlic Butter Prawns x1; Sweet & Chili Crab Bucket x1,9030.00,1083.60,0.00,10113.60,CASH,PAID,IN_PROCESS,TXN-CAS-15754833
ORD-20260510-00597-9C3A7,2026-05-10 12:17:06,ON_SITE,Carlos Mendoza,Seafood Bilao Feast x1,2400.00,288.00,0.00,2688.00,CASH,PAID,COMPLETED,TXN-CAS-66670720
ORD-20260510-02184-D419F,2026-05-10 13:30:04,ONLINE,Lisa Manoban,Fresh Calamansi Juice Pitcher x2; Seafood Cajun Boil x1,2410.00,289.20,100.00,2799.20,COD,PAID,COMPLETED,TXN-COD-87442691
ORD-20260510-03646-53F11,2026-05-10 15:14:58,ON_SITE,Juan Tamad,Fresh Calamansi Juice Pitcher x1,280.00,33.60,0.00,313.60,HYBRID (Cash + GCash),PAID,COMPLETED,TXN-HYB-81234154
ORD-20260510-01245-EDE30,2026-05-10 19:56:26,ON_SITE,Ramon Magsaysay Jr.,Seafood Cajun Boil x1,1850.00,222.00,0.00,2072.00,CASH,PAID,COMPLETED,TXN-CAS-47604248
ORD-20260510-00400-0B05E,2026-05-10 19:58:08,ON_SITE,Lisa Manoban,Fresh Calamansi Juice Pitcher x1,280.00,33.60,0.00,313.60,HYBRID (Cash + GCash),PAID,COMPLETED,TXN-HYB-62475051
ORD-20260511-03689-C2B0E,2026-05-11 10:36:32,ONLINE,Clara Dizon,Seafood Cajun Boil x1,1850.00,222.00,75.00,2147.00,GCASH,PAID,COMPLETED,TXN-GCA-80896795
ORD-20260511-02238-3C205,2026-05-11 16:24:20,ON_SITE,Marian Rivera,Crispy Seafood Basket x1; Grilled Seafood Platter x1; Fresh Calamansi Juice Pitcher x1,3360.00,403.20,0.00,3763.20,CASH,PAID,COMPLETED,TXN-CAS-32040871
ORD-20260511-04830-BF205,2026-05-11 18:35:25,ON_SITE,Sarah Geronimo,Seafood Bilao Feast x1,2400.00,288.00,0.00,2688.00,CASH,PENDING,IN_PROCESS,N/A
ORD-20260511-01665-1CABE,2026-05-11 21:37:49,ON_SITE,Clara Dizon,Sweet & Chili Crab Bucket x1,1950.00,234.00,0.00,2184.00,SPLIT (Cash + GCash),PAID,COMPLETED,TXN-SPL-54588087
ORD-20260511-00062-4DD58,2026-05-11 21:52:29,ON_SITE,Carlos Mendoza,Crispy Seafood Basket x1,980.00,117.60,0.00,1097.60,SPLIT (Cash + GCash),PAID,COMPLETED,TXN-SPL-67000587
ORD-20260512-02498-BECBF,2026-05-12 11:17:22,ON_SITE,Katrina Halili,Fresh Calamansi Juice Pitcher x1; Classic Seafood Paella x3,5230.00,627.60,0.00,5857.60,HYBRID (Cash + GCash),PAID,COMPLETED,TXN-HYB-62737571
ORD-20260512-02497-1A3B2,2026-05-12 11:43:50,ONLINE,Juan Tamad,Classic Seafood Paella x1,1650.00,198.00,100.00,1948.00,SPLIT (Cash + GCash),PAID,COMPLETED,TXN-SPL-57995965
ORD-20260512-04065-BE63B,2026-05-12 14:43:45,ONLINE,Mark Bautista,Crispy Seafood Basket x1; Classic Seafood Paella x1; Grilled Seafood Platter x1,4730.00,567.60,50.00,5347.60,COD,PAID,COMPLETED,TXN-COD-25634662
ORD-20260512-00046-AD222,2026-05-12 18:20:45,ONLINE,Lisa Manoban,Garlic Butter Prawns x1,1250.00,150.00,100.00,1500.00,MAYA,PAID,COMPLETED,TXN-MAY-77362057
ORD-20260512-00463-52060,2026-05-12 19:01:43,ON_SITE,Pedro Penduko,Seafood Cajun Boil x1,1850.00,222.00,0.00,2072.00,CASH,PAID,COMPLETED,TXN-CAS-12239497
ORD-20260513-02789-950CB,2026-05-13 15:23:22,ON_SITE,Ferdinand Marcos,Classic Seafood Paella x1,1650.00,198.00,0.00,1848.00,GCASH,PAID,COMPLETED,TXN-GCA-69091743
ORD-20260513-03815-10E7A,2026-05-13 15:37:34,ON_SITE,Sarah Geronimo,Garlic Butter Prawns x1; Grilled Seafood Platter x1,3350.00,402.00,0.00,3752.00,CASH,PAID,COMPLETED,TXN-CAS-82514792
ORD-20260513-02102-3DC61,2026-05-13 15:50:31,ONLINE,Clara Dizon,Seafood Cajun Boil x1; Crispy Seafood Basket x1; Garlic Butter Prawns x1,4080.00,489.60,75.00,4644.60,HYBRID (Cash + GCash),PAID,COMPLETED,TXN-HYB-75684405
ORD-20260513-04567-10933,2026-05-13 18:09:07,ON_SITE,Lisa Manoban,Seafood Cajun Boil x1,1850.00,222.00,0.00,2072.00,CASH,PAID,COMPLETED,TXN-CAS-10292284
ORD-20260513-00927-FF9A6,2026-05-13 21:21:23,ON_SITE,Ana Reyes,Crispy Seafood Basket x2; Garlic Butter Prawns x1,3210.00,385.20,0.00,3595.20,SPLIT (Cash + GCash),PAID,COMPLETED,TXN-SPL-89069099
ORD-20260514-03642-998FD,2026-05-14 10:49:02,ONLINE,Juan Tamad,Grilled Seafood Platter x1,2100.00,252.00,60.00,2412.00,GCASH,PAID,COMPLETED,TXN-GCA-96720774
ORD-20260514-01506-2E1EC,2026-05-14 19:04:47,ONLINE,Pedro Penduko,Grilled Seafood Platter x3; Seafood Bilao Feast x2,11100.00,1332.00,100.00,12532.00,SPLIT (Cash + GCash),FAILED,CANCELLED,N/A
ORD-20260514-02196-BEB72,2026-05-14 20:09:27,ON_SITE,Sarah Geronimo,Sweet & Chili Crab Bucket x1; Fresh Calamansi Juice Pitcher x1; Seafood Cajun Boil x1,4080.00,489.60,0.00,4569.60,GCASH,PAID,COMPLETED,TXN-GCA-54473050
ORD-20260515-03585-DCED0,2026-05-15 13:48:09,ON_SITE,Kathryn Bernardo,Fresh Calamansi Juice Pitcher x2; Classic Seafood Paella x1,2210.00,265.20,0.00,2475.20,HYBRID (Cash + GCash),FAILED,CANCELLED,N/A
ORD-20260515-04813-67266,2026-05-15 19:24:53,ONLINE,Ana Reyes,Seafood Bilao Feast x1; Grilled Seafood Platter x1,4500.00,540.00,85.00,5125.00,CASH,PAID,COMPLETED,TXN-CAS-72585087
ORD-20260515-02860-7CD04,2026-05-15 19:26:13,ON_SITE,Matteo Guidicelli,Classic Seafood Paella x2,3300.00,396.00,0.00,3696.00,GCASH,PAID,COMPLETED,TXN-GCA-99882014
ORD-20260516-04185-4551F,2026-05-16 10:11:41,ON_SITE,Maria Clara Santos,Grilled Seafood Platter x1,2100.00,252.00,0.00,2352.00,GCASH,PAID,COMPLETED,TXN-GCA-36241208
ORD-20260516-04908-C05A5,2026-05-16 10:27:04,ONLINE,Ana Reyes,Seafood Cajun Boil x1; Garlic Butter Prawns x2; Fresh Calamansi Juice Pitcher x2,4910.00,589.20,50.00,5549.20,SPLIT (Cash + GCash),PAID,COMPLETED,TXN-SPL-41668042
ORD-20260516-00835-8E76E,2026-05-16 11:19:29,ON_SITE,Matteo Guidicelli,Seafood Cajun Boil x2; Crispy Seafood Basket x1; Classic Seafood Paella x1,6330.00,759.60,0.00,7089.60,CASH,PAID,COMPLETED,TXN-CAS-76134105
ORD-20260516-00081-F7F24,2026-05-16 11:33:05,ON_SITE,Clara Dizon,Seafood Cajun Boil x1; Classic Seafood Paella x3,6800.00,816.00,0.00,7616.00,HYBRID (Cash + GCash),PAID,COMPLETED,TXN-HYB-22296039
ORD-20260516-00478-E36E0,2026-05-16 14:43:47,ONLINE,Lisa Manoban,Garlic Butter Prawns x1; Sweet & Chili Crab Bucket x1,3200.00,384.00,100.00,3684.00,HYBRID (Cash + GCash),PAID,COMPLETED,TXN-HYB-89086902
ORD-20260516-02048-138B2,2026-05-16 15:57:26,ONLINE,Clara Dizon,Grilled Seafood Platter x1; Fresh Calamansi Juice Pitcher x1,2380.00,285.60,50.00,2715.60,COD,FAILED,CANCELLED,N/A
ORD-20260516-00641-EF7AD,2026-05-16 16:17:12,ONLINE,Mark Bautista,Garlic Butter Prawns x2; Crispy Seafood Basket x1,3480.00,417.60,85.00,3982.60,HYBRID (Cash + GCash),PAID,COMPLETED,TXN-HYB-42731272
ORD-20260516-01363-EA112,2026-05-16 17:04:37,ONLINE,Ana Reyes,Classic Seafood Paella x1; Grilled Seafood Platter x1,3750.00,450.00,75.00,4275.00,GCASH,PAID,COMPLETED,TXN-GCA-96718524
ORD-20260516-04209-FDFDA,2026-05-16 19:24:52,ONLINE,Pedro Penduko,Garlic Butter Prawns x1; Seafood Bilao Feast x1,3650.00,438.00,85.00,4173.00,GCASH,PAID,COMPLETED,TXN-GCA-21346213
ORD-20260516-04258-03AE6,2026-05-16 20:59:15,ON_SITE,Dingdong Dantes,Fresh Calamansi Juice Pitcher x1,280.00,33.60,0.00,313.60,GCASH,PAID,COMPLETED,TXN-GCA-37827881
ORD-20260517-03682-43865,2026-05-17 12:12:23,ONLINE,Lisa Manoban,Classic Seafood Paella x3; Sweet & Chili Crab Bucket x1,6900.00,828.00,60.00,7788.00,GCASH,PAID,COMPLETED,TXN-GCA-74251371
ORD-20260517-04825-57503,2026-05-17 17:46:42,ONLINE,Clara Dizon,Seafood Bilao Feast x1,2400.00,288.00,50.00,2738.00,HYBRID (Cash + GCash),PAID,COMPLETED,TXN-HYB-79856280
ORD-20260518-03208-26A61,2026-05-18 13:26:51,ON_SITE,Clara Dizon,Seafood Bilao Feast x1,2400.00,288.00,0.00,2688.00,GCASH,PAID,COMPLETED,TXN-GCA-92509677
ORD-20260518-02255-2B075,2026-05-18 13:31:07,ON_SITE,Ramon Magsaysay Jr.,Crispy Seafood Basket x1,980.00,117.60,0.00,1097.60,CASH,FAILED,CANCELLED,N/A
ORD-20260518-01564-5ADC6,2026-05-18 16:46:26,ONLINE,Juan Tamad,Sweet & Chili Crab Bucket x1; Garlic Butter Prawns x1,3200.00,384.00,75.00,3659.00,GCASH,PAID,COMPLETED,TXN-GCA-50098381
ORD-20260518-02503-40D0D,2026-05-18 18:23:06,ON_SITE,Mark Bautista,Garlic Butter Prawns x1,1250.00,150.00,0.00,1400.00,CASH,PAID,COMPLETED,TXN-CAS-70647190
ORD-20260518-03373-C5008,2026-05-18 21:37:49,ON_SITE,Clara Dizon,Seafood Cajun Boil x1; Classic Seafood Paella x1; Grilled Seafood Platter x1; Seafood Bilao Feast x1,8000.00,960.00,0.00,8960.00,HYBRID (Cash + GCash),FAILED,CANCELLED,N/A
ORD-20260518-04896-C5467,2026-05-18 21:52:28,ON_SITE,Bea Alonzo,Classic Seafood Paella x2,3300.00,396.00,0.00,3696.00,MAYA,PAID,COMPLETED,TXN-MAY-55643317
ORD-20260519-00140-BA2AC,2026-05-19 13:21:06,ON_SITE,Maria Clara Santos,Fresh Calamansi Juice Pitcher x3,840.00,100.80,0.00,940.80,CASH,PAID,COMPLETED,TXN-CAS-84570153
ORD-20260519-03258-77BBF,2026-05-19 15:13:12,ONLINE,Juan Tamad,Seafood Cajun Boil x1; Garlic Butter Prawns x1,3100.00,372.00,50.00,3522.00,GCASH,PAID,COMPLETED,TXN-GCA-96022322
ORD-20260519-03899-7F3DC,2026-05-19 15:20:46,ON_SITE,Lisa Manoban,Sweet & Chili Crab Bucket x1; Crispy Seafood Basket x1,2930.00,351.60,0.00,3281.60,GCASH,PAID,COMPLETED,TXN-GCA-18727851
ORD-20260519-02629-C2E05,2026-05-19 16:58:32,ON_SITE,Dingdong Dantes,Seafood Cajun Boil x1; Seafood Bilao Feast x2; Classic Seafood Paella x1,8300.00,996.00,0.00,9296.00,GCASH,PAID,COMPLETED,TXN-GCA-70066607
ORD-20260520-04745-AC9AF,2026-05-20 14:11:15,ON_SITE,Kathryn Bernardo,Garlic Butter Prawns x1; Seafood Bilao Feast x2; Classic Seafood Paella x1,7700.00,924.00,0.00,8624.00,CASH,PAID,COMPLETED,TXN-CAS-17434891
ORD-20260520-00268-82EC2,2026-05-20 16:07:55,ONLINE,Clara Dizon,Fresh Calamansi Juice Pitcher x2; Classic Seafood Paella x2,3860.00,463.20,75.00,4398.20,GCASH,PAID,COMPLETED,TXN-GCA-88893163
ORD-20260520-01884-D1F51,2026-05-20 16:55:13,ON_SITE,Dingdong Dantes,Sweet & Chili Crab Bucket x2; Seafood Bilao Feast x1,6300.00,756.00,0.00,7056.00,CASH,PAID,COMPLETED,TXN-CAS-70603829
ORD-20260520-00251-CDB54,2026-05-20 17:20:26,ON_SITE,Alden Richards,Seafood Cajun Boil x1; Sweet & Chili Crab Bucket x2,5750.00,690.00,0.00,6440.00,HYBRID (Cash + GCash),PAID,COMPLETED,TXN-HYB-27811197
ORD-20260520-00283-41003,2026-05-20 21:43:05,ONLINE,Juan Tamad,Seafood Cajun Boil x3,5550.00,666.00,120.00,6336.00,GCASH,PAID,COMPLETED,TXN-GCA-84962372
ORD-20260521-04911-3E317,2026-05-21 10:24:56,ON_SITE,Carlos Mendoza,Garlic Butter Prawns x2; Seafood Cajun Boil x1; Classic Seafood Paella x1,6000.00,720.00,0.00,6720.00,CASH,PAID,COMPLETED,TXN-CAS-27181398
ORD-20260521-04775-CB0B9,2026-05-21 12:10:41,ON_SITE,Clara Dizon,Seafood Cajun Boil x1; Garlic Butter Prawns x1,3100.00,372.00,0.00,3472.00,GCASH,PAID,COMPLETED,TXN-GCA-83204330
ORD-20260521-04305-A4E64,2026-05-21 20:17:26,ON_SITE,Ferdinand Marcos,Fresh Calamansi Juice Pitcher x1,280.00,33.60,0.00,313.60,CASH,PAID,COMPLETED,TXN-CAS-83968981
ORD-20260521-00645-776A9,2026-05-21 21:02:15,ON_SITE,Sarah Geronimo,Fresh Calamansi Juice Pitcher x1; Classic Seafood Paella x1; Seafood Cajun Boil x1,3780.00,453.60,0.00,4233.60,CASH,PAID,COMPLETED,TXN-CAS-12464221
ORD-20260522-02073-BDA63,2026-05-22 10:13:35,ONLINE,Ana Reyes,Seafood Cajun Boil x2; Grilled Seafood Platter x1; Seafood Bilao Feast x1; Classic Seafood Paella x1,9850.00,1182.00,60.00,11092.00,SPLIT (Cash + GCash),PAID,COMPLETED,TXN-SPL-58576368
ORD-20260522-01910-0070A,2026-05-22 10:41:43,ON_SITE,Maria Clara Santos,Garlic Butter Prawns x2; Seafood Cajun Boil x1; Crispy Seafood Basket x1,5330.00,639.60,0.00,5969.60,CASH,PAID,COMPLETED,TXN-CAS-76614115
ORD-20260522-01217-7CA87,2026-05-22 13:09:50,ON_SITE,Juan Tamad,Classic Seafood Paella x2; Sweet & Chili Crab Bucket x2,7200.00,864.00,0.00,8064.00,GCASH,PAID,COMPLETED,TXN-GCA-31023331
ORD-20260522-01097-F6202,2026-05-22 17:02:00,ONLINE,Lisa Manoban,Grilled Seafood Platter x1,2100.00,252.00,60.00,2412.00,SPLIT (Cash + GCash),PAID,COMPLETED,TXN-SPL-45856752
ORD-20260522-00270-ACEF6,2026-05-22 17:24:46,ONLINE,Lisa Manoban,Crispy Seafood Basket x1,980.00,117.60,85.00,1182.60,MAYA,PAID,COMPLETED,TXN-MAY-46170456
ORD-20260522-00986-CE367,2026-05-22 19:21:52,ONLINE,Mark Bautista,Crispy Seafood Basket x1; Seafood Bilao Feast x1,3380.00,405.60,75.00,3860.60,GCASH,PAID,COMPLETED,TXN-GCA-17097414
ORD-20260522-02161-F14DF,2026-05-22 21:45:01,ON_SITE,Ana Reyes,Garlic Butter Prawns x2; Seafood Bilao Feast x2,7300.00,876.00,0.00,8176.00,SPLIT (Cash + GCash),PAID,IN_PROCESS,TXN-SPL-37019450
ORD-20260523-00211-3057B,2026-05-23 10:48:49,ONLINE,Juan Tamad,Fresh Calamansi Juice Pitcher x1,280.00,33.60,85.00,398.60,SPLIT (Cash + GCash),PAID,COMPLETED,TXN-SPL-52713082
ORD-20260523-03305-BCD43,2026-05-23 17:13:15,ON_SITE,Ferdinand Marcos,Garlic Butter Prawns x1,1250.00,150.00,0.00,1400.00,HYBRID (Cash + GCash),PAID,COMPLETED,TXN-HYB-46465684
ORD-20260523-04851-65ADD,2026-05-23 17:28:18,ONLINE,Ana Reyes,Seafood Bilao Feast x1; Classic Seafood Paella x3,7350.00,882.00,120.00,8352.00,SPLIT (Cash + GCash),PAID,COMPLETED,TXN-SPL-89765126
ORD-20260523-03156-E2D7C,2026-05-23 18:01:11,ON_SITE,Juan Tamad,Grilled Seafood Platter x2; Fresh Calamansi Juice Pitcher x1,4480.00,537.60,0.00,5017.60,GCASH,PAID,COMPLETED,TXN-GCA-14149197
ORD-20260523-03022-78845,2026-05-23 18:01:30,ONLINE,Clara Dizon,Seafood Cajun Boil x1; Crispy Seafood Basket x1; Garlic Butter Prawns x1,4080.00,489.60,100.00,4669.60,HYBRID (Cash + GCash),PAID,COMPLETED,TXN-HYB-19385152
ORD-20260523-03473-C8208,2026-05-23 18:29:17,ONLINE,Lisa Manoban,Seafood Cajun Boil x1; Seafood Bilao Feast x1; Fresh Calamansi Juice Pitcher x2; Crispy Seafood Basket x1,5790.00,694.80,100.00,6584.80,GCASH,PAID,COMPLETED,TXN-GCA-90474648
ORD-20260523-04202-40521,2026-05-23 19:33:39,ON_SITE,Pedro Penduko,Sweet & Chili Crab Bucket x1,1950.00,234.00,0.00,2184.00,CASH,PAID,COMPLETED,TXN-CAS-73533220
ORD-20260523-02348-472A2,2026-05-23 20:54:02,ONLINE,Juan Tamad,Crispy Seafood Basket x2; Classic Seafood Paella x2; Fresh Calamansi Juice Pitcher x1,5540.00,664.80,50.00,6254.80,SPLIT (Cash + GCash),PAID,COMPLETED,TXN-SPL-33266340
ORD-20260523-03135-B9CF8,2026-05-23 21:28:37,ON_SITE,Maria Clara Santos,Grilled Seafood Platter x2; Sweet & Chili Crab Bucket x1; Garlic Butter Prawns x1,7400.00,888.00,0.00,8288.00,GCASH,PAID,COMPLETED,TXN-GCA-72902743
ORD-20260524-00007-B4234,2026-05-24 13:38:38,ON_SITE,Giselle Hernandez,Classic Seafood Paella x1; Seafood Bilao Feast x1,4050.00,486.00,0.00,4536.00,HYBRID (Cash + GCash),PAID,COMPLETED,TXN-HYB-75939975
ORD-20260524-01811-B258A,2026-05-24 13:50:34,ONLINE,Mark Bautista,Fresh Calamansi Juice Pitcher x2,560.00,67.20,60.00,687.20,MAYA,PAID,COMPLETED,TXN-MAY-98594062
ORD-20260524-01091-18420,2026-05-24 14:38:46,ON_SITE,Juan Tamad,Crispy Seafood Basket x1,980.00,117.60,0.00,1097.60,HYBRID (Cash + GCash),PAID,COMPLETED,TXN-HYB-54235303
ORD-20260524-04401-91103,2026-05-24 15:07:19,ONLINE,Juan Tamad,Grilled Seafood Platter x1,2100.00,252.00,120.00,2472.00,MAYA,PAID,COMPLETED,TXN-MAY-79854656
ORD-20260524-03397-2D586,2026-05-24 21:08:45,ON_SITE,Pedro Penduko,Grilled Seafood Platter x1; Sweet & Chili Crab Bucket x1; Garlic Butter Prawns x1; Classic Seafood Paella x2,8600.00,1032.00,0.00,9632.00,GCASH,PAID,COMPLETED,TXN-GCA-81526566
ORD-20260524-00131-EADEE,2026-05-24 21:12:51,ON_SITE,Ferdinand Marcos,Classic Seafood Paella x3,4950.00,594.00,0.00,5544.00,CASH,PAID,COMPLETED,TXN-CAS-43950592
ORD-20260525-01241-4A0A5,2026-05-25 11:36:12,ONLINE,Clara Dizon,Seafood Bilao Feast x2; Fresh Calamansi Juice Pitcher x1,5080.00,609.60,75.00,5764.60,CASH,PAID,COMPLETED,TXN-CAS-76042440
ORD-20260525-01673-72CAA,2026-05-25 14:06:33,ONLINE,Clara Dizon,Crispy Seafood Basket x1; Fresh Calamansi Juice Pitcher x2,1540.00,184.80,50.00,1774.80,GCASH,PAID,COMPLETED,TXN-GCA-88510233
ORD-20260525-02738-63EAB,2026-05-25 15:32:20,ONLINE,Lisa Manoban,Classic Seafood Paella x1; Crispy Seafood Basket x1; Fresh Calamansi Juice Pitcher x1,2910.00,349.20,85.00,3344.20,GCASH,PENDING,IN_PROCESS,N/A
ORD-20260525-02701-E2656,2026-05-25 17:31:47,ONLINE,Mark Bautista,Sweet & Chili Crab Bucket x1; Fresh Calamansi Juice Pitcher x1,2230.00,267.60,75.00,2572.60,GCASH,PAID,COMPLETED,TXN-GCA-62456600
ORD-20260525-02683-DD2A8,2026-05-25 21:58:48,ONLINE,Pedro Penduko,Fresh Calamansi Juice Pitcher x1; Crispy Seafood Basket x3,3220.00,386.40,120.00,3726.40,SPLIT (Cash + GCash),PAID,COMPLETED,TXN-SPL-18405767
ORD-20260526-00966-14599,2026-05-26 12:01:08,ON_SITE,Bea Alonzo,Seafood Bilao Feast x1; Classic Seafood Paella x1; Sweet & Chili Crab Bucket x1,6000.00,720.00,0.00,6720.00,CASH,PAID,COMPLETED,TXN-CAS-33652640
ORD-20260526-03133-058BA,2026-05-26 13:10:19,ONLINE,Lisa Manoban,Fresh Calamansi Juice Pitcher x1,280.00,33.60,120.00,433.60,GCASH,REFUNDED,CANCELLED,N/A
ORD-20260526-04006-A2160,2026-05-26 17:44:07,ONLINE,Pedro Penduko,Seafood Cajun Boil x2,3700.00,444.00,75.00,4219.00,MAYA,PAID,COMPLETED,TXN-MAY-21745758
ORD-20260526-02199-57828,2026-05-26 18:49:23,ONLINE,Lisa Manoban,Seafood Bilao Feast x1; Garlic Butter Prawns x1; Crispy Seafood Basket x1,4630.00,555.60,75.00,5260.60,GCASH,PAID,COMPLETED,TXN-GCA-80303578
ORD-20260526-01846-BAF7E,2026-05-26 21:49:02,ONLINE,Lisa Manoban,Fresh Calamansi Juice Pitcher x2; Seafood Bilao Feast x1; Garlic Butter Prawns x1,4210.00,505.20,100.00,4815.20,GCASH,PAID,COMPLETED,TXN-GCA-55586991
ORD-20260527-04345-3216A,2026-05-27 12:48:49,ONLINE,Lisa Manoban,Crispy Seafood Basket x1; Seafood Cajun Boil x1; Sweet & Chili Crab Bucket x1,4780.00,573.60,120.00,5473.60,SPLIT (Cash + GCash),PAID,COMPLETED,TXN-SPL-66598337
ORD-20260527-04614-01EC6,2026-05-27 15:39:52,ONLINE,Pedro Penduko,Classic Seafood Paella x1,1650.00,198.00,60.00,1908.00,HYBRID (Cash + GCash),PAID,COMPLETED,TXN-HYB-67620012
ORD-20260527-00892-B573C,2026-05-27 20:28:13,ON_SITE,Dingdong Dantes,Garlic Butter Prawns x1,1250.00,150.00,0.00,1400.00,CASH,PAID,COMPLETED,TXN-CAS-87027924
ORD-20260527-03887-B149B,2026-05-27 21:17:42,ON_SITE,Carlos Mendoza,Sweet & Chili Crab Bucket x1; Garlic Butter Prawns x1; Fresh Calamansi Juice Pitcher x1,3480.00,417.60,0.00,3897.60,HYBRID (Cash + GCash),PENDING,CANCELLED,N/A
ORD-20260527-04901-F82DE,2026-05-27 21:38:55,ON_SITE,Clara Dizon,Crispy Seafood Basket x1; Seafood Cajun Boil x1; Sweet & Chili Crab Bucket x2,6730.00,807.60,0.00,7537.60,SPLIT (Cash + GCash),PAID,COMPLETED,TXN-SPL-42991202
ORD-20260528-02211-5C8A2,2026-05-28 12:24:50,ONLINE,Ana Reyes,Seafood Bilao Feast x1; Garlic Butter Prawns x2; Crispy Seafood Basket x1,5880.00,705.60,120.00,6705.60,GCASH,PAID,COMPLETED,TXN-GCA-79459170
ORD-20260528-03708-903CC,2026-05-28 18:17:00,ON_SITE,Giselle Hernandez,Seafood Bilao Feast x2; Grilled Seafood Platter x1; Crispy Seafood Basket x1,7880.00,945.60,0.00,8825.60,MAYA,PENDING,CANCELLED,N/A
ORD-20260528-02837-24B71,2026-05-28 19:08:45,ON_SITE,Pedro Penduko,Seafood Cajun Boil x1; Classic Seafood Paella x1,3500.00,420.00,0.00,3920.00,GCASH,PAID,COMPLETED,TXN-GCA-20245283
ORD-20260528-03705-47812,2026-05-28 19:14:21,ONLINE,Clara Dizon,Garlic Butter Prawns x1; Grilled Seafood Platter x1,3350.00,402.00,50.00,3802.00,COD,PENDING,IN_PROCESS,N/A
ORD-20260528-02139-C765F,2026-05-28 19:36:11,ON_SITE,Mark Bautista,Grilled Seafood Platter x2,4200.00,504.00,0.00,4704.00,CASH,PAID,COMPLETED,TXN-CAS-12523692
ORD-20260528-00920-00201,2026-05-28 21:26:43,ON_SITE,Daniel Padilla,Garlic Butter Prawns x2; Sweet & Chili Crab Bucket x1; Crispy Seafood Basket x1,5430.00,651.60,0.00,6081.60,GCASH,PAID,COMPLETED,TXN-GCA-88407875
ORD-20260529-04728-07E1A,2026-05-29 14:59:41,ON_SITE,Dindo Dela Cruz,Grilled Seafood Platter x1; Sweet & Chili Crab Bucket x3; Seafood Cajun Boil x2; Garlic Butter Prawns x1,12900.00,1548.00,0.00,14448.00,CASH,PAID,COMPLETED,TXN-CAS-89902869
ORD-20260530-02978-203EB,2026-05-30 12:51:53,ON_SITE,Juan Tamad,Grilled Seafood Platter x1; Classic Seafood Paella x1,3750.00,450.00,0.00,4200.00,CASH,PAID,IN_PROCESS,TXN-CAS-95346203
ORD-20260530-02152-0B20D,2026-05-30 13:01:13,ONLINE,Lisa Manoban,Sweet & Chili Crab Bucket x1; Seafood Bilao Feast x1,4350.00,522.00,100.00,4972.00,GCASH,PAID,COMPLETED,TXN-GCA-85363976
ORD-20260530-00272-318F8,2026-05-30 15:35:51,ON_SITE,Mark Bautista,Grilled Seafood Platter x1; Crispy Seafood Basket x2; Seafood Cajun Boil x1; Fresh Calamansi Juice Pitcher x1,6190.00,742.80,0.00,6932.80,CASH,PAID,COMPLETED,TXN-CAS-59224010
ORD-20260530-01775-44764,2026-05-30 19:16:25,ON_SITE,Juan Tamad,Garlic Butter Prawns x1,1250.00,150.00,0.00,1400.00,HYBRID (Cash + GCash),FAILED,CANCELLED,N/A
ORD-20260530-02870-ED7F4,2026-05-30 21:11:00,ON_SITE,Clara Dizon,Fresh Calamansi Juice Pitcher x1,280.00,33.60,0.00,313.60,CASH,PAID,COMPLETED,TXN-CAS-26417901
ORD-20260531-02351-4F114,2026-05-31 10:09:37,ONLINE,Juan Tamad,Seafood Bilao Feast x1,2400.00,288.00,60.00,2748.00,CASH,PAID,COMPLETED,TXN-CAS-88346590
ORD-20260531-00952-3D948,2026-05-31 11:30:24,ON_SITE,Pedro Penduko,Seafood Cajun Boil x2,3700.00,444.00,0.00,4144.00,GCASH,PAID,COMPLETED,TXN-GCA-74483594
ORD-20260531-02926-A277D,2026-05-31 12:47:36,ON_SITE,Carlos Mendoza,Garlic Butter Prawns x1; Fresh Calamansi Juice Pitcher x2,1810.00,217.20,0.00,2027.20,GCASH,PAID,COMPLETED,TXN-GCA-52089792
ORD-20260531-03402-BD21A,2026-05-31 13:19:01,ON_SITE,Carlos Mendoza,Seafood Bilao Feast x1,2400.00,288.00,0.00,2688.00,CASH,PAID,COMPLETED,TXN-CAS-53660053
ORD-20260531-02015-5C7FC,2026-05-31 15:56:48,ON_SITE,Pedro Penduko,Garlic Butter Prawns x1; Seafood Bilao Feast x1,3650.00,438.00,0.00,4088.00,CASH,PAID,COMPLETED,TXN-CAS-97402926
ORD-20260531-02488-B4862,2026-05-31 18:57:41,ON_SITE,Bea Alonzo,Grilled Seafood Platter x1; Crispy Seafood Basket x1,3080.00,369.60,0.00,3449.60,GCASH,PAID,COMPLETED,TXN-GCA-38933440
ORD-20260601-00817-62624,2026-06-01 13:44:05,ON_SITE,Juan Tamad,Seafood Cajun Boil x1; Crispy Seafood Basket x1; Garlic Butter Prawns x1,4080.00,489.60,0.00,4569.60,MAYA,PAID,COMPLETED,TXN-MAY-23392892
ORD-20260601-01994-4280C,2026-06-01 19:29:48,ONLINE,Mark Bautista,Classic Seafood Paella x2,3300.00,396.00,85.00,3781.00,GCASH,PAID,COMPLETED,TXN-GCA-28945020
ORD-20260601-04754-ABE23,2026-06-01 20:43:13,ON_SITE,Clara Dizon,Seafood Bilao Feast x1,2400.00,288.00,0.00,2688.00,GCASH,PAID,COMPLETED,TXN-GCA-97300499
ORD-20260601-03065-A11A9,2026-06-01 20:59:29,ONLINE,Ana Reyes,Garlic Butter Prawns x1; Grilled Seafood Platter x1; Crispy Seafood Basket x1,4330.00,519.60,100.00,4949.60,SPLIT (Cash + GCash),PAID,COMPLETED,TXN-SPL-57196327
ORD-20260602-02017-D7808,2026-06-02 10:17:23,ONLINE,Juan Tamad,Seafood Cajun Boil x2,3700.00,444.00,50.00,4194.00,CASH,PAID,COMPLETED,TXN-CAS-91475830
ORD-20260602-04997-72C94,2026-06-02 13:00:45,ON_SITE,Marian Rivera,Classic Seafood Paella x1,1650.00,198.00,0.00,1848.00,HYBRID (Cash + GCash),PAID,COMPLETED,TXN-HYB-74264622
ORD-20260602-03141-20677,2026-06-02 16:11:42,ON_SITE,Mark Bautista,Classic Seafood Paella x2; Crispy Seafood Basket x1,4280.00,513.60,0.00,4793.60,CASH,PAID,COMPLETED,TXN-CAS-33033221
ORD-20260602-01928-3014F,2026-06-02 21:31:58,ONLINE,Clara Dizon,Seafood Bilao Feast x2,4800.00,576.00,60.00,5436.00,SPLIT (Cash + GCash),PAID,COMPLETED,TXN-SPL-48407324
ORD-20260603-03669-936A3,2026-06-03 14:44:17,ON_SITE,Daniel Padilla,Crispy Seafood Basket x1; Seafood Bilao Feast x1; Garlic Butter Prawns x1,4630.00,555.60,0.00,5185.60,MAYA,PAID,COMPLETED,TXN-MAY-39812083
ORD-20260603-01938-83979,2026-06-03 18:42:33,ON_SITE,Lisa Manoban,Garlic Butter Prawns x1,1250.00,150.00,0.00,1400.00,SPLIT (Cash + GCash),PAID,COMPLETED,TXN-SPL-54390294
ORD-20260603-00057-DC785,2026-06-03 21:12:19,ON_SITE,Dindo Dela Cruz,Grilled Seafood Platter x1; Garlic Butter Prawns x1,3350.00,402.00,0.00,3752.00,SPLIT (Cash + GCash),PAID,COMPLETED,TXN-SPL-49037038
ORD-20260604-01633-C661D,2026-06-04 12:52:22,ONLINE,Clara Dizon,Garlic Butter Prawns x2; Seafood Cajun Boil x1; Sweet & Chili Crab Bucket x1,6300.00,756.00,50.00,7106.00,GCASH,PAID,COMPLETED,TXN-GCA-37796362
ORD-20260604-01369-B644B,2026-06-04 14:28:58,ON_SITE,Dingdong Dantes,Classic Seafood Paella x1; Garlic Butter Prawns x1; Sweet & Chili Crab Bucket x1; Seafood Bilao Feast x1,7250.00,870.00,0.00,8120.00,GCASH,PAID,COMPLETED,TXN-GCA-48923569
ORD-20260604-04134-CF2B0,2026-06-04 14:40:41,ON_SITE,Daniel Padilla,Crispy Seafood Basket x2; Classic Seafood Paella x1; Garlic Butter Prawns x1; Grilled Seafood Platter x1,6960.00,835.20,0.00,7795.20,GCASH,PAID,COMPLETED,TXN-GCA-55844827
ORD-20260604-03168-69FBA,2026-06-04 15:53:36,ONLINE,Mark Bautista,Seafood Bilao Feast x1; Sweet & Chili Crab Bucket x2,6300.00,756.00,100.00,7156.00,SPLIT (Cash + GCash),PAID,COMPLETED,TXN-SPL-89542648
ORD-20260604-00639-CB3A8,2026-06-04 16:34:04,ONLINE,Juan Tamad,Fresh Calamansi Juice Pitcher x1,280.00,33.60,60.00,373.60,GCASH,PAID,COMPLETED,TXN-GCA-87812676
ORD-20260605-04037-81525,2026-06-05 10:45:53,ON_SITE,Pedro Penduko,Seafood Bilao Feast x1; Seafood Cajun Boil x2,6100.00,732.00,0.00,6832.00,HYBRID (Cash + GCash),PAID,COMPLETED,TXN-HYB-95673098
ORD-20260605-04322-8FDDB,2026-06-05 15:30:39,ONLINE,Pedro Penduko,Garlic Butter Prawns x1,1250.00,150.00,50.00,1450.00,GCASH,PAID,COMPLETED,TXN-GCA-72231981
ORD-20260605-02049-1A3D3,2026-06-05 15:33:06,ONLINE,Clara Dizon,Classic Seafood Paella x1,1650.00,198.00,60.00,1908.00,HYBRID (Cash + GCash),PAID,COMPLETED,TXN-HYB-35684548
ORD-20260605-01454-111CF,2026-06-05 17:07:06,ON_SITE,Ana Reyes,Grilled Seafood Platter x1,2100.00,252.00,0.00,2352.00,CASH,PAID,COMPLETED,TXN-CAS-18717536
ORD-20260605-04703-7FF1B,2026-06-05 21:46:20,ONLINE,Juan Tamad,Grilled Seafood Platter x1,2100.00,252.00,50.00,2402.00,GCASH,PAID,COMPLETED,TXN-GCA-25725943
ORD-20260606-03469-53243,2026-06-06 12:28:26,ONLINE,Clara Dizon,Fresh Calamansi Juice Pitcher x1; Seafood Bilao Feast x2,5080.00,609.60,60.00,5749.60,MAYA,PAID,IN_PROCESS,TXN-MAY-49191072
ORD-20260606-01455-8ED33,2026-06-06 14:59:28,ON_SITE,Daniel Padilla,Crispy Seafood Basket x1,980.00,117.60,0.00,1097.60,CASH,PAID,COMPLETED,TXN-CAS-93829341
ORD-20260606-03937-25A0F,2026-06-06 15:26:36,ON_SITE,Ana Reyes,Garlic Butter Prawns x2; Sweet & Chili Crab Bucket x1,4450.00,534.00,0.00,4984.00,HYBRID (Cash + GCash),PAID,COMPLETED,TXN-HYB-60019762
ORD-20260606-00718-71F25,2026-06-06 15:41:50,ON_SITE,Carlos Mendoza,Grilled Seafood Platter x1; Crispy Seafood Basket x1,3080.00,369.60,0.00,3449.60,GCASH,PAID,COMPLETED,TXN-GCA-84046595
ORD-20260606-01851-5EFFD,2026-06-06 19:24:54,ON_SITE,Marian Rivera,Sweet & Chili Crab Bucket x1,1950.00,234.00,0.00,2184.00,SPLIT (Cash + GCash),PAID,COMPLETED,TXN-SPL-54663249
ORD-20260606-02664-A542D,2026-06-06 21:18:18,ONLINE,Ana Reyes,Sweet & Chili Crab Bucket x1; Garlic Butter Prawns x2; Seafood Bilao Feast x1; Classic Seafood Paella x1,8500.00,1020.00,100.00,9620.00,GCASH,PAID,COMPLETED,TXN-GCA-39019055
ORD-20260607-02753-31C15,2026-06-07 13:08:31,ON_SITE,Daniel Padilla,Classic Seafood Paella x1; Seafood Cajun Boil x1; Grilled Seafood Platter x1,5600.00,672.00,0.00,6272.00,GCASH,PAID,COMPLETED,TXN-GCA-68600616
ORD-20260607-00747-26F39,2026-06-07 15:24:03,ONLINE,Pedro Penduko,Classic Seafood Paella x1; Sweet & Chili Crab Bucket x1; Seafood Bilao Feast x1,6000.00,720.00,60.00,6780.00,HYBRID (Cash + GCash),PAID,COMPLETED,TXN-HYB-98940564
ORD-20260607-00954-322EB,2026-06-07 20:08:03,ON_SITE,Kathryn Bernardo,Garlic Butter Prawns x2,2500.00,300.00,0.00,2800.00,HYBRID (Cash + GCash),PAID,COMPLETED,TXN-HYB-48029107
ORD-20260608-02831-F3C31,2026-06-08 11:03:56,ONLINE,Pedro Penduko,Seafood Bilao Feast x1; Crispy Seafood Basket x2; Classic Seafood Paella x1,6010.00,721.20,100.00,6831.20,HYBRID (Cash + GCash),PAID,COMPLETED,TXN-HYB-76015400
ORD-20260609-02448-798F0,2026-06-09 11:19:12,ON_SITE,Juan Tamad,Garlic Butter Prawns x3; Seafood Cajun Boil x1,5600.00,672.00,0.00,6272.00,GCASH,PAID,COMPLETED,TXN-GCA-83434665
ORD-20260609-03327-C6DBF,2026-06-09 16:21:54,ON_SITE,Carlos Mendoza,Grilled Seafood Platter x1,2100.00,252.00,0.00,2352.00,GCASH,PAID,COMPLETED,TXN-GCA-45492740
ORD-20260609-00306-9FD39,2026-06-09 21:59:04,ONLINE,Lisa Manoban,Garlic Butter Prawns x1,1250.00,150.00,120.00,1520.00,GCASH,PAID,COMPLETED,TXN-GCA-76865290
ORD-20260610-04700-250A2,2026-06-10 10:23:10,ON_SITE,Marian Rivera,Sweet & Chili Crab Bucket x1; Crispy Seafood Basket x1; Fresh Calamansi Juice Pitcher x1,3210.00,385.20,0.00,3595.20,CASH,PAID,COMPLETED,TXN-CAS-76451598
ORD-20260610-00773-DDBF7,2026-06-10 13:29:19,ON_SITE,Lisa Manoban,Seafood Cajun Boil x1,1850.00,222.00,0.00,2072.00,SPLIT (Cash + GCash),PAID,COMPLETED,TXN-SPL-63727003
ORD-20260610-04734-C1B03,2026-06-10 21:09:34,ONLINE,Pedro Penduko,Crispy Seafood Basket x2; Grilled Seafood Platter x2,6160.00,739.20,60.00,6959.20,GCASH,PAID,COMPLETED,TXN-GCA-70253148
ORD-20260611-03592-AE0FA,2026-06-11 10:28:40,ON_SITE,Giselle Hernandez,Fresh Calamansi Juice Pitcher x1; Sweet & Chili Crab Bucket x1,2230.00,267.60,0.00,2497.60,CASH,PAID,COMPLETED,TXN-CAS-88871150
ORD-20260611-00353-BB036,2026-06-11 18:26:48,ON_SITE,Pedro Penduko,Seafood Cajun Boil x2; Seafood Bilao Feast x1,6100.00,732.00,0.00,6832.00,CASH,PAID,COMPLETED,TXN-CAS-25461194
ORD-20260611-02952-BCD25,2026-06-11 20:17:30,ON_SITE,Carlos Mendoza,Garlic Butter Prawns x3; Classic Seafood Paella x1,5400.00,648.00,0.00,6048.00,GCASH,PAID,COMPLETED,TXN-GCA-17462990
ORD-20260611-01955-DCAF4,2026-06-11 20:47:17,ONLINE,Ana Reyes,Sweet & Chili Crab Bucket x2,3900.00,468.00,50.00,4418.00,GCASH,PAID,COMPLETED,TXN-GCA-73020063
ORD-20260612-03416-84CF4,2026-06-12 11:31:34,ON_SITE,Pedro Penduko,Seafood Cajun Boil x1,1850.00,222.00,0.00,2072.00,CASH,PAID,COMPLETED,TXN-CAS-95621872
ORD-20260612-04353-826D3,2026-06-12 17:41:08,ONLINE,Pedro Penduko,Grilled Seafood Platter x1; Fresh Calamansi Juice Pitcher x1,2380.00,285.60,50.00,2715.60,GCASH,PAID,COMPLETED,TXN-GCA-77295108
ORD-20260612-04190-FCF4D,2026-06-12 20:31:59,ONLINE,Lisa Manoban,Fresh Calamansi Juice Pitcher x1; Grilled Seafood Platter x1,2380.00,285.60,75.00,2740.60,GCASH,PAID,COMPLETED,TXN-GCA-27029882
ORD-20260613-03282-B447F,2026-06-13 12:22:30,ON_SITE,Maria Clara Santos,Fresh Calamansi Juice Pitcher x1; Crispy Seafood Basket x1; Grilled Seafood Platter x2,5460.00,655.20,0.00,6115.20,SPLIT (Cash + GCash),PAID,COMPLETED,TXN-SPL-85728667
ORD-20260613-02413-AC198,2026-06-13 18:56:23,ON_SITE,Joshua Garcia,Garlic Butter Prawns x1; Grilled Seafood Platter x2; Seafood Cajun Boil x1; Fresh Calamansi Juice Pitcher x1,7580.00,909.60,0.00,8489.60,GCASH,PAID,COMPLETED,TXN-GCA-79439244
ORD-20260613-00339-848E1,2026-06-13 20:21:33,ON_SITE,Ferdinand Marcos,Grilled Seafood Platter x1,2100.00,252.00,0.00,2352.00,GCASH,FAILED,CANCELLED,N/A
ORD-20260613-02085-F4321,2026-06-13 20:48:23,ON_SITE,Joshua Garcia,Garlic Butter Prawns x1; Sweet & Chili Crab Bucket x2,5150.00,618.00,0.00,5768.00,CASH,PAID,COMPLETED,TXN-CAS-19174362
ORD-20260614-01010-46E87,2026-06-14 11:08:05,ONLINE,Lisa Manoban,Classic Seafood Paella x2,3300.00,396.00,100.00,3796.00,GCASH,PAID,COMPLETED,TXN-GCA-16312623
ORD-20260614-02435-F5148,2026-06-14 14:12:19,ONLINE,Mark Bautista,Fresh Calamansi Juice Pitcher x3,840.00,100.80,120.00,1060.80,MAYA,PAID,COMPLETED,TXN-MAY-10552162
ORD-20260614-03198-D02CB,2026-06-14 18:36:54,ONLINE,Mark Bautista,Seafood Cajun Boil x1; Sweet & Chili Crab Bucket x1; Grilled Seafood Platter x1,5900.00,708.00,85.00,6693.00,HYBRID (Cash + GCash),PAID,COMPLETED,TXN-HYB-97096293
ORD-20260614-04449-53865,2026-06-14 19:24:36,ONLINE,Pedro Penduko,Grilled Seafood Platter x3; Sweet & Chili Crab Bucket x1,8250.00,990.00,75.00,9315.00,GCASH,PAID,COMPLETED,TXN-GCA-51624227
ORD-20260615-02266-56A99,2026-06-15 19:32:29,ONLINE,Pedro Penduko,Garlic Butter Prawns x1; Grilled Seafood Platter x1; Classic Seafood Paella x2,6650.00,798.00,100.00,7548.00,COD,PENDING,IN_PROCESS,N/A
ORD-20260615-02257-D6124,2026-06-15 21:29:21,ONLINE,Juan Tamad,Seafood Cajun Boil x2; Classic Seafood Paella x1,5350.00,642.00,85.00,6077.00,CASH,PAID,COMPLETED,TXN-CAS-42726706
ORD-20260616-01142-EF9FA,2026-06-16 11:34:50,ONLINE,Juan Tamad,Seafood Cajun Boil x2,3700.00,444.00,85.00,4229.00,HYBRID (Cash + GCash),PAID,IN_PROCESS,TXN-HYB-16907109
ORD-20260616-02095-31653,2026-06-16 13:41:37,ON_SITE,Mark Bautista,Fresh Calamansi Juice Pitcher x1,280.00,33.60,0.00,313.60,CASH,PAID,COMPLETED,TXN-CAS-68835855
ORD-20260616-00935-2F65B,2026-06-16 18:35:43,ON_SITE,Bea Alonzo,Crispy Seafood Basket x1; Sweet & Chili Crab Bucket x1; Seafood Bilao Feast x2,7730.00,927.60,0.00,8657.60,MAYA,PAID,COMPLETED,TXN-MAY-35456559
ORD-20260616-03138-8E66F,2026-06-16 20:55:04,ON_SITE,Katrina Halili,Grilled Seafood Platter x3; Seafood Bilao Feast x2; Crispy Seafood Basket x1,12080.00,1449.60,0.00,13529.60,MAYA,FAILED,CANCELLED,N/A
ORD-20260616-03988-2FA0E,2026-06-16 21:08:20,ON_SITE,Matteo Guidicelli,Sweet & Chili Crab Bucket x1; Classic Seafood Paella x3,6900.00,828.00,0.00,7728.00,HYBRID (Cash + GCash),PAID,COMPLETED,TXN-HYB-74595350
ORD-20260617-04845-28DB7,2026-06-17 11:31:26,ON_SITE,Alden Richards,Sweet & Chili Crab Bucket x2; Classic Seafood Paella x1,5550.00,666.00,0.00,6216.00,GCASH,PAID,COMPLETED,TXN-GCA-10357332
ORD-20260617-04954-0138E,2026-06-17 16:08:18,ON_SITE,Lisa Manoban,Garlic Butter Prawns x2,2500.00,300.00,0.00,2800.00,SPLIT (Cash + GCash),PAID,COMPLETED,TXN-SPL-28325738
ORD-20260617-01052-D9F6A,2026-06-17 17:37:18,ONLINE,Juan Tamad,Grilled Seafood Platter x1,2100.00,252.00,50.00,2402.00,GCASH,PAID,COMPLETED,TXN-GCA-48811965
ORD-20260618-04713-DAA4A,2026-06-18 11:03:37,ON_SITE,Bea Alonzo,Seafood Cajun Boil x1; Classic Seafood Paella x2,5150.00,618.00,0.00,5768.00,CASH,PAID,COMPLETED,TXN-CAS-61403121
ORD-20260618-03898-7D69B,2026-06-18 11:29:23,ON_SITE,Giselle Hernandez,Seafood Bilao Feast x2; Grilled Seafood Platter x1,6900.00,828.00,0.00,7728.00,HYBRID (Cash + GCash),PAID,COMPLETED,TXN-HYB-87474545
ORD-20260618-01140-B3FA0,2026-06-18 15:20:04,ONLINE,Lisa Manoban,Crispy Seafood Basket x2,1960.00,235.20,75.00,2270.20,CASH,PAID,COMPLETED,TXN-CAS-97924376
ORD-20260618-04972-FF346,2026-06-18 21:27:02,ON_SITE,Giselle Hernandez,Fresh Calamansi Juice Pitcher x2,560.00,67.20,0.00,627.20,CASH,PAID,COMPLETED,TXN-CAS-21651950
ORD-20260619-01923-2A8FF,2026-06-19 12:18:07,ONLINE,Juan Tamad,Fresh Calamansi Juice Pitcher x3,840.00,100.80,75.00,1015.80,HYBRID (Cash + GCash),PAID,COMPLETED,TXN-HYB-30882790
ORD-20260619-03799-D907E,2026-06-19 16:15:25,ONLINE,Lisa Manoban,Seafood Bilao Feast x1; Classic Seafood Paella x1; Grilled Seafood Platter x1,6150.00,738.00,75.00,6963.00,MAYA,PAID,COMPLETED,TXN-MAY-91647336
ORD-20260619-03626-09657,2026-06-19 16:59:52,ONLINE,Ana Reyes,Crispy Seafood Basket x1; Seafood Cajun Boil x1,2830.00,339.60,75.00,3244.60,SPLIT (Cash + GCash),PAID,COMPLETED,TXN-SPL-44053192
ORD-20260619-03221-46F8D,2026-06-19 17:54:10,ON_SITE,Pedro Penduko,Classic Seafood Paella x1; Crispy Seafood Basket x3,4590.00,550.80,0.00,5140.80,SPLIT (Cash + GCash),PAID,COMPLETED,TXN-SPL-64142847
ORD-20260619-01643-F6F94,2026-06-19 21:21:13,ON_SITE,Ana Reyes,Garlic Butter Prawns x1,1250.00,150.00,0.00,1400.00,MAYA,PAID,COMPLETED,TXN-MAY-96588406
ORD-20260620-03004-A6188,2026-06-20 10:44:16,ON_SITE,Clara Dizon,Classic Seafood Paella x1,1650.00,198.00,0.00,1848.00,CASH,PAID,COMPLETED,TXN-CAS-65081541
ORD-20260620-02695-B4ACF,2026-06-20 12:40:25,ON_SITE,Giselle Hernandez,Grilled Seafood Platter x1,2100.00,252.00,0.00,2352.00,GCASH,PAID,COMPLETED,TXN-GCA-68312454
ORD-20260620-01264-0DC3B,2026-06-20 15:48:53,ON_SITE,Dindo Dela Cruz,Fresh Calamansi Juice Pitcher x1,280.00,33.60,0.00,313.60,GCASH,PAID,COMPLETED,TXN-GCA-14821703
ORD-20260620-00014-B4DB2,2026-06-20 19:23:19,ON_SITE,Ana Reyes,Classic Seafood Paella x1,1650.00,198.00,0.00,1848.00,MAYA,PAID,COMPLETED,TXN-MAY-26117135
ORD-20260621-03955-3C35E,2026-06-21 17:53:23,ON_SITE,Clara Dizon,Fresh Calamansi Juice Pitcher x3; Crispy Seafood Basket x3; Sweet & Chili Crab Bucket x1,5730.00,687.60,0.00,6417.60,CASH,PAID,COMPLETED,TXN-CAS-22150678
ORD-20260621-03713-948EF,2026-06-21 19:04:02,ON_SITE,Giselle Hernandez,Classic Seafood Paella x3,4950.00,594.00,0.00,5544.00,CASH,PAID,COMPLETED,TXN-CAS-22537916
ORD-20260621-04773-313C1,2026-06-21 20:44:46,ONLINE,Ana Reyes,Sweet & Chili Crab Bucket x1; Seafood Cajun Boil x1,3800.00,456.00,60.00,4316.00,SPLIT (Cash + GCash),PAID,COMPLETED,TXN-SPL-91898811
ORD-20260622-03830-6A60B,2026-06-22 12:20:48,ONLINE,Juan Tamad,Garlic Butter Prawns x2; Seafood Cajun Boil x2,6200.00,744.00,75.00,7019.00,MAYA,PAID,COMPLETED,TXN-MAY-49650515
ORD-20260622-01569-E01B8,2026-06-22 13:20:08,ON_SITE,Ana Reyes,Seafood Cajun Boil x1; Grilled Seafood Platter x1; Garlic Butter Prawns x1,5200.00,624.00,0.00,5824.00,SPLIT (Cash + GCash),PAID,COMPLETED,TXN-SPL-99425911
ORD-20260622-04526-F5F99,2026-06-22 16:18:22,ONLINE,Lisa Manoban,Sweet & Chili Crab Bucket x2; Fresh Calamansi Juice Pitcher x2,4460.00,535.20,50.00,5045.20,CASH,PAID,COMPLETED,TXN-CAS-87889021
ORD-20260622-00513-30CE3,2026-06-22 18:34:18,ONLINE,Lisa Manoban,Grilled Seafood Platter x1,2100.00,252.00,85.00,2437.00,HYBRID (Cash + GCash),PAID,COMPLETED,TXN-HYB-97764521
ORD-20260622-02052-84BD0,2026-06-22 20:58:06,ON_SITE,Giselle Hernandez,Garlic Butter Prawns x1,1250.00,150.00,0.00,1400.00,CASH,PAID,COMPLETED,TXN-CAS-14871579
ORD-20260623-01570-17B22,2026-06-23 11:40:10,ON_SITE,Sarah Geronimo,Classic Seafood Paella x1,1650.00,198.00,0.00,1848.00,HYBRID (Cash + GCash),PAID,COMPLETED,TXN-HYB-43552140
ORD-20260623-01786-B3008,2026-06-23 11:44:34,ON_SITE,Sarah Geronimo,Seafood Cajun Boil x1; Fresh Calamansi Juice Pitcher x1,2130.00,255.60,0.00,2385.60,GCASH,PAID,COMPLETED,TXN-GCA-10638892
ORD-20260623-04883-1CA35,2026-06-23 12:44:54,ON_SITE,Pedro Penduko,Seafood Bilao Feast x1; Seafood Cajun Boil x1,4250.00,510.00,0.00,4760.00,SPLIT (Cash + GCash),REFUNDED,CANCELLED,N/A
ORD-20260623-00446-BCB90,2026-06-23 16:57:57,ON_SITE,Ferdinand Marcos,Garlic Butter Prawns x2; Seafood Bilao Feast x2,7300.00,876.00,0.00,8176.00,GCASH,PAID,COMPLETED,TXN-GCA-13865538
ORD-20260623-03582-378C9,2026-06-23 17:37:11,ONLINE,Pedro Penduko,Classic Seafood Paella x2,3300.00,396.00,100.00,3796.00,COD,PAID,COMPLETED,TXN-COD-69369899
ORD-20260623-03823-8CC5A,2026-06-23 18:21:42,ONLINE,Juan Tamad,Fresh Calamansi Juice Pitcher x1; Seafood Bilao Feast x2,5080.00,609.60,60.00,5749.60,HYBRID (Cash + GCash),PENDING,CANCELLED,N/A
ORD-20260623-02202-39759,2026-06-23 18:25:53,ON_SITE,Giselle Hernandez,Classic Seafood Paella x1; Grilled Seafood Platter x1,3750.00,450.00,0.00,4200.00,GCASH,PAID,COMPLETED,TXN-GCA-48762936
ORD-20260623-03678-18F1F,2026-06-23 18:26:31,ON_SITE,Mark Bautista,Garlic Butter Prawns x1,1250.00,150.00,0.00,1400.00,SPLIT (Cash + GCash),PAID,COMPLETED,TXN-SPL-10505356
ORD-20260623-00132-437C8,2026-06-23 21:34:10,ONLINE,Ana Reyes,Crispy Seafood Basket x3,2940.00,352.80,120.00,3412.80,MAYA,PAID,COMPLETED,TXN-MAY-17642998
ORD-20260623-03828-1E360,2026-06-23 21:43:27,ON_SITE,Giselle Hernandez,Seafood Bilao Feast x1,2400.00,288.00,0.00,2688.00,HYBRID (Cash + GCash),PAID,IN_PROCESS,TXN-HYB-24115003
ORD-20260624-01945-29706,2026-06-24 10:08:27,ON_SITE,Ana Reyes,Fresh Calamansi Juice Pitcher x1; Garlic Butter Prawns x2,2780.00,333.60,0.00,3113.60,CASH,PAID,COMPLETED,TXN-CAS-92550464
ORD-20260624-01632-B665A,2026-06-24 11:13:46,ON_SITE,Mark Bautista,Crispy Seafood Basket x3; Fresh Calamansi Juice Pitcher x1; Seafood Cajun Boil x2,6920.00,830.40,0.00,7750.40,CASH,PAID,COMPLETED,TXN-CAS-63098101
ORD-20260624-04360-57025,2026-06-24 12:25:00,ON_SITE,Pedro Penduko,Crispy Seafood Basket x2,1960.00,235.20,0.00,2195.20,HYBRID (Cash + GCash),PAID,COMPLETED,TXN-HYB-95099128
ORD-20260624-01368-095E6,2026-06-24 15:49:22,ON_SITE,Dindo Dela Cruz,Classic Seafood Paella x1; Sweet & Chili Crab Bucket x2,5550.00,666.00,0.00,6216.00,GCASH,PAID,COMPLETED,TXN-GCA-39760664
ORD-20260624-04092-B9125,2026-06-24 18:30:34,ON_SITE,Lisa Manoban,Sweet & Chili Crab Bucket x1,1950.00,234.00,0.00,2184.00,GCASH,PAID,COMPLETED,TXN-GCA-73651020
ORD-20260624-00713-C825B,2026-06-24 20:14:48,ON_SITE,Ramon Magsaysay Jr.,Crispy Seafood Basket x1,980.00,117.60,0.00,1097.60,CASH,PAID,COMPLETED,TXN-CAS-14082801
ORD-20260625-04960-92F6C,2026-06-25 10:29:20,ON_SITE,Clara Dizon,Crispy Seafood Basket x1; Sweet & Chili Crab Bucket x1,2930.00,351.60,0.00,3281.60,CASH,PAID,COMPLETED,TXN-CAS-84797273
ORD-20260625-02494-2FC39,2026-06-25 13:45:25,ON_SITE,Mark Bautista,Classic Seafood Paella x3,4950.00,594.00,0.00,5544.00,GCASH,PAID,COMPLETED,TXN-GCA-38360031
ORD-20260625-01975-EC38C,2026-06-25 14:58:42,ONLINE,Ana Reyes,Garlic Butter Prawns x1; Classic Seafood Paella x1,2900.00,348.00,120.00,3368.00,GCASH,PAID,COMPLETED,TXN-GCA-18063483
ORD-20260625-04481-34712,2026-06-25 18:16:54,ON_SITE,Clara Dizon,Fresh Calamansi Juice Pitcher x1; Seafood Cajun Boil x2; Crispy Seafood Basket x1,4960.00,595.20,0.00,5555.20,SPLIT (Cash + GCash),PAID,COMPLETED,TXN-SPL-10877532
ORD-20260625-01609-4A963,2026-06-25 19:31:03,ONLINE,Pedro Penduko,Crispy Seafood Basket x1; Grilled Seafood Platter x1,3080.00,369.60,100.00,3549.60,MAYA,PAID,COMPLETED,TXN-MAY-18129176
ORD-20260625-04843-83D6F,2026-06-25 21:01:48,ON_SITE,Mark Bautista,Seafood Cajun Boil x2,3700.00,444.00,0.00,4144.00,SPLIT (Cash + GCash),FAILED,CANCELLED,N/A
ORD-20260626-03765-D8C90,2026-06-26 12:34:02,ON_SITE,Sarah Geronimo,Seafood Bilao Feast x1; Grilled Seafood Platter x2; Fresh Calamansi Juice Pitcher x1,6880.00,825.60,0.00,7705.60,SPLIT (Cash + GCash),PAID,COMPLETED,TXN-SPL-79516667
ORD-20260626-03508-AE452,2026-06-26 16:01:42,ONLINE,Mark Bautista,Classic Seafood Paella x1,1650.00,198.00,100.00,1948.00,HYBRID (Cash + GCash),PAID,COMPLETED,TXN-HYB-77366069
ORD-20260626-00423-CD02B,2026-06-26 20:47:08,ON_SITE,Ramon Magsaysay Jr.,Seafood Cajun Boil x1; Grilled Seafood Platter x1,3950.00,474.00,0.00,4424.00,CASH,PAID,COMPLETED,TXN-CAS-45809895
ORD-20260627-02644-5AB9F,2026-06-27 10:34:00,ONLINE,Clara Dizon,Sweet & Chili Crab Bucket x1,1950.00,234.00,75.00,2259.00,GCASH,PENDING,IN_PROCESS,N/A
ORD-20260627-04748-023D1,2026-06-27 11:49:05,ON_SITE,Pedro Penduko,Sweet & Chili Crab Bucket x1; Seafood Cajun Boil x1,3800.00,456.00,0.00,4256.00,SPLIT (Cash + GCash),PAID,COMPLETED,TXN-SPL-28163597
ORD-20260627-03872-F1DE6,2026-06-27 21:53:08,ONLINE,Ana Reyes,Grilled Seafood Platter x1; Seafood Bilao Feast x1,4500.00,540.00,85.00,5125.00,SPLIT (Cash + GCash),PAID,COMPLETED,TXN-SPL-13019194
ORD-20260628-00169-6CF55,2026-06-28 16:40:31,ON_SITE,Sarah Geronimo,Grilled Seafood Platter x3; Seafood Bilao Feast x1,8700.00,1044.00,0.00,9744.00,GCASH,PAID,COMPLETED,TXN-GCA-68147231
ORD-20260628-01460-368C2,2026-06-28 17:47:22,ONLINE,Pedro Penduko,Grilled Seafood Platter x2,4200.00,504.00,100.00,4804.00,MAYA,PAID,COMPLETED,TXN-MAY-86434364
ORD-20260628-01950-CA428,2026-06-28 20:49:51,ON_SITE,Kathryn Bernardo,Crispy Seafood Basket x1,980.00,117.60,0.00,1097.60,GCASH,PAID,COMPLETED,TXN-GCA-61607178
ORD-20260628-04282-DE00D,2026-06-28 21:43:09,ONLINE,Mark Bautista,Sweet & Chili Crab Bucket x1; Seafood Cajun Boil x1,3800.00,456.00,100.00,4356.00,GCASH,PAID,COMPLETED,TXN-GCA-83312055
ORD-20260629-00634-AA680,2026-06-29 14:37:49,ONLINE,Lisa Manoban,Seafood Cajun Boil x2,3700.00,444.00,120.00,4264.00,CASH,PAID,COMPLETED,TXN-CAS-62761310
ORD-20260629-01357-84F1D,2026-06-29 16:56:54,ON_SITE,Clara Dizon,Fresh Calamansi Juice Pitcher x1; Sweet & Chili Crab Bucket x2; Classic Seafood Paella x1,5830.00,699.60,0.00,6529.60,CASH,PAID,COMPLETED,TXN-CAS-79407494
ORD-20260630-03350-5A89A,2026-06-30 21:48:25,ON_SITE,Alden Richards,Fresh Calamansi Juice Pitcher x1,280.00,33.60,0.00,313.60,GCASH,PAID,COMPLETED,TXN-GCA-91825608
ORD-20260701-02479-B61B8,2026-07-01 12:00:22,ON_SITE,Daniel Padilla,Garlic Butter Prawns x1; Classic Seafood Paella x2,4550.00,546.00,0.00,5096.00,GCASH,PAID,COMPLETED,TXN-GCA-68068597
ORD-20260701-04669-B5A56,2026-07-01 16:57:28,ON_SITE,Alden Richards,Fresh Calamansi Juice Pitcher x1; Classic Seafood Paella x1; Grilled Seafood Platter x2; Crispy Seafood Basket x3,9070.00,1088.40,0.00,10158.40,GCASH,PAID,COMPLETED,TXN-GCA-96421029
ORD-20260701-02675-F4928,2026-07-01 18:32:48,ON_SITE,Mark Bautista,Garlic Butter Prawns x2,2500.00,300.00,0.00,2800.00,CASH,PAID,COMPLETED,TXN-CAS-70577582
ORD-20260702-03212-AE9C7,2026-07-02 10:34:22,ON_SITE,Joshua Garcia,Classic Seafood Paella x2; Crispy Seafood Basket x2,5260.00,631.20,0.00,5891.20,CASH,PENDING,IN_PROCESS,N/A
ORD-20260702-04168-E40BE,2026-07-02 10:46:12,ON_SITE,Mark Bautista,Garlic Butter Prawns x2; Sweet & Chili Crab Bucket x1; Seafood Cajun Boil x1; Grilled Seafood Platter x2,10500.00,1260.00,0.00,11760.00,CASH,PAID,COMPLETED,TXN-CAS-62081494
ORD-20260702-01304-0E9BB,2026-07-02 13:15:46,ONLINE,Ana Reyes,Classic Seafood Paella x1,1650.00,198.00,85.00,1933.00,MAYA,PENDING,IN_PROCESS,N/A
ORD-20260702-01393-B71FC,2026-07-02 14:59:38,ON_SITE,Pedro Penduko,Garlic Butter Prawns x2,2500.00,300.00,0.00,2800.00,CASH,PAID,COMPLETED,TXN-CAS-33401395
ORD-20260702-01518-EC934,2026-07-02 16:45:27,ON_SITE,Dingdong Dantes,Classic Seafood Paella x1,1650.00,198.00,0.00,1848.00,CASH,PAID,COMPLETED,TXN-CAS-37863618
ORD-20260702-02660-CB96E,2026-07-02 17:53:36,ONLINE,Ana Reyes,Classic Seafood Paella x1; Seafood Bilao Feast x1,4050.00,486.00,50.00,4586.00,GCASH,PAID,COMPLETED,TXN-GCA-71452275
ORD-20260702-03199-356F4,2026-07-02 18:48:30,ON_SITE,Sarah Geronimo,Seafood Bilao Feast x1,2400.00,288.00,0.00,2688.00,CASH,FAILED,CANCELLED,N/A
ORD-20260703-04002-53DF1,2026-07-03 13:24:38,ON_SITE,Giselle Hernandez,Classic Seafood Paella x1,1650.00,198.00,0.00,1848.00,CASH,PAID,COMPLETED,TXN-CAS-50095919
ORD-20260703-03245-A3196,2026-07-03 14:49:16,ON_SITE,Juan Tamad,Fresh Calamansi Juice Pitcher x1,280.00,33.60,0.00,313.60,HYBRID (Cash + GCash),FAILED,CANCELLED,N/A
ORD-20260703-00622-BD334,2026-07-03 18:05:02,ON_SITE,Ana Reyes,Sweet & Chili Crab Bucket x1,1950.00,234.00,0.00,2184.00,CASH,PAID,COMPLETED,TXN-CAS-10509832
ORD-20260703-04660-D0B94,2026-07-03 18:14:36,ONLINE,Clara Dizon,Garlic Butter Prawns x1; Crispy Seafood Basket x2,3210.00,385.20,100.00,3695.20,CASH,PAID,COMPLETED,TXN-CAS-60094175
ORD-20260703-03958-11F28,2026-07-03 18:30:52,ON_SITE,Giselle Hernandez,Seafood Cajun Boil x1; Fresh Calamansi Juice Pitcher x1; Grilled Seafood Platter x1,4230.00,507.60,0.00,4737.60,MAYA,PAID,COMPLETED,TXN-MAY-13102712
ORD-20260704-02385-B2753,2026-07-04 10:09:26,ONLINE,Mark Bautista,Classic Seafood Paella x1; Seafood Cajun Boil x3; Garlic Butter Prawns x3; Crispy Seafood Basket x2,12910.00,1549.20,50.00,14509.20,HYBRID (Cash + GCash),PAID,COMPLETED,TXN-HYB-64353825
ORD-20260704-03555-5D91D,2026-07-04 10:37:58,ONLINE,Lisa Manoban,Seafood Bilao Feast x1,2400.00,288.00,75.00,2763.00,MAYA,PAID,COMPLETED,TXN-MAY-37003782
ORD-20260704-00788-9CDF2,2026-07-04 11:15:11,ONLINE,Juan Tamad,Seafood Cajun Boil x1; Sweet & Chili Crab Bucket x1,3800.00,456.00,85.00,4341.00,GCASH,PAID,COMPLETED,TXN-GCA-82951347
ORD-20260704-03380-290EE,2026-07-04 11:52:14,ON_SITE,Dindo Dela Cruz,Classic Seafood Paella x1; Crispy Seafood Basket x2; Grilled Seafood Platter x1,5710.00,685.20,0.00,6395.20,GCASH,PAID,COMPLETED,TXN-GCA-64221089
ORD-20260704-02774-F33D1,2026-07-04 14:39:39,ONLINE,Pedro Penduko,Sweet & Chili Crab Bucket x1; Seafood Bilao Feast x2,6750.00,810.00,85.00,7645.00,COD,FAILED,CANCELLED,N/A
ORD-20260704-04879-34349,2026-07-04 16:31:00,ONLINE,Ana Reyes,Seafood Cajun Boil x1; Garlic Butter Prawns x1,3100.00,372.00,60.00,3532.00,GCASH,PAID,COMPLETED,TXN-GCA-81101968
ORD-20260704-00256-FD05C,2026-07-04 17:27:08,ONLINE,Mark Bautista,Garlic Butter Prawns x2; Seafood Bilao Feast x1; Fresh Calamansi Juice Pitcher x1,5180.00,621.60,100.00,5901.60,SPLIT (Cash + GCash),PAID,COMPLETED,TXN-SPL-87522292
ORD-20260705-04108-7CAD4,2026-07-05 14:43:50,ONLINE,Pedro Penduko,Sweet & Chili Crab Bucket x2; Classic Seafood Paella x1; Fresh Calamansi Juice Pitcher x1; Crispy Seafood Basket x1,6810.00,817.20,75.00,7702.20,GCASH,PAID,COMPLETED,TXN-GCA-55405561
ORD-20260705-00706-449DE,2026-07-05 16:48:19,ON_SITE,Dingdong Dantes,Classic Seafood Paella x1,1650.00,198.00,0.00,1848.00,CASH,PAID,COMPLETED,TXN-CAS-31097751
ORD-20260705-02047-202D5,2026-07-05 17:22:21,ON_SITE,Pedro Penduko,Garlic Butter Prawns x2; Fresh Calamansi Juice Pitcher x3,3340.00,400.80,0.00,3740.80,CASH,PAID,COMPLETED,TXN-CAS-84616167
ORD-20260706-04717-21F8F,2026-07-06 10:11:22,ON_SITE,Mark Bautista,Sweet & Chili Crab Bucket x1; Seafood Cajun Boil x1,3800.00,456.00,0.00,4256.00,CASH,PAID,COMPLETED,TXN-CAS-31672847
ORD-20260706-00039-6D779,2026-07-06 13:17:25,ON_SITE,Mark Bautista,Sweet & Chili Crab Bucket x1; Fresh Calamansi Juice Pitcher x1; Grilled Seafood Platter x1,4330.00,519.60,0.00,4849.60,SPLIT (Cash + GCash),PAID,COMPLETED,TXN-SPL-21422622
ORD-20260706-01987-D755C,2026-07-06 13:22:06,ONLINE,Lisa Manoban,Garlic Butter Prawns x1; Grilled Seafood Platter x1; Seafood Bilao Feast x1,5750.00,690.00,75.00,6515.00,GCASH,PAID,COMPLETED,TXN-GCA-47694884
ORD-20260706-02008-E5965,2026-07-06 16:16:19,ON_SITE,Joshua Garcia,Crispy Seafood Basket x1; Fresh Calamansi Juice Pitcher x1,1260.00,151.20,0.00,1411.20,CASH,PAID,COMPLETED,TXN-CAS-86231333
ORD-20260706-02854-3BB79,2026-07-06 16:40:34,ONLINE,Lisa Manoban,Crispy Seafood Basket x2; Classic Seafood Paella x1,3610.00,433.20,120.00,4163.20,GCASH,PAID,COMPLETED,TXN-GCA-95855090
ORD-20260706-02056-E2284,2026-07-06 16:52:27,ON_SITE,Sarah Geronimo,Crispy Seafood Basket x2; Classic Seafood Paella x2,5260.00,631.20,0.00,5891.20,CASH,PAID,COMPLETED,TXN-CAS-71460573
ORD-20260706-01259-1D8F4,2026-07-06 18:24:33,ONLINE,Lisa Manoban,Classic Seafood Paella x1; Sweet & Chili Crab Bucket x1; Seafood Cajun Boil x1; Fresh Calamansi Juice Pitcher x1,5730.00,687.60,100.00,6517.60,GCASH,PAID,COMPLETED,TXN-GCA-23008758
ORD-20260707-00174-9D172,2026-07-07 15:59:59,ON_SITE,Ana Reyes,Sweet & Chili Crab Bucket x1,1950.00,234.00,0.00,2184.00,CASH,PAID,COMPLETED,TXN-CAS-78942756
ORD-20260707-02254-BBA6A,2026-07-07 16:27:32,ON_SITE,Alden Richards,Classic Seafood Paella x1; Grilled Seafood Platter x1; Fresh Calamansi Juice Pitcher x1,4030.00,483.60,0.00,4513.60,GCASH,PENDING,CANCELLED,N/A
ORD-20260707-02171-7DD85,2026-07-07 21:15:27,ON_SITE,Ramon Magsaysay Jr.,Sweet & Chili Crab Bucket x1,1950.00,234.00,0.00,2184.00,GCASH,PAID,COMPLETED,TXN-GCA-93301346
ORD-20260707-03946-BB3A7,2026-07-07 21:47:00,ONLINE,Mark Bautista,Classic Seafood Paella x1,1650.00,198.00,75.00,1923.00,GCASH,PAID,COMPLETED,TXN-GCA-91337933
ORD-20260708-04264-9E551,2026-07-08 10:46:48,ONLINE,Lisa Manoban,Crispy Seafood Basket x1; Sweet & Chili Crab Bucket x1,2930.00,351.60,100.00,3381.60,MAYA,PAID,COMPLETED,TXN-MAY-80990606
ORD-20260708-04853-9CF13,2026-07-08 14:19:34,ONLINE,Juan Tamad,Crispy Seafood Basket x1; Seafood Bilao Feast x2,5780.00,693.60,120.00,6593.60,GCASH,PAID,COMPLETED,TXN-GCA-19417209
ORD-20260708-01470-7036A,2026-07-08 14:56:53,ON_SITE,Sarah Geronimo,Classic Seafood Paella x1,1650.00,198.00,0.00,1848.00,HYBRID (Cash + GCash),PAID,COMPLETED,TXN-HYB-78796960
ORD-20260708-01608-6BF4A,2026-07-08 15:07:17,ON_SITE,Katrina Halili,Fresh Calamansi Juice Pitcher x1; Seafood Bilao Feast x1,2680.00,321.60,0.00,3001.60,SPLIT (Cash + GCash),PAID,COMPLETED,TXN-SPL-30674834
ORD-20260708-00453-67134,2026-07-08 19:43:26,ONLINE,Mark Bautista,Seafood Cajun Boil x2; Garlic Butter Prawns x1,4950.00,594.00,60.00,5604.00,COD,PAID,COMPLETED,TXN-COD-54071566
ORD-20260709-03162-E4898,2026-07-09 11:35:13,ONLINE,Mark Bautista,Seafood Cajun Boil x1; Fresh Calamansi Juice Pitcher x1; Classic Seafood Paella x1,3780.00,453.60,85.00,4318.60,CASH,PAID,COMPLETED,TXN-CAS-64614029
ORD-20260709-03703-07851,2026-07-09 12:07:18,ON_SITE,Maria Clara Santos,Crispy Seafood Basket x1,980.00,117.60,0.00,1097.60,CASH,REFUNDED,CANCELLED,N/A
ORD-20260709-01913-04DD0,2026-07-09 16:56:46,ON_SITE,Lisa Manoban,Seafood Bilao Feast x1; Seafood Cajun Boil x1; Grilled Seafood Platter x1,6350.00,762.00,0.00,7112.00,GCASH,PAID,COMPLETED,TXN-GCA-56758192
ORD-20260709-00664-72851,2026-07-09 17:08:01,ON_SITE,Ana Reyes,Garlic Butter Prawns x2; Fresh Calamansi Juice Pitcher x1,2780.00,333.60,0.00,3113.60,GCASH,PENDING,IN_PROCESS,N/A
ORD-20260709-04303-DE644,2026-07-09 19:38:55,ON_SITE,Pedro Penduko,Crispy Seafood Basket x1,980.00,117.60,0.00,1097.60,CASH,PAID,COMPLETED,TXN-CAS-99932516
ORD-20260709-04440-C4B72,2026-07-09 20:53:01,ONLINE,Ana Reyes,Crispy Seafood Basket x2; Seafood Bilao Feast x2,6760.00,811.20,60.00,7631.20,GCASH,PAID,COMPLETED,TXN-GCA-76837977
ORD-20260709-02185-AA386,2026-07-09 21:41:14,ON_SITE,Marian Rivera,Seafood Cajun Boil x1; Sweet & Chili Crab Bucket x1; Fresh Calamansi Juice Pitcher x2,4360.00,523.20,0.00,4883.20,HYBRID (Cash + GCash),PAID,COMPLETED,TXN-HYB-93344701
ORD-20260710-00164-D9236,2026-07-10 10:13:34,ONLINE,Pedro Penduko,Garlic Butter Prawns x1; Sweet & Chili Crab Bucket x1,3200.00,384.00,120.00,3704.00,GCASH,PAID,COMPLETED,TXN-GCA-25029135
ORD-20260710-02711-499EA,2026-07-10 14:10:11,ONLINE,Mark Bautista,Grilled Seafood Platter x1,2100.00,252.00,60.00,2412.00,GCASH,PAID,COMPLETED,TXN-GCA-88909072
ORD-20260710-03030-31A6C,2026-07-10 19:24:07,ONLINE,Mark Bautista,Fresh Calamansi Juice Pitcher x3; Sweet & Chili Crab Bucket x1; Grilled Seafood Platter x1; Seafood Cajun Boil x1,6740.00,808.80,100.00,7648.80,GCASH,PAID,COMPLETED,TXN-GCA-50325890
ORD-20260710-00134-F8124,2026-07-10 20:54:12,ONLINE,Lisa Manoban,Grilled Seafood Platter x2,4200.00,504.00,100.00,4804.00,MAYA,PAID,COMPLETED,TXN-MAY-20058690
ORD-20260710-01044-79348,2026-07-10 20:58:58,ON_SITE,Dingdong Dantes,Grilled Seafood Platter x1; Garlic Butter Prawns x1,3350.00,402.00,0.00,3752.00,GCASH,PAID,COMPLETED,TXN-GCA-37764936
ORD-20260711-02867-D8452,2026-07-11 12:41:58,ONLINE,Pedro Penduko,Seafood Bilao Feast x1; Garlic Butter Prawns x1,3650.00,438.00,85.00,4173.00,HYBRID (Cash + GCash),PAID,COMPLETED,TXN-HYB-79860009
ORD-20260711-00994-784DD,2026-07-11 14:38:44,ONLINE,Lisa Manoban,Classic Seafood Paella x2,3300.00,396.00,50.00,3746.00,GCASH,PAID,COMPLETED,TXN-GCA-34067168
ORD-20260711-01989-3F5D7,2026-07-11 19:03:59,ON_SITE,Ana Reyes,Classic Seafood Paella x1,1650.00,198.00,0.00,1848.00,MAYA,PENDING,IN_PROCESS,N/A
ORD-20260711-03348-9D0B6,2026-07-11 21:47:21,ONLINE,Lisa Manoban,Crispy Seafood Basket x1; Garlic Butter Prawns x1; Grilled Seafood Platter x1; Seafood Bilao Feast x2,9130.00,1095.60,60.00,10285.60,GCASH,PAID,COMPLETED,TXN-GCA-98451869
ORD-20260712-01662-049DA,2026-07-12 10:44:04,ONLINE,Juan Tamad,Seafood Bilao Feast x1,2400.00,288.00,85.00,2773.00,SPLIT (Cash + GCash),PAID,COMPLETED,TXN-SPL-98470954
ORD-20260712-01208-942D9,2026-07-12 13:09:56,ON_SITE,Pedro Penduko,Fresh Calamansi Juice Pitcher x1; Sweet & Chili Crab Bucket x3,6130.00,735.60,0.00,6865.60,CASH,PAID,COMPLETED,TXN-CAS-41040259
ORD-20260712-02329-6D618,2026-07-12 14:34:52,ONLINE,Mark Bautista,Seafood Bilao Feast x2; Sweet & Chili Crab Bucket x3; Fresh Calamansi Juice Pitcher x1,10930.00,1311.60,85.00,12326.60,HYBRID (Cash + GCash),PAID,COMPLETED,TXN-HYB-98073542
ORD-20260712-04338-D9E37,2026-07-12 16:14:31,ONLINE,Juan Tamad,Fresh Calamansi Juice Pitcher x3; Sweet & Chili Crab Bucket x3,6690.00,802.80,85.00,7577.80,GCASH,PAID,COMPLETED,TXN-GCA-92658270
ORD-20260712-02821-6A8F7,2026-07-12 19:29:37,ON_SITE,Marian Rivera,Crispy Seafood Basket x1,980.00,117.60,0.00,1097.60,MAYA,PAID,COMPLETED,TXN-MAY-90528630
ORD-20260713-03430-D3A03,2026-07-13 12:34:10,ON_SITE,Katrina Halili,Crispy Seafood Basket x1; Fresh Calamansi Juice Pitcher x1; Seafood Cajun Boil x2,4960.00,595.20,0.00,5555.20,CASH,PAID,COMPLETED,TXN-CAS-42870097
ORD-20260713-04855-B3F3E,2026-07-13 21:03:58,ON_SITE,Ramon Magsaysay Jr.,Sweet & Chili Crab Bucket x2; Seafood Bilao Feast x1,6300.00,756.00,0.00,7056.00,CASH,PAID,COMPLETED,TXN-CAS-74339705
ORD-20260714-02739-50791,2026-07-14 10:25:40,ONLINE,Juan Tamad,Classic Seafood Paella x1,1650.00,198.00,85.00,1933.00,MAYA,PAID,COMPLETED,TXN-MAY-63337316
ORD-20260714-01611-BC0C4,2026-07-14 14:35:57,ON_SITE,Marian Rivera,Seafood Cajun Boil x1,1850.00,222.00,0.00,2072.00,GCASH,PAID,COMPLETED,TXN-GCA-66334983
ORD-20260714-03091-848E4,2026-07-14 16:43:11,ONLINE,Lisa Manoban,Crispy Seafood Basket x1; Seafood Bilao Feast x1; Sweet & Chili Crab Bucket x2,7280.00,873.60,75.00,8228.60,MAYA,PAID,COMPLETED,TXN-MAY-99049503
ORD-20260714-04354-9905F,2026-07-14 17:39:39,ONLINE,Lisa Manoban,Garlic Butter Prawns x2,2500.00,300.00,85.00,2885.00,SPLIT (Cash + GCash),PAID,COMPLETED,TXN-SPL-31490117
ORD-20260715-00697-50B41,2026-07-15 10:09:35,ON_SITE,Maria Clara Santos,Seafood Bilao Feast x1,2400.00,288.00,0.00,2688.00,GCASH,PAID,COMPLETED,TXN-GCA-21904445
ORD-20260715-01174-5868B,2026-07-15 10:35:57,ONLINE,Lisa Manoban,Classic Seafood Paella x1; Sweet & Chili Crab Bucket x3; Garlic Butter Prawns x2,10000.00,1200.00,85.00,11285.00,GCASH,PAID,COMPLETED,TXN-GCA-40340967
ORD-20260715-02367-E347C,2026-07-15 13:42:28,ONLINE,Clara Dizon,Sweet & Chili Crab Bucket x1; Garlic Butter Prawns x2; Classic Seafood Paella x1; Fresh Calamansi Juice Pitcher x1,6380.00,765.60,75.00,7220.60,SPLIT (Cash + GCash),PAID,COMPLETED,TXN-SPL-97361024
ORD-20260715-04277-4E4B4,2026-07-15 14:36:44,ONLINE,Mark Bautista,Grilled Seafood Platter x1,2100.00,252.00,100.00,2452.00,GCASH,PAID,COMPLETED,TXN-GCA-54243267
ORD-20260715-04978-4604E,2026-07-15 15:58:56,ONLINE,Mark Bautista,Seafood Bilao Feast x2,4800.00,576.00,75.00,5451.00,SPLIT (Cash + GCash),PAID,COMPLETED,TXN-SPL-30494355
ORD-20260716-03417-84E5C,2026-07-16 12:54:47,ONLINE,Juan Tamad,Seafood Bilao Feast x1,2400.00,288.00,75.00,2763.00,COD,PAID,COMPLETED,TXN-COD-73615792
ORD-20260716-04867-585E8,2026-07-16 14:00:00,ONLINE,Ana Reyes,Grilled Seafood Platter x1,2100.00,252.00,75.00,2427.00,GCASH,PAID,COMPLETED,TXN-GCA-53126655
ORD-20260716-02803-5C701,2026-07-16 15:26:02,ON_SITE,Matteo Guidicelli,Grilled Seafood Platter x1,2100.00,252.00,0.00,2352.00,CASH,PAID,COMPLETED,TXN-CAS-27064031
ORD-20260716-04088-E0169,2026-07-16 16:23:50,ONLINE,Lisa Manoban,Crispy Seafood Basket x1,980.00,117.60,50.00,1147.60,HYBRID (Cash + GCash),PAID,COMPLETED,TXN-HYB-14035926
ORD-20260716-02470-569A9,2026-07-16 17:47:09,ONLINE,Ana Reyes,Classic Seafood Paella x1,1650.00,198.00,60.00,1908.00,GCASH,PAID,COMPLETED,TXN-GCA-63250813
ORD-20260716-01899-54735,2026-07-16 18:05:22,ONLINE,Lisa Manoban,Garlic Butter Prawns x2,2500.00,300.00,60.00,2860.00,GCASH,PENDING,CANCELLED,N/A
ORD-20260716-02572-98445,2026-07-16 18:52:24,ONLINE,Ana Reyes,Seafood Bilao Feast x1; Grilled Seafood Platter x1,4500.00,540.00,60.00,5100.00,CASH,PAID,COMPLETED,TXN-CAS-37225588
ORD-20260716-04442-5D726,2026-07-16 19:06:57,ON_SITE,Clara Dizon,Seafood Cajun Boil x1; Fresh Calamansi Juice Pitcher x1,2130.00,255.60,0.00,2385.60,GCASH,PAID,COMPLETED,TXN-GCA-49479209
ORD-20260716-04979-20F98,2026-07-16 19:28:23,ON_SITE,Daniel Padilla,Crispy Seafood Basket x1,980.00,117.60,0.00,1097.60,GCASH,PAID,COMPLETED,TXN-GCA-89209549
ORD-20260716-04216-6787F,2026-07-16 20:53:28,ON_SITE,Juan Tamad,Classic Seafood Paella x1,1650.00,198.00,0.00,1848.00,CASH,PAID,IN_PROCESS,TXN-CAS-96460177
ORD-20260716-00185-62F23,2026-07-16 21:44:53,ON_SITE,Katrina Halili,Crispy Seafood Basket x1,980.00,117.60,0.00,1097.60,CASH,PAID,COMPLETED,TXN-CAS-21811903
ORD-20260717-03733-08EC0,2026-07-17 12:00:19,ONLINE,Clara Dizon,Grilled Seafood Platter x1; Crispy Seafood Basket x2,4060.00,487.20,50.00,4597.20,SPLIT (Cash + GCash),PAID,COMPLETED,TXN-SPL-96732485
ORD-20260717-04148-5B093,2026-07-17 17:34:48,ONLINE,Lisa Manoban,Fresh Calamansi Juice Pitcher x1,280.00,33.60,75.00,388.60,GCASH,PAID,COMPLETED,TXN-GCA-22918946
ORD-20260717-00401-38FEA,2026-07-17 18:20:57,ON_SITE,Daniel Padilla,Classic Seafood Paella x1,1650.00,198.00,0.00,1848.00,SPLIT (Cash + GCash),PAID,COMPLETED,TXN-SPL-62984367
ORD-20260717-03600-4CE97,2026-07-17 20:11:27,ONLINE,Lisa Manoban,Sweet & Chili Crab Bucket x2; Classic Seafood Paella x1; Seafood Cajun Boil x3,11100.00,1332.00,50.00,12482.00,CASH,PAID,COMPLETED,TXN-CAS-41955041
ORD-20260717-03831-DD51C,2026-07-17 20:49:51,ON_SITE,Ferdinand Marcos,Classic Seafood Paella x1; Crispy Seafood Basket x1,2630.00,315.60,0.00,2945.60,CASH,PAID,COMPLETED,TXN-CAS-88064335
ORD-20260718-00154-4704C,2026-07-18 15:28:30,ONLINE,Juan Tamad,Garlic Butter Prawns x3,3750.00,450.00,50.00,4250.00,GCASH,PAID,IN_PROCESS,TXN-GCA-97176871
ORD-20260718-04584-1D978,2026-07-18 16:23:58,ON_SITE,Mark Bautista,Crispy Seafood Basket x1,980.00,117.60,0.00,1097.60,HYBRID (Cash + GCash),PAID,COMPLETED,TXN-HYB-50679967
ORD-20260718-01199-CCEB6,2026-07-18 17:08:27,ON_SITE,Dindo Dela Cruz,Crispy Seafood Basket x2,1960.00,235.20,0.00,2195.20,MAYA,PAID,COMPLETED,TXN-MAY-53284833
ORD-20260718-02430-B777E,2026-07-18 17:49:11,ONLINE,Juan Tamad,Classic Seafood Paella x1; Sweet & Chili Crab Bucket x1,3600.00,432.00,120.00,4152.00,GCASH,PAID,COMPLETED,TXN-GCA-62054915
ORD-20260718-03577-3808A,2026-07-18 18:32:50,ON_SITE,Dingdong Dantes,Garlic Butter Prawns x1,1250.00,150.00,0.00,1400.00,GCASH,PAID,COMPLETED,TXN-GCA-28148344
ORD-20260718-02892-8F8B3,2026-07-18 19:31:07,ONLINE,Lisa Manoban,Seafood Cajun Boil x1; Sweet & Chili Crab Bucket x1; Crispy Seafood Basket x2,5760.00,691.20,60.00,6511.20,GCASH,PAID,COMPLETED,TXN-GCA-13863438
ORD-20260719-02051-5E181,2026-07-19 10:07:09,ON_SITE,Alden Richards,Grilled Seafood Platter x1; Classic Seafood Paella x1; Seafood Cajun Boil x1,5600.00,672.00,0.00,6272.00,HYBRID (Cash + GCash),PAID,COMPLETED,TXN-HYB-29435120
ORD-20260719-01974-3A6CB,2026-07-19 11:10:30,ONLINE,Clara Dizon,Classic Seafood Paella x1; Sweet & Chili Crab Bucket x1,3600.00,432.00,100.00,4132.00,CASH,PAID,COMPLETED,TXN-CAS-63130795
ORD-20260719-04068-E9102,2026-07-19 14:13:31,ONLINE,Mark Bautista,Grilled Seafood Platter x1; Classic Seafood Paella x2; Garlic Butter Prawns x2,7900.00,948.00,120.00,8968.00,HYBRID (Cash + GCash),PAID,IN_PROCESS,TXN-HYB-84585441
ORD-20260719-01238-1C1C7,2026-07-19 18:03:28,ON_SITE,Ana Reyes,Seafood Bilao Feast x2; Garlic Butter Prawns x1,6050.00,726.00,0.00,6776.00,CASH,PAID,COMPLETED,TXN-CAS-80310065
ORD-20260720-01767-46FB1,2026-07-20 10:48:16,ON_SITE,Bea Alonzo,Sweet & Chili Crab Bucket x1; Seafood Bilao Feast x2; Fresh Calamansi Juice Pitcher x1,7030.00,843.60,0.00,7873.60,GCASH,PAID,COMPLETED,TXN-GCA-48502695
ORD-20260720-04623-4A21B,2026-07-20 14:06:32,ON_SITE,Giselle Hernandez,Garlic Butter Prawns x1; Grilled Seafood Platter x2; Crispy Seafood Basket x1; Sweet & Chili Crab Bucket x1,8380.00,1005.60,0.00,9385.60,CASH,PAID,COMPLETED,TXN-CAS-36184752
ORD-20260720-03982-EA227,2026-07-20 14:53:39,ONLINE,Ana Reyes,Crispy Seafood Basket x1; Sweet & Chili Crab Bucket x2; Seafood Bilao Feast x1,7280.00,873.60,100.00,8253.60,GCASH,PAID,COMPLETED,TXN-GCA-89904883
ORD-20260720-01870-E1182,2026-07-20 18:47:14,ON_SITE,Kathryn Bernardo,Seafood Bilao Feast x1; Sweet & Chili Crab Bucket x2; Fresh Calamansi Juice Pitcher x1,6580.00,789.60,0.00,7369.60,MAYA,PAID,COMPLETED,TXN-MAY-15098772
ORD-20260720-01300-84B23,2026-07-20 19:27:50,ON_SITE,Dingdong Dantes,Sweet & Chili Crab Bucket x1; Crispy Seafood Basket x2,3910.00,469.20,0.00,4379.20,SPLIT (Cash + GCash),REFUNDED,CANCELLED,N/A
ORD-20260720-03972-76E4F,2026-07-20 21:53:14,ON_SITE,Marian Rivera,Fresh Calamansi Juice Pitcher x1,280.00,33.60,0.00,313.60,CASH,PAID,COMPLETED,TXN-CAS-85776098
ORD-20260721-01715-8918F,2026-07-21 12:30:30,ONLINE,Pedro Penduko,Grilled Seafood Platter x1; Seafood Cajun Boil x1,3950.00,474.00,75.00,4499.00,GCASH,PAID,COMPLETED,TXN-GCA-34668506
ORD-20260721-00012-0BC91,2026-07-21 17:10:18,ONLINE,Pedro Penduko,Garlic Butter Prawns x1; Seafood Bilao Feast x1,3650.00,438.00,60.00,4148.00,CASH,PAID,COMPLETED,TXN-CAS-57821693
ORD-20260721-03084-19155,2026-07-21 18:08:48,ONLINE,Clara Dizon,Seafood Bilao Feast x1,2400.00,288.00,60.00,2748.00,GCASH,PAID,COMPLETED,TXN-GCA-71593973
ORD-20260722-03045-20AA3,2026-07-22 11:21:55,ONLINE,Clara Dizon,Grilled Seafood Platter x2,4200.00,504.00,100.00,4804.00,COD,PAID,COMPLETED,TXN-COD-57529836
ORD-20260722-01759-E2B96,2026-07-22 12:23:36,ONLINE,Lisa Manoban,Crispy Seafood Basket x1; Sweet & Chili Crab Bucket x2,4880.00,585.60,120.00,5585.60,HYBRID (Cash + GCash),PAID,COMPLETED,TXN-HYB-88502583
ORD-20260722-02092-E0F6E,2026-07-22 14:30:11,ON_SITE,Matteo Guidicelli,Fresh Calamansi Juice Pitcher x1; Seafood Cajun Boil x1; Sweet & Chili Crab Bucket x1,4080.00,489.60,0.00,4569.60,SPLIT (Cash + GCash),PAID,COMPLETED,TXN-SPL-87503237
ORD-20260722-01860-14E95,2026-07-22 14:55:15,ONLINE,Pedro Penduko,Crispy Seafood Basket x1; Fresh Calamansi Juice Pitcher x1; Seafood Cajun Boil x1,3110.00,373.20,60.00,3543.20,GCASH,PAID,COMPLETED,TXN-GCA-15230477
ORD-20260722-04113-CEE32,2026-07-22 15:52:03,ON_SITE,Giselle Hernandez,Fresh Calamansi Juice Pitcher x1; Seafood Bilao Feast x2,5080.00,609.60,0.00,5689.60,CASH,PAID,COMPLETED,TXN-CAS-22910813
ORD-20260722-00895-9EC64,2026-07-22 17:03:14,ONLINE,Clara Dizon,Garlic Butter Prawns x1,1250.00,150.00,60.00,1460.00,GCASH,REFUNDED,CANCELLED,N/A
ORD-20260722-00881-39731,2026-07-22 17:21:48,ON_SITE,Joshua Garcia,Garlic Butter Prawns x2; Crispy Seafood Basket x1,3480.00,417.60,0.00,3897.60,CASH,PAID,COMPLETED,TXN-CAS-36281969
ORD-20260723-02160-FEBBB,2026-07-23 15:47:38,ON_SITE,Clara Dizon,Crispy Seafood Basket x1,980.00,117.60,0.00,1097.60,CASH,PAID,COMPLETED,TXN-CAS-81210945
ORD-20260723-02750-B6EC8,2026-07-23 18:44:37,ONLINE,Clara Dizon,Fresh Calamansi Juice Pitcher x2; Seafood Cajun Boil x2; Garlic Butter Prawns x1,5510.00,661.20,85.00,6256.20,HYBRID (Cash + GCash),PAID,COMPLETED,TXN-HYB-68005038
ORD-20260723-02411-5FD0F,2026-07-23 20:03:38,ONLINE,Lisa Manoban,Crispy Seafood Basket x1,980.00,117.60,75.00,1172.60,MAYA,PAID,COMPLETED,TXN-MAY-91340220
ORD-20260723-04061-684FB,2026-07-23 21:10:58,ON_SITE,Mark Bautista,Seafood Bilao Feast x1; Grilled Seafood Platter x1; Fresh Calamansi Juice Pitcher x3,5340.00,640.80,0.00,5980.80,CASH,PAID,COMPLETED,TXN-CAS-85824464
ORD-20260724-00848-D4CD3,2026-07-24 10:52:04,ON_SITE,Joshua Garcia,Grilled Seafood Platter x2; Seafood Cajun Boil x2; Crispy Seafood Basket x1; Garlic Butter Prawns x1,10130.00,1215.60,0.00,11345.60,CASH,PAID,COMPLETED,TXN-CAS-48191735
ORD-20260724-01760-C5DDE,2026-07-24 13:09:16,ON_SITE,Ana Reyes,Grilled Seafood Platter x3,6300.00,756.00,0.00,7056.00,CASH,PAID,COMPLETED,TXN-CAS-73738757
ORD-20260724-02748-32968,2026-07-24 13:34:11,ON_SITE,Matteo Guidicelli,Seafood Bilao Feast x1; Classic Seafood Paella x3,7350.00,882.00,0.00,8232.00,GCASH,PAID,COMPLETED,TXN-GCA-93344106
ORD-20260724-03529-1D029,2026-07-24 14:26:55,ONLINE,Lisa Manoban,Grilled Seafood Platter x1,2100.00,252.00,120.00,2472.00,HYBRID (Cash + GCash),PAID,COMPLETED,TXN-HYB-33460360
ORD-20260724-00163-3F444,2026-07-24 20:05:56,ONLINE,Ana Reyes,Classic Seafood Paella x1; Sweet & Chili Crab Bucket x1; Garlic Butter Prawns x1,4850.00,582.00,100.00,5532.00,SPLIT (Cash + GCash),PAID,COMPLETED,TXN-SPL-59789086
ORD-20260725-04711-86DC5,2026-07-25 13:17:33,ONLINE,Lisa Manoban,Crispy Seafood Basket x1; Grilled Seafood Platter x1; Classic Seafood Paella x1,4730.00,567.60,60.00,5357.60,SPLIT (Cash + GCash),PAID,COMPLETED,TXN-SPL-26506396
ORD-20260725-03640-B1684,2026-07-25 13:21:06,ON_SITE,Maria Clara Santos,Fresh Calamansi Juice Pitcher x1; Classic Seafood Paella x1; Sweet & Chili Crab Bucket x1,3880.00,465.60,0.00,4345.60,CASH,PENDING,IN_PROCESS,N/A
ORD-20260725-02672-81733,2026-07-25 13:22:30,ON_SITE,Alden Richards,Seafood Cajun Boil x1,1850.00,222.00,0.00,2072.00,GCASH,PAID,COMPLETED,TXN-GCA-74506950
ORD-20260725-00413-AA219,2026-07-25 14:06:42,ONLINE,Clara Dizon,Fresh Calamansi Juice Pitcher x1,280.00,33.60,120.00,433.60,GCASH,PAID,COMPLETED,TXN-GCA-44473941
ORD-20260725-01476-23559,2026-07-25 14:28:37,ONLINE,Lisa Manoban,Garlic Butter Prawns x1,1250.00,150.00,60.00,1460.00,HYBRID (Cash + GCash),PAID,COMPLETED,TXN-HYB-98305145
ORD-20260725-03770-6FB08,2026-07-25 14:34:09,ON_SITE,Daniel Padilla,Crispy Seafood Basket x2,1960.00,235.20,0.00,2195.20,GCASH,PAID,COMPLETED,TXN-GCA-98189155
ORD-20260725-01335-B426A,2026-07-25 15:38:05,ON_SITE,Alden Richards,Seafood Cajun Boil x2; Garlic Butter Prawns x1,4950.00,594.00,0.00,5544.00,CASH,PAID,IN_PROCESS,TXN-CAS-16984552
ORD-20260725-02115-FCDD6,2026-07-25 15:44:13,ONLINE,Juan Tamad,Grilled Seafood Platter x1; Sweet & Chili Crab Bucket x1; Garlic Butter Prawns x1; Crispy Seafood Basket x1,6280.00,753.60,100.00,7133.60,GCASH,PAID,COMPLETED,TXN-GCA-60566126
ORD-20260726-00807-CEFA0,2026-07-26 10:48:12,ONLINE,Pedro Penduko,Fresh Calamansi Juice Pitcher x1; Classic Seafood Paella x1,1930.00,231.60,50.00,2211.60,GCASH,PAID,COMPLETED,TXN-GCA-54285208
ORD-20260726-03637-30E5D,2026-07-26 11:07:20,ONLINE,Pedro Penduko,Classic Seafood Paella x1,1650.00,198.00,75.00,1923.00,MAYA,PAID,COMPLETED,TXN-MAY-79774057
ORD-20260726-01503-784E3,2026-07-26 15:17:43,ONLINE,Lisa Manoban,Grilled Seafood Platter x1; Fresh Calamansi Juice Pitcher x1,2380.00,285.60,120.00,2785.60,CASH,PAID,COMPLETED,TXN-CAS-66863313
ORD-20260727-00358-F2AEB,2026-07-27 10:53:19,ONLINE,Mark Bautista,Sweet & Chili Crab Bucket x1; Seafood Cajun Boil x1; Seafood Bilao Feast x1,6200.00,744.00,120.00,7064.00,SPLIT (Cash + GCash),PAID,COMPLETED,TXN-SPL-95882122
ORD-20260727-03223-CA4D7,2026-07-27 16:48:24,ONLINE,Juan Tamad,Fresh Calamansi Juice Pitcher x1; Crispy Seafood Basket x1,1260.00,151.20,60.00,1471.20,COD,PAID,COMPLETED,TXN-COD-98688800
ORD-20260728-04730-02263,2026-07-28 10:04:22,ON_SITE,Maria Clara Santos,Grilled Seafood Platter x1,2100.00,252.00,0.00,2352.00,GCASH,PENDING,IN_PROCESS,N/A
ORD-20260728-02218-20FD9,2026-07-28 10:49:38,ON_SITE,Dingdong Dantes,Seafood Bilao Feast x2; Grilled Seafood Platter x2; Fresh Calamansi Juice Pitcher x1,9280.00,1113.60,0.00,10393.60,HYBRID (Cash + GCash),PAID,COMPLETED,TXN-HYB-19532874
ORD-20260728-02758-805B5,2026-07-28 12:44:24,ON_SITE,Giselle Hernandez,Seafood Cajun Boil x1; Grilled Seafood Platter x2; Fresh Calamansi Juice Pitcher x1,6330.00,759.60,0.00,7089.60,SPLIT (Cash + GCash),PAID,COMPLETED,TXN-SPL-57747155
ORD-20260728-03842-BC9F3,2026-07-28 14:20:14,ON_SITE,Lisa Manoban,Sweet & Chili Crab Bucket x1,1950.00,234.00,0.00,2184.00,GCASH,PAID,COMPLETED,TXN-GCA-16917964
ORD-20260728-00524-5BC82,2026-07-28 16:27:22,ONLINE,Clara Dizon,Classic Seafood Paella x3,4950.00,594.00,60.00,5604.00,HYBRID (Cash + GCash),PAID,COMPLETED,TXN-HYB-39793504
ORD-20260728-04931-2D53B,2026-07-28 16:46:31,ON_SITE,Carlos Mendoza,Garlic Butter Prawns x2; Classic Seafood Paella x1; Seafood Cajun Boil x1,6000.00,720.00,0.00,6720.00,GCASH,PAID,COMPLETED,TXN-GCA-30710789
ORD-20260728-04578-7D869,2026-07-28 19:02:56,ONLINE,Mark Bautista,Sweet & Chili Crab Bucket x1; Classic Seafood Paella x2; Fresh Calamansi Juice Pitcher x1,5530.00,663.60,50.00,6243.60,CASH,PAID,IN_PROCESS,TXN-CAS-19609310
ORD-20260729-02415-48E88,2026-07-29 10:16:09,ONLINE,Clara Dizon,Garlic Butter Prawns x1; Sweet & Chili Crab Bucket x1; Fresh Calamansi Juice Pitcher x2; Seafood Cajun Boil x1,5610.00,673.20,120.00,6403.20,HYBRID (Cash + GCash),PAID,COMPLETED,TXN-HYB-46622735
ORD-20260729-03089-D26E5,2026-07-29 12:51:34,ON_SITE,Ramon Magsaysay Jr.,Classic Seafood Paella x1; Grilled Seafood Platter x1; Seafood Bilao Feast x1,6150.00,738.00,0.00,6888.00,MAYA,PAID,COMPLETED,TXN-MAY-80899995
ORD-20260729-04657-C9370,2026-07-29 13:15:33,ON_SITE,Juan Tamad,Classic Seafood Paella x1; Seafood Cajun Boil x1,3500.00,420.00,0.00,3920.00,CASH,PAID,COMPLETED,TXN-CAS-42859828
ORD-20260729-02323-C9D81,2026-07-29 20:16:11,ONLINE,Juan Tamad,Classic Seafood Paella x2,3300.00,396.00,100.00,3796.00,SPLIT (Cash + GCash),PAID,COMPLETED,TXN-SPL-37276006
ORD-20260729-03805-02E00,2026-07-29 21:54:11,ONLINE,Ana Reyes,Grilled Seafood Platter x1,2100.00,252.00,85.00,2437.00,GCASH,PAID,COMPLETED,TXN-GCA-50586377
ORD-20260730-01338-7DE9C,2026-07-30 11:32:11,ONLINE,Mark Bautista,Classic Seafood Paella x1,1650.00,198.00,120.00,1968.00,GCASH,PAID,COMPLETED,TXN-GCA-64193076
ORD-20260730-02899-24FBD,2026-07-30 12:19:17,ONLINE,Mark Bautista,Seafood Cajun Boil x1,1850.00,222.00,75.00,2147.00,GCASH,PAID,COMPLETED,TXN-GCA-28010580
ORD-20260730-01504-E6D06,2026-07-30 14:31:41,ONLINE,Clara Dizon,Grilled Seafood Platter x1,2100.00,252.00,85.00,2437.00,MAYA,PAID,COMPLETED,TXN-MAY-75978712
ORD-20260730-04183-C34DC,2026-07-30 17:34:37,ON_SITE,Juan Tamad,Seafood Bilao Feast x1; Sweet & Chili Crab Bucket x1; Fresh Calamansi Juice Pitcher x1,4630.00,555.60,0.00,5185.60,GCASH,PAID,COMPLETED,TXN-GCA-45003995
ORD-20260730-00825-61D38,2026-07-30 18:23:30,ONLINE,Lisa Manoban,Sweet & Chili Crab Bucket x1; Garlic Butter Prawns x1,3200.00,384.00,85.00,3669.00,CASH,PAID,COMPLETED,TXN-CAS-41367691
ORD-20260730-02086-E0C3B,2026-07-30 19:17:56,ONLINE,Ana Reyes,Garlic Butter Prawns x1; Crispy Seafood Basket x3,4190.00,502.80,100.00,4792.80,GCASH,PAID,COMPLETED,TXN-GCA-78039063
ORD-20260730-01667-42891,2026-07-30 19:38:20,ON_SITE,Pedro Penduko,Garlic Butter Prawns x1,1250.00,150.00,0.00,1400.00,CASH,PAID,COMPLETED,TXN-CAS-18913629
ORD-20260730-04740-24C97,2026-07-30 19:55:56,ON_SITE,Maria Clara Santos,Sweet & Chili Crab Bucket x1; Seafood Cajun Boil x1; Seafood Bilao Feast x1,6200.00,744.00,0.00,6944.00,CASH,PAID,COMPLETED,TXN-CAS-69699484
ORD-20260731-00798-F6800,2026-07-31 10:51:09,ON_SITE,Dingdong Dantes,Garlic Butter Prawns x1; Crispy Seafood Basket x2; Seafood Bilao Feast x1,5610.00,673.20,0.00,6283.20,SPLIT (Cash + GCash),PAID,COMPLETED,TXN-SPL-95058505
ORD-20260801-03979-B7492,2026-08-01 10:05:50,ONLINE,Ana Reyes,Crispy Seafood Basket x3; Fresh Calamansi Juice Pitcher x2,3500.00,420.00,75.00,3995.00,GCASH,PAID,COMPLETED,TXN-GCA-22033737
ORD-20260801-00205-6E569,2026-08-01 10:31:28,ON_SITE,Kathryn Bernardo,Sweet & Chili Crab Bucket x1; Seafood Cajun Boil x3,7500.00,900.00,0.00,8400.00,CASH,PAID,COMPLETED,TXN-CAS-48962390
ORD-20260801-00421-B5CFF,2026-08-01 12:07:28,ON_SITE,Daniel Padilla,Seafood Cajun Boil x1; Sweet & Chili Crab Bucket x2; Classic Seafood Paella x1,7400.00,888.00,0.00,8288.00,SPLIT (Cash + GCash),PAID,COMPLETED,TXN-SPL-74338950
ORD-20260801-00930-6A1E2,2026-08-01 14:15:45,ONLINE,Lisa Manoban,Grilled Seafood Platter x1,2100.00,252.00,120.00,2472.00,GCASH,PAID,COMPLETED,TXN-GCA-11717417
ORD-20260801-00376-6C06B,2026-08-01 15:38:32,ON_SITE,Carlos Mendoza,Crispy Seafood Basket x1,980.00,117.60,0.00,1097.60,CASH,PAID,COMPLETED,TXN-CAS-50038243
ORD-20260801-00395-C4071,2026-08-01 16:43:24,ON_SITE,Lisa Manoban,Garlic Butter Prawns x1; Seafood Cajun Boil x2,4950.00,594.00,0.00,5544.00,GCASH,PENDING,IN_PROCESS,N/A
ORD-20260801-04310-84E17,2026-08-01 19:10:27,ONLINE,Lisa Manoban,Crispy Seafood Basket x1,980.00,117.60,50.00,1147.60,SPLIT (Cash + GCash),PAID,COMPLETED,TXN-SPL-32146702
ORD-20260802-02119-24840,2026-08-02 16:57:33,ONLINE,Clara Dizon,Seafood Bilao Feast x2,4800.00,576.00,60.00,5436.00,GCASH,PAID,COMPLETED,TXN-GCA-26345946
ORD-20260802-01613-40E5F,2026-08-02 17:42:57,ONLINE,Pedro Penduko,Grilled Seafood Platter x1; Sweet & Chili Crab Bucket x1,4050.00,486.00,50.00,4586.00,MAYA,PAID,COMPLETED,TXN-MAY-59154155
ORD-20260802-00327-7BDC4,2026-08-02 21:28:27,ON_SITE,Clara Dizon,Garlic Butter Prawns x1; Classic Seafood Paella x2; Grilled Seafood Platter x1,6650.00,798.00,0.00,7448.00,GCASH,PAID,COMPLETED,TXN-GCA-39781141
ORD-20260803-01478-9B5F7,2026-08-03 19:32:19,ON_SITE,Alden Richards,Seafood Cajun Boil x1,1850.00,222.00,0.00,2072.00,CASH,PAID,COMPLETED,TXN-CAS-89905372
ORD-20260803-04238-9A48A,2026-08-03 19:38:08,ON_SITE,Pedro Penduko,Seafood Bilao Feast x1; Sweet & Chili Crab Bucket x2,6300.00,756.00,0.00,7056.00,SPLIT (Cash + GCash),PAID,COMPLETED,TXN-SPL-75838640
ORD-20260803-01094-C3124,2026-08-03 19:58:36,ONLINE,Clara Dizon,Sweet & Chili Crab Bucket x1; Seafood Cajun Boil x3,7500.00,900.00,75.00,8475.00,SPLIT (Cash + GCash),PAID,COMPLETED,TXN-SPL-60925554
ORD-20260803-04577-760B9,2026-08-03 20:34:23,ON_SITE,Sarah Geronimo,Crispy Seafood Basket x1,980.00,117.60,0.00,1097.60,CASH,PAID,COMPLETED,TXN-CAS-12649074
ORD-20260803-04275-DA9CD,2026-08-03 20:35:02,ONLINE,Ana Reyes,Seafood Bilao Feast x3,7200.00,864.00,120.00,8184.00,SPLIT (Cash + GCash),PAID,COMPLETED,TXN-SPL-30881102
ORD-20260804-04459-A2776,2026-08-04 11:21:19,ON_SITE,Maria Clara Santos,Grilled Seafood Platter x1,2100.00,252.00,0.00,2352.00,SPLIT (Cash + GCash),PAID,COMPLETED,TXN-SPL-71750381
ORD-20260804-03322-2E662,2026-08-04 11:24:29,ONLINE,Lisa Manoban,Seafood Bilao Feast x1; Fresh Calamansi Juice Pitcher x1,2680.00,321.60,75.00,3076.60,GCASH,PAID,COMPLETED,TXN-GCA-76413265
ORD-20260804-01467-D039C,2026-08-04 13:04:11,ONLINE,Clara Dizon,Grilled Seafood Platter x1,2100.00,252.00,120.00,2472.00,GCASH,PAID,COMPLETED,TXN-GCA-70434536
ORD-20260804-01546-21632,2026-08-04 14:52:03,ONLINE,Ana Reyes,Seafood Cajun Boil x1; Seafood Bilao Feast x1,4250.00,510.00,85.00,4845.00,GCASH,PAID,COMPLETED,TXN-GCA-53597432
ORD-20260804-01448-9F9EC,2026-08-04 15:14:50,ON_SITE,Dingdong Dantes,Seafood Bilao Feast x1,2400.00,288.00,0.00,2688.00,HYBRID (Cash + GCash),PAID,COMPLETED,TXN-HYB-60889990
ORD-20260804-03276-C75FB,2026-08-04 16:40:10,ON_SITE,Juan Tamad,Fresh Calamansi Juice Pitcher x1; Sweet & Chili Crab Bucket x2; Garlic Butter Prawns x1; Grilled Seafood Platter x1,7530.00,903.60,0.00,8433.60,CASH,PAID,COMPLETED,TXN-CAS-55980992
ORD-20260804-02379-4AA27,2026-08-04 17:23:22,ONLINE,Mark Bautista,Fresh Calamansi Juice Pitcher x1; Crispy Seafood Basket x2,2240.00,268.80,85.00,2593.80,SPLIT (Cash + GCash),PAID,COMPLETED,TXN-SPL-76653462
ORD-20260804-01046-2ECEC,2026-08-04 20:02:10,ONLINE,Mark Bautista,Classic Seafood Paella x1,1650.00,198.00,120.00,1968.00,SPLIT (Cash + GCash),PAID,COMPLETED,TXN-SPL-53657516
ORD-20260805-03750-DBE4A,2026-08-05 11:47:59,ON_SITE,Bea Alonzo,Sweet & Chili Crab Bucket x1; Grilled Seafood Platter x1; Garlic Butter Prawns x2; Seafood Bilao Feast x1,8950.00,1074.00,0.00,10024.00,CASH,PAID,COMPLETED,TXN-CAS-73896612
ORD-20260805-00880-D1031,2026-08-05 12:42:58,ONLINE,Mark Bautista,Crispy Seafood Basket x2,1960.00,235.20,60.00,2255.20,COD,PAID,COMPLETED,TXN-COD-76449645
ORD-20260805-04153-2E6E4,2026-08-05 14:33:50,ON_SITE,Lisa Manoban,Seafood Cajun Boil x2; Classic Seafood Paella x2,7000.00,840.00,0.00,7840.00,GCASH,PAID,COMPLETED,TXN-GCA-47965454
ORD-20260805-00388-16E70,2026-08-05 16:17:36,ONLINE,Clara Dizon,Fresh Calamansi Juice Pitcher x2,560.00,67.20,60.00,687.20,GCASH,PAID,COMPLETED,TXN-GCA-28378269
ORD-20260805-01507-8A830,2026-08-05 20:23:40,ONLINE,Clara Dizon,Garlic Butter Prawns x1; Crispy Seafood Basket x1,2230.00,267.60,50.00,2547.60,GCASH,PAID,COMPLETED,TXN-GCA-72469011
ORD-20260806-04367-6FA9D,2026-08-06 10:13:51,ONLINE,Mark Bautista,Grilled Seafood Platter x2; Classic Seafood Paella x1,5850.00,702.00,100.00,6652.00,CASH,PAID,COMPLETED,TXN-CAS-57693455
ORD-20260806-03638-7570F,2026-08-06 18:38:06,ONLINE,Pedro Penduko,Grilled Seafood Platter x2; Sweet & Chili Crab Bucket x2; Garlic Butter Prawns x1,9350.00,1122.00,50.00,10522.00,COD,PAID,COMPLETED,TXN-COD-40107664
ORD-20260806-03726-84352,2026-08-06 20:02:10,ON_SITE,Juan Tamad,Seafood Bilao Feast x2; Grilled Seafood Platter x1; Garlic Butter Prawns x1,8150.00,978.00,0.00,9128.00,CASH,PAID,COMPLETED,TXN-CAS-55239006
ORD-20260806-00699-F2442,2026-08-06 21:34:47,ON_SITE,Ferdinand Marcos,Crispy Seafood Basket x1; Garlic Butter Prawns x2; Classic Seafood Paella x1,5130.00,615.60,0.00,5745.60,CASH,PAID,COMPLETED,TXN-CAS-98430228
ORD-20260807-03923-2BF40,2026-08-07 13:20:26,ON_SITE,Clara Dizon,Classic Seafood Paella x1; Seafood Bilao Feast x1; Grilled Seafood Platter x1,6150.00,738.00,0.00,6888.00,CASH,PAID,COMPLETED,TXN-CAS-13363217
ORD-20260807-01710-E3B00,2026-08-07 19:49:37,ON_SITE,Marian Rivera,Garlic Butter Prawns x1; Seafood Cajun Boil x1,3100.00,372.00,0.00,3472.00,HYBRID (Cash + GCash),PAID,COMPLETED,TXN-HYB-47783124
ORD-20260807-04801-E8661,2026-08-07 21:03:44,ON_SITE,Giselle Hernandez,Seafood Cajun Boil x1; Garlic Butter Prawns x1,3100.00,372.00,0.00,3472.00,GCASH,PAID,COMPLETED,TXN-GCA-27942383
ORD-20260808-00336-CF945,2026-08-08 11:14:22,ONLINE,Juan Tamad,Seafood Bilao Feast x2; Garlic Butter Prawns x3; Seafood Cajun Boil x1,10400.00,1248.00,60.00,11708.00,MAYA,PAID,COMPLETED,TXN-MAY-18235861
ORD-20260808-03665-FA85E,2026-08-08 13:01:30,ON_SITE,Bea Alonzo,Garlic Butter Prawns x1; Grilled Seafood Platter x2,5450.00,654.00,0.00,6104.00,GCASH,FAILED,CANCELLED,N/A
ORD-20260808-01463-E806F,2026-08-08 18:52:17,ONLINE,Mark Bautista,Sweet & Chili Crab Bucket x1,1950.00,234.00,85.00,2269.00,GCASH,PAID,COMPLETED,TXN-GCA-51777412
ORD-20260808-01118-303FE,2026-08-08 19:24:48,ONLINE,Lisa Manoban,Grilled Seafood Platter x1; Classic Seafood Paella x1,3750.00,450.00,60.00,4260.00,GCASH,PAID,COMPLETED,TXN-GCA-46169092
ORD-20260808-02881-267E3,2026-08-08 21:33:25,ON_SITE,Clara Dizon,Garlic Butter Prawns x1,1250.00,150.00,0.00,1400.00,GCASH,PAID,COMPLETED,TXN-GCA-76126374
ORD-20260809-02377-0CD26,2026-08-09 12:12:41,ON_SITE,Mark Bautista,Garlic Butter Prawns x1; Sweet & Chili Crab Bucket x1,3200.00,384.00,0.00,3584.00,CASH,REFUNDED,CANCELLED,N/A
ORD-20260809-02291-1D790,2026-08-09 13:50:56,ON_SITE,Maria Clara Santos,Classic Seafood Paella x1,1650.00,198.00,0.00,1848.00,CASH,PAID,COMPLETED,TXN-CAS-89809312
ORD-20260810-00108-6398E,2026-08-10 17:16:45,ON_SITE,Kathryn Bernardo,Seafood Cajun Boil x1,1850.00,222.00,0.00,2072.00,CASH,PAID,COMPLETED,TXN-CAS-60143578
ORD-20260810-04144-169E0,2026-08-10 19:50:29,ON_SITE,Lisa Manoban,Grilled Seafood Platter x2; Sweet & Chili Crab Bucket x1; Garlic Butter Prawns x1,7400.00,888.00,0.00,8288.00,GCASH,PAID,COMPLETED,TXN-GCA-37514502
ORD-20260810-03421-E521C,2026-08-10 20:16:43,ONLINE,Pedro Penduko,Crispy Seafood Basket x2; Classic Seafood Paella x1; Seafood Bilao Feast x2,8410.00,1009.20,75.00,9494.20,GCASH,PAID,COMPLETED,TXN-GCA-41181479
ORD-20260810-04217-796D4,2026-08-10 20:46:57,ONLINE,Pedro Penduko,Grilled Seafood Platter x1,2100.00,252.00,75.00,2427.00,HYBRID (Cash + GCash),PAID,COMPLETED,TXN-HYB-63472466
ORD-20260811-04898-AD767,2026-08-11 14:54:03,ON_SITE,Lisa Manoban,Grilled Seafood Platter x1; Crispy Seafood Basket x1,3080.00,369.60,0.00,3449.60,SPLIT (Cash + GCash),PAID,COMPLETED,TXN-SPL-16124195
ORD-20260811-03920-F284D,2026-08-11 16:45:35,ON_SITE,Dingdong Dantes,Seafood Bilao Feast x2; Crispy Seafood Basket x2,6760.00,811.20,0.00,7571.20,GCASH,PAID,COMPLETED,TXN-GCA-55656722
ORD-20260812-01880-09B6D,2026-08-12 10:51:00,ON_SITE,Katrina Halili,Sweet & Chili Crab Bucket x1; Fresh Calamansi Juice Pitcher x1,2230.00,267.60,0.00,2497.60,CASH,PAID,COMPLETED,TXN-CAS-53697141
ORD-20260812-01693-B35EB,2026-08-12 10:58:37,ONLINE,Lisa Manoban,Classic Seafood Paella x2; Sweet & Chili Crab Bucket x1,5250.00,630.00,100.00,5980.00,MAYA,PAID,COMPLETED,TXN-MAY-24982358
ORD-20260812-02868-F658D,2026-08-12 17:40:10,ON_SITE,Daniel Padilla,Fresh Calamansi Juice Pitcher x1,280.00,33.60,0.00,313.60,HYBRID (Cash + GCash),PAID,COMPLETED,TXN-HYB-39599458
ORD-20260812-04179-4694F,2026-08-12 20:37:48,ONLINE,Mark Bautista,Fresh Calamansi Juice Pitcher x1,280.00,33.60,85.00,398.60,SPLIT (Cash + GCash),PAID,COMPLETED,TXN-SPL-65099466
ORD-20260813-03216-E47CB,2026-08-13 11:14:58,ONLINE,Juan Tamad,Fresh Calamansi Juice Pitcher x1,280.00,33.60,75.00,388.60,GCASH,PAID,COMPLETED,TXN-GCA-36547074
ORD-20260813-04064-074AD,2026-08-13 12:15:24,ONLINE,Mark Bautista,Sweet & Chili Crab Bucket x1; Seafood Bilao Feast x1,4350.00,522.00,100.00,4972.00,GCASH,PAID,COMPLETED,TXN-GCA-94395902
ORD-20260813-00309-1C201,2026-08-13 14:04:29,ON_SITE,Clara Dizon,Grilled Seafood Platter x1,2100.00,252.00,0.00,2352.00,SPLIT (Cash + GCash),PAID,COMPLETED,TXN-SPL-77738147
ORD-20260813-01462-4323E,2026-08-13 17:53:34,ON_SITE,Bea Alonzo,Crispy Seafood Basket x1,980.00,117.60,0.00,1097.60,CASH,PENDING,CANCELLED,N/A
ORD-20260813-04082-8947A,2026-08-13 21:55:50,ONLINE,Ana Reyes,Seafood Cajun Boil x1; Fresh Calamansi Juice Pitcher x1,2130.00,255.60,50.00,2435.60,CASH,REFUNDED,CANCELLED,N/A
ORD-20260814-02822-7527A,2026-08-14 10:16:45,ONLINE,Pedro Penduko,Fresh Calamansi Juice Pitcher x1; Seafood Cajun Boil x1; Crispy Seafood Basket x1,3110.00,373.20,60.00,3543.20,HYBRID (Cash + GCash),PAID,COMPLETED,TXN-HYB-80333455
ORD-20260814-02628-330A1,2026-08-14 13:05:42,ON_SITE,Katrina Halili,Fresh Calamansi Juice Pitcher x2,560.00,67.20,0.00,627.20,CASH,PAID,COMPLETED,TXN-CAS-90278808
ORD-20260814-04764-A66F7,2026-08-14 15:54:57,ONLINE,Ana Reyes,Sweet & Chili Crab Bucket x1,1950.00,234.00,85.00,2269.00,CASH,PENDING,IN_PROCESS,N/A
ORD-20260814-02084-C50D2,2026-08-14 15:55:26,ONLINE,Ana Reyes,Garlic Butter Prawns x1; Grilled Seafood Platter x2,5450.00,654.00,50.00,6154.00,SPLIT (Cash + GCash),PENDING,IN_PROCESS,N/A
ORD-20260815-04147-4EACC,2026-08-15 10:21:21,ON_SITE,Matteo Guidicelli,Sweet & Chili Crab Bucket x2,3900.00,468.00,0.00,4368.00,CASH,PAID,COMPLETED,TXN-CAS-46008978
ORD-20260815-04714-34AE9,2026-08-15 17:12:26,ON_SITE,Sarah Geronimo,Garlic Butter Prawns x2,2500.00,300.00,0.00,2800.00,SPLIT (Cash + GCash),PAID,COMPLETED,TXN-SPL-78028819
ORD-20260816-03104-B569A,2026-08-16 11:31:15,ONLINE,Pedro Penduko,Grilled Seafood Platter x1,2100.00,252.00,60.00,2412.00,GCASH,PAID,COMPLETED,TXN-GCA-85321977
ORD-20260816-00213-88925,2026-08-16 12:02:52,ON_SITE,Pedro Penduko,Seafood Cajun Boil x1,1850.00,222.00,0.00,2072.00,HYBRID (Cash + GCash),PAID,COMPLETED,TXN-HYB-42306954
ORD-20260816-01544-89333,2026-08-16 16:21:55,ONLINE,Juan Tamad,Sweet & Chili Crab Bucket x1; Fresh Calamansi Juice Pitcher x2,2510.00,301.20,100.00,2911.20,MAYA,PAID,COMPLETED,TXN-MAY-63530464
ORD-20260816-02018-E6E8E,2026-08-16 21:22:13,ON_SITE,Matteo Guidicelli,Crispy Seafood Basket x1; Garlic Butter Prawns x1,2230.00,267.60,0.00,2497.60,CASH,PAID,COMPLETED,TXN-CAS-95875545
ORD-20260817-00640-86624,2026-08-17 14:40:40,ON_SITE,Ana Reyes,Fresh Calamansi Juice Pitcher x2; Sweet & Chili Crab Bucket x1; Classic Seafood Paella x1,4160.00,499.20,0.00,4659.20,HYBRID (Cash + GCash),PAID,COMPLETED,TXN-HYB-40263876
ORD-20260817-00481-1F618,2026-08-17 15:20:57,ON_SITE,Ana Reyes,Grilled Seafood Platter x3,6300.00,756.00,0.00,7056.00,MAYA,PAID,COMPLETED,TXN-MAY-29946153
ORD-20260817-01340-75A96,2026-08-17 21:15:05,ONLINE,Mark Bautista,Seafood Cajun Boil x1; Classic Seafood Paella x1,3500.00,420.00,100.00,4020.00,GCASH,PAID,COMPLETED,TXN-GCA-15382982
ORD-20260818-02318-9FC94,2026-08-18 10:24:59,ON_SITE,Marian Rivera,Seafood Cajun Boil x1; Seafood Bilao Feast x2,6650.00,798.00,0.00,7448.00,CASH,PAID,COMPLETED,TXN-CAS-98408483
ORD-20260818-03155-0283A,2026-08-18 11:32:02,ONLINE,Lisa Manoban,Crispy Seafood Basket x2,1960.00,235.20,60.00,2255.20,GCASH,PAID,COMPLETED,TXN-GCA-54756409
ORD-20260818-01352-A91D0,2026-08-18 13:57:11,ON_SITE,Ana Reyes,Crispy Seafood Basket x3,2940.00,352.80,0.00,3292.80,CASH,PAID,COMPLETED,TXN-CAS-54142187
ORD-20260818-02604-9028F,2026-08-18 16:36:45,ON_SITE,Giselle Hernandez,Seafood Bilao Feast x1,2400.00,288.00,0.00,2688.00,CASH,PAID,COMPLETED,TXN-CAS-58520531
ORD-20260818-02972-5A948,2026-08-18 17:49:56,ONLINE,Pedro Penduko,Classic Seafood Paella x2,3300.00,396.00,50.00,3746.00,HYBRID (Cash + GCash),PAID,COMPLETED,TXN-HYB-12362445
ORD-20260818-04886-00FBD,2026-08-18 18:12:28,ON_SITE,Alden Richards,Classic Seafood Paella x1; Garlic Butter Prawns x1,2900.00,348.00,0.00,3248.00,MAYA,PAID,COMPLETED,TXN-MAY-25811234
ORD-20260818-04356-3839B,2026-08-18 19:04:58,ONLINE,Ana Reyes,Sweet & Chili Crab Bucket x1; Garlic Butter Prawns x2,4450.00,534.00,75.00,5059.00,GCASH,PAID,COMPLETED,TXN-GCA-94086872
ORD-20260818-04010-A3EB9,2026-08-18 19:42:50,ONLINE,Lisa Manoban,Classic Seafood Paella x2; Crispy Seafood Basket x1; Seafood Bilao Feast x1,6680.00,801.60,60.00,7541.60,CASH,PAID,COMPLETED,TXN-CAS-98185322
ORD-20260819-01011-21FAC,2026-08-19 11:51:36,ONLINE,Pedro Penduko,Classic Seafood Paella x1,1650.00,198.00,50.00,1898.00,CASH,PAID,COMPLETED,TXN-CAS-85776043
ORD-20260819-03494-63378,2026-08-19 14:59:08,ONLINE,Clara Dizon,Seafood Bilao Feast x1,2400.00,288.00,85.00,2773.00,GCASH,PAID,COMPLETED,TXN-GCA-97654952
ORD-20260819-00759-19C56,2026-08-19 16:06:21,ONLINE,Clara Dizon,Grilled Seafood Platter x1; Seafood Bilao Feast x3,9300.00,1116.00,75.00,10491.00,GCASH,PAID,COMPLETED,TXN-GCA-52536537
ORD-20260819-02297-C4802,2026-08-19 19:22:09,ON_SITE,Juan Tamad,Classic Seafood Paella x1,1650.00,198.00,0.00,1848.00,MAYA,PAID,COMPLETED,TXN-MAY-15569022
ORD-20260819-02344-F879D,2026-08-19 20:18:46,ON_SITE,Pedro Penduko,Seafood Bilao Feast x1,2400.00,288.00,0.00,2688.00,CASH,PAID,COMPLETED,TXN-CAS-39974542
ORD-20260819-00479-4884B,2026-08-19 21:09:21,ON_SITE,Matteo Guidicelli,Seafood Cajun Boil x1; Grilled Seafood Platter x1,3950.00,474.00,0.00,4424.00,GCASH,PAID,COMPLETED,TXN-GCA-94325816
ORD-20260820-01885-3D926,2026-08-20 18:13:40,ONLINE,Juan Tamad,Grilled Seafood Platter x1,2100.00,252.00,75.00,2427.00,HYBRID (Cash + GCash),PAID,COMPLETED,TXN-HYB-30267176
ORD-20260821-00149-00749,2026-08-21 12:03:46,ONLINE,Ana Reyes,Fresh Calamansi Juice Pitcher x1; Seafood Bilao Feast x2,5080.00,609.60,120.00,5809.60,MAYA,PAID,IN_PROCESS,TXN-MAY-38979479
ORD-20260821-03396-1A54A,2026-08-21 19:46:32,ONLINE,Ana Reyes,Classic Seafood Paella x1; Grilled Seafood Platter x1; Seafood Cajun Boil x1,5600.00,672.00,85.00,6357.00,GCASH,PAID,COMPLETED,TXN-GCA-36873184
ORD-20260821-04752-E27A0,2026-08-21 19:54:00,ONLINE,Juan Tamad,Crispy Seafood Basket x3,2940.00,352.80,75.00,3367.80,HYBRID (Cash + GCash),PAID,COMPLETED,TXN-HYB-66929370
ORD-20260822-04953-79A77,2026-08-22 10:00:44,ONLINE,Juan Tamad,Sweet & Chili Crab Bucket x1; Garlic Butter Prawns x1,3200.00,384.00,50.00,3634.00,SPLIT (Cash + GCash),PAID,COMPLETED,TXN-SPL-41773466
ORD-20260822-03088-2DCD3,2026-08-22 10:02:24,ONLINE,Ana Reyes,Seafood Bilao Feast x1; Garlic Butter Prawns x1; Sweet & Chili Crab Bucket x2,7550.00,906.00,60.00,8516.00,GCASH,PAID,COMPLETED,TXN-GCA-25578320
ORD-20260822-02812-E8E9A,2026-08-22 10:23:20,ON_SITE,Katrina Halili,Seafood Cajun Boil x1; Classic Seafood Paella x2; Sweet & Chili Crab Bucket x2,9050.00,1086.00,0.00,10136.00,SPLIT (Cash + GCash),PAID,COMPLETED,TXN-SPL-73481372
ORD-20260822-04507-D86C3,2026-08-22 10:37:28,ONLINE,Lisa Manoban,Crispy Seafood Basket x1; Seafood Bilao Feast x1; Seafood Cajun Boil x1,5230.00,627.60,60.00,5917.60,MAYA,PAID,COMPLETED,TXN-MAY-38077794
ORD-20260822-00037-16C09,2026-08-22 10:42:10,ONLINE,Clara Dizon,Sweet & Chili Crab Bucket x1; Seafood Cajun Boil x1,3800.00,456.00,85.00,4341.00,CASH,PAID,COMPLETED,TXN-CAS-70832253
ORD-20260822-01047-50C40,2026-08-22 10:53:04,ON_SITE,Lisa Manoban,Garlic Butter Prawns x3; Grilled Seafood Platter x1,5850.00,702.00,0.00,6552.00,SPLIT (Cash + GCash),PAID,COMPLETED,TXN-SPL-64615415
ORD-20260822-01283-69AE1,2026-08-22 10:58:57,ONLINE,Ana Reyes,Seafood Cajun Boil x1; Seafood Bilao Feast x1; Classic Seafood Paella x3,9200.00,1104.00,50.00,10354.00,MAYA,PAID,COMPLETED,TXN-MAY-30748620
ORD-20260822-03618-D2146,2026-08-22 11:00:03,ON_SITE,Katrina Halili,Fresh Calamansi Juice Pitcher x1,280.00,33.60,0.00,313.60,SPLIT (Cash + GCash),PAID,COMPLETED,TXN-SPL-78885250
ORD-20260822-03388-30D04,2026-08-22 11:01:20,ONLINE,Ana Reyes,Seafood Cajun Boil x3; Fresh Calamansi Juice Pitcher x1,5830.00,699.60,85.00,6614.60,GCASH,PAID,COMPLETED,TXN-GCA-20383208
ORD-20260822-02384-1730B,2026-08-22 11:13:36,ON_SITE,Ana Reyes,Classic Seafood Paella x1,1650.00,198.00,0.00,1848.00,CASH,PAID,COMPLETED,TXN-CAS-98648936
ORD-20260822-02887-292C5,2026-08-22 11:14:29,ON_SITE,Pedro Penduko,Crispy Seafood Basket x1; Seafood Bilao Feast x1; Fresh Calamansi Juice Pitcher x2,3940.00,472.80,0.00,4412.80,CASH,PAID,COMPLETED,TXN-CAS-25649545
ORD-20260822-03621-55A60,2026-08-22 11:47:26,ONLINE,Mark Bautista,Classic Seafood Paella x1; Seafood Cajun Boil x1; Garlic Butter Prawns x1,4750.00,570.00,85.00,5405.00,MAYA,PAID,COMPLETED,TXN-MAY-92665775
ORD-20260822-02548-0BFB3,2026-08-22 11:51:02,ONLINE,Lisa Manoban,Grilled Seafood Platter x2,4200.00,504.00,100.00,4804.00,GCASH,PAID,COMPLETED,TXN-GCA-43272331
ORD-20260822-02135-8203F,2026-08-22 11:56:44,ON_SITE,Bea Alonzo,Garlic Butter Prawns x1; Crispy Seafood Basket x2; Seafood Cajun Boil x2,6910.00,829.20,0.00,7739.20,CASH,PAID,COMPLETED,TXN-CAS-32739178
ORD-20260822-00267-28CD4,2026-08-22 11:58:59,ON_SITE,Ana Reyes,Seafood Cajun Boil x1; Sweet & Chili Crab Bucket x1,3800.00,456.00,0.00,4256.00,GCASH,PAID,COMPLETED,TXN-GCA-89121127
ORD-20260822-04580-33DC3,2026-08-22 12:13:26,ON_SITE,Carlos Mendoza,Sweet & Chili Crab Bucket x1; Fresh Calamansi Juice Pitcher x1,2230.00,267.60,0.00,2497.60,SPLIT (Cash + GCash),PAID,COMPLETED,TXN-SPL-80124982
ORD-20260822-03429-2F6E1,2026-08-22 12:29:09,ONLINE,Lisa Manoban,Sweet & Chili Crab Bucket x1; Seafood Bilao Feast x1; Crispy Seafood Basket x1,5330.00,639.60,50.00,6019.60,SPLIT (Cash + GCash),PAID,COMPLETED,TXN-SPL-24771239
ORD-20260822-04181-8B54D,2026-08-22 12:30:34,ONLINE,Clara Dizon,Crispy Seafood Basket x1; Classic Seafood Paella x1; Garlic Butter Prawns x1; Seafood Cajun Boil x1,5730.00,687.60,75.00,6492.60,GCASH,PAID,COMPLETED,TXN-GCA-87035706
ORD-20260822-03623-8A85D,2026-08-22 12:35:49,ON_SITE,Ana Reyes,Sweet & Chili Crab Bucket x1,1950.00,234.00,0.00,2184.00,CASH,PAID,COMPLETED,TXN-CAS-14422077
ORD-20260822-01083-CB939,2026-08-22 12:44:20,ON_SITE,Mark Bautista,Seafood Cajun Boil x1; Classic Seafood Paella x1,3500.00,420.00,0.00,3920.00,GCASH,PAID,COMPLETED,TXN-GCA-71776321
ORD-20260822-04666-5DEF5,2026-08-22 12:51:56,ONLINE,Lisa Manoban,Seafood Bilao Feast x1,2400.00,288.00,75.00,2763.00,SPLIT (Cash + GCash),PAID,COMPLETED,TXN-SPL-75081418
ORD-20260822-00547-50738,2026-08-22 12:56:16,ONLINE,Juan Tamad,Seafood Cajun Boil x1; Garlic Butter Prawns x3,5600.00,672.00,120.00,6392.00,GCASH,PAID,COMPLETED,TXN-GCA-53188811
ORD-20260822-03609-E9D0F,2026-08-22 12:56:24,ON_SITE,Lisa Manoban,Sweet & Chili Crab Bucket x2; Seafood Bilao Feast x1,6300.00,756.00,0.00,7056.00,CASH,PAID,COMPLETED,TXN-CAS-77727809
ORD-20260822-03631-53E15,2026-08-22 13:02:23,ONLINE,Clara Dizon,Seafood Bilao Feast x1; Sweet & Chili Crab Bucket x1,4350.00,522.00,75.00,4947.00,GCASH,PAID,COMPLETED,TXN-GCA-68150988
ORD-20260822-03115-A8337,2026-08-22 13:05:29,ONLINE,Ana Reyes,Grilled Seafood Platter x1; Garlic Butter Prawns x1; Crispy Seafood Basket x1,4330.00,519.60,120.00,4969.60,GCASH,PAID,COMPLETED,TXN-GCA-25816898
ORD-20260822-00195-D11BD,2026-08-22 13:34:43,ON_SITE,Marian Rivera,Classic Seafood Paella x1,1650.00,198.00,0.00,1848.00,CASH,PAID,COMPLETED,TXN-CAS-48463475
ORD-20260822-01390-AA293,2026-08-22 13:38:57,ON_SITE,Ana Reyes,Classic Seafood Paella x1; Fresh Calamansi Juice Pitcher x1; Crispy Seafood Basket x2,3890.00,466.80,0.00,4356.80,GCASH,PAID,COMPLETED,TXN-GCA-30993585
ORD-20260822-04157-C2816,2026-08-22 13:49:38,ON_SITE,Joshua Garcia,Crispy Seafood Basket x3; Fresh Calamansi Juice Pitcher x2; Seafood Bilao Feast x1,5900.00,708.00,0.00,6608.00,GCASH,PAID,COMPLETED,TXN-GCA-32705644
ORD-20260822-03393-45F5E,2026-08-22 14:02:56,ON_SITE,Pedro Penduko,Garlic Butter Prawns x2; Fresh Calamansi Juice Pitcher x1,2780.00,333.60,0.00,3113.60,CASH,PAID,COMPLETED,TXN-CAS-50924531
ORD-20260822-04050-29FA1,2026-08-22 14:19:23,ON_SITE,Ana Reyes,Classic Seafood Paella x3; Sweet & Chili Crab Bucket x2,8850.00,1062.00,0.00,9912.00,HYBRID (Cash + GCash),PAID,COMPLETED,TXN-HYB-52930240
ORD-20260822-02303-71ACE,2026-08-22 14:26:45,ONLINE,Lisa Manoban,Seafood Cajun Boil x1,1850.00,222.00,50.00,2122.00,SPLIT (Cash + GCash),PAID,COMPLETED,TXN-SPL-57612515
ORD-20260822-01034-12D41,2026-08-22 14:30:27,ONLINE,Ana Reyes,Seafood Cajun Boil x1,1850.00,222.00,120.00,2192.00,SPLIT (Cash + GCash),PAID,COMPLETED,TXN-SPL-85828463
ORD-20260822-01752-AF6E6,2026-08-22 14:32:21,ONLINE,Clara Dizon,Garlic Butter Prawns x2; Grilled Seafood Platter x1,4600.00,552.00,60.00,5212.00,HYBRID (Cash + GCash),PAID,COMPLETED,TXN-HYB-74832448
ORD-20260822-00776-10E76,2026-08-22 14:36:42,ONLINE,Clara Dizon,Seafood Cajun Boil x1,1850.00,222.00,60.00,2132.00,GCASH,PAID,COMPLETED,TXN-GCA-88363128
ORD-20260822-03069-7882F,2026-08-22 14:46:16,ONLINE,Ana Reyes,Seafood Cajun Boil x1,1850.00,222.00,60.00,2132.00,SPLIT (Cash + GCash),PAID,COMPLETED,TXN-SPL-77083393
ORD-20260822-00716-8F3E4,2026-08-22 14:58:41,ONLINE,Ana Reyes,Grilled Seafood Platter x3,6300.00,756.00,75.00,7131.00,SPLIT (Cash + GCash),PAID,COMPLETED,TXN-SPL-98836511
ORD-20260822-01698-9ADF8,2026-08-22 14:58:46,ON_SITE,Dindo Dela Cruz,Classic Seafood Paella x1; Crispy Seafood Basket x2,3610.00,433.20,0.00,4043.20,GCASH,PAID,COMPLETED,TXN-GCA-97500311
ORD-20260822-04279-AA1E9,2026-08-22 15:06:07,ON_SITE,Clara Dizon,Sweet & Chili Crab Bucket x2; Crispy Seafood Basket x2; Garlic Butter Prawns x1,7110.00,853.20,0.00,7963.20,CASH,PAID,COMPLETED,TXN-CAS-72095131
ORD-20260822-00714-EF2D8,2026-08-22 15:07:42,ONLINE,Lisa Manoban,Grilled Seafood Platter x1; Crispy Seafood Basket x1,3080.00,369.60,60.00,3509.60,GCASH,PAID,COMPLETED,TXN-GCA-24152963
ORD-20260822-00832-61286,2026-08-22 15:10:15,ON_SITE,Ana Reyes,Grilled Seafood Platter x1; Garlic Butter Prawns x1,3350.00,402.00,0.00,3752.00,SPLIT (Cash + GCash),PAID,COMPLETED,TXN-SPL-91567386
ORD-20260822-01398-75FA7,2026-08-22 15:11:58,ON_SITE,Giselle Hernandez,Fresh Calamansi Juice Pitcher x1; Seafood Bilao Feast x3,7480.00,897.60,0.00,8377.60,CASH,PAID,COMPLETED,TXN-CAS-42274640
ORD-20260822-00538-DD9F8,2026-08-22 15:42:58,ONLINE,Ana Reyes,Fresh Calamansi Juice Pitcher x2; Grilled Seafood Platter x1,2660.00,319.20,85.00,3064.20,HYBRID (Cash + GCash),PAID,COMPLETED,TXN-HYB-76840088
ORD-20260822-02029-E51F8,2026-08-22 15:53:21,ON_SITE,Joshua Garcia,Sweet & Chili Crab Bucket x1,1950.00,234.00,0.00,2184.00,SPLIT (Cash + GCash),PAID,COMPLETED,TXN-SPL-34616452
ORD-20260822-02894-BF185,2026-08-22 15:53:22,ON_SITE,Pedro Penduko,Grilled Seafood Platter x1; Crispy Seafood Basket x1; Garlic Butter Prawns x3,6830.00,819.60,0.00,7649.60,CASH,PAID,COMPLETED,TXN-CAS-94893971
ORD-20260822-04467-04BD0,2026-08-22 16:10:36,ONLINE,Pedro Penduko,Seafood Cajun Boil x1,1850.00,222.00,85.00,2157.00,MAYA,PAID,COMPLETED,TXN-MAY-43040304
ORD-20260822-03457-D6BC7,2026-08-22 16:17:10,ON_SITE,Clara Dizon,Seafood Cajun Boil x1,1850.00,222.00,0.00,2072.00,CASH,PAID,COMPLETED,TXN-CAS-94358290
ORD-20260822-01692-B32C7,2026-08-22 16:20:32,ONLINE,Juan Tamad,Fresh Calamansi Juice Pitcher x1,280.00,33.60,75.00,388.60,GCASH,PAID,COMPLETED,TXN-GCA-34141161
ORD-20260822-01189-45664,2026-08-22 16:30:57,ON_SITE,Juan Tamad,Garlic Butter Prawns x1,1250.00,150.00,0.00,1400.00,GCASH,PAID,COMPLETED,TXN-GCA-33375871
ORD-20260822-00432-FD648,2026-08-22 16:34:45,ON_SITE,Katrina Halili,Grilled Seafood Platter x2,4200.00,504.00,0.00,4704.00,GCASH,PAID,COMPLETED,TXN-GCA-32187820
ORD-20260822-02612-C82DC,2026-08-22 16:49:59,ONLINE,Ana Reyes,Grilled Seafood Platter x1,2100.00,252.00,120.00,2472.00,GCASH,PAID,COMPLETED,TXN-GCA-21090973
ORD-20260822-01320-0E857,2026-08-22 16:57:52,ON_SITE,Juan Tamad,Classic Seafood Paella x1; Fresh Calamansi Juice Pitcher x1,1930.00,231.60,0.00,2161.60,CASH,REFUNDED,CANCELLED,N/A
ORD-20260822-04333-97717,2026-08-22 16:59:22,ONLINE,Mark Bautista,Garlic Butter Prawns x1; Classic Seafood Paella x1,2900.00,348.00,85.00,3333.00,CASH,PAID,COMPLETED,TXN-CAS-73010270
ORD-20260822-02455-BB7D6,2026-08-22 17:00:19,ON_SITE,Dindo Dela Cruz,Classic Seafood Paella x1,1650.00,198.00,0.00,1848.00,GCASH,PAID,COMPLETED,TXN-GCA-59207234
ORD-20260822-01215-627EC,2026-08-22 17:02:17,ONLINE,Mark Bautista,Garlic Butter Prawns x1; Classic Seafood Paella x2,4550.00,546.00,100.00,5196.00,HYBRID (Cash + GCash),PENDING,CANCELLED,N/A
ORD-20260822-03862-397BF,2026-08-22 17:15:48,ON_SITE,Clara Dizon,Sweet & Chili Crab Bucket x1,1950.00,234.00,0.00,2184.00,GCASH,PAID,IN_PROCESS,TXN-GCA-88633770
ORD-20260822-00610-B8AE4,2026-08-22 17:17:23,ONLINE,Pedro Penduko,Seafood Cajun Boil x1,1850.00,222.00,100.00,2172.00,GCASH,PAID,COMPLETED,TXN-GCA-12068177
ORD-20260822-02236-9423F,2026-08-22 17:22:15,ON_SITE,Kathryn Bernardo,Classic Seafood Paella x1,1650.00,198.00,0.00,1848.00,HYBRID (Cash + GCash),PAID,COMPLETED,TXN-HYB-78754338
ORD-20260822-04624-3F89B,2026-08-22 17:44:15,ON_SITE,Ana Reyes,Fresh Calamansi Juice Pitcher x2; Sweet & Chili Crab Bucket x1; Grilled Seafood Platter x1,4610.00,553.20,0.00,5163.20,CASH,REFUNDED,CANCELLED,N/A
ORD-20260822-04386-A1042,2026-08-22 17:58:01,ON_SITE,Pedro Penduko,Garlic Butter Prawns x1,1250.00,150.00,0.00,1400.00,CASH,PAID,COMPLETED,TXN-CAS-28210099
ORD-20260822-00234-9CE67,2026-08-22 17:59:46,ONLINE,Mark Bautista,Sweet & Chili Crab Bucket x2; Seafood Bilao Feast x1,6300.00,756.00,120.00,7176.00,GCASH,PAID,COMPLETED,TXN-GCA-34364219
ORD-20260822-00059-DAB42,2026-08-22 18:05:58,ON_SITE,Pedro Penduko,Sweet & Chili Crab Bucket x1; Garlic Butter Prawns x1,3200.00,384.00,0.00,3584.00,GCASH,PAID,COMPLETED,TXN-GCA-57261018
ORD-20260822-01207-EBE22,2026-08-22 18:17:26,ONLINE,Pedro Penduko,Garlic Butter Prawns x1,1250.00,150.00,60.00,1460.00,MAYA,PAID,COMPLETED,TXN-MAY-48462645
ORD-20260822-04457-21DF2,2026-08-22 18:19:36,ON_SITE,Katrina Halili,Grilled Seafood Platter x1,2100.00,252.00,0.00,2352.00,GCASH,PAID,COMPLETED,TXN-GCA-81327732
ORD-20260822-04608-86822,2026-08-22 18:25:59,ONLINE,Clara Dizon,Fresh Calamansi Juice Pitcher x2,560.00,67.20,60.00,687.20,GCASH,PAID,COMPLETED,TXN-GCA-75403039
ORD-20260822-04668-033DA,2026-08-22 18:40:36,ONLINE,Lisa Manoban,Grilled Seafood Platter x1; Seafood Bilao Feast x1,4500.00,540.00,60.00,5100.00,HYBRID (Cash + GCash),PAID,COMPLETED,TXN-HYB-45645220
ORD-20260822-03246-AA108,2026-08-22 18:44:52,ONLINE,Clara Dizon,Fresh Calamansi Juice Pitcher x1; Sweet & Chili Crab Bucket x2; Seafood Cajun Boil x2,7880.00,945.60,60.00,8885.60,GCASH,PAID,COMPLETED,TXN-GCA-73873171
ORD-20260822-03047-476A7,2026-08-22 18:53:27,ON_SITE,Bea Alonzo,Classic Seafood Paella x1; Crispy Seafood Basket x1; Grilled Seafood Platter x1,4730.00,567.60,0.00,5297.60,GCASH,PAID,COMPLETED,TXN-GCA-48584666
ORD-20260822-04337-E7998,2026-08-22 19:03:04,ON_SITE,Clara Dizon,Sweet & Chili Crab Bucket x3,5850.00,702.00,0.00,6552.00,GCASH,PAID,COMPLETED,TXN-GCA-45159556
ORD-20260822-02986-54C00,2026-08-22 19:03:58,ON_SITE,Ana Reyes,Crispy Seafood Basket x1,980.00,117.60,0.00,1097.60,CASH,PAID,COMPLETED,TXN-CAS-53745050
ORD-20260822-01924-BEEAE,2026-08-22 19:19:46,ON_SITE,Clara Dizon,Classic Seafood Paella x1; Grilled Seafood Platter x1,3750.00,450.00,0.00,4200.00,GCASH,PAID,IN_PROCESS,TXN-GCA-46556813
ORD-20260822-00006-4A55C,2026-08-22 19:33:44,ONLINE,Lisa Manoban,Garlic Butter Prawns x1; Fresh Calamansi Juice Pitcher x1,1530.00,183.60,120.00,1833.60,GCASH,PAID,COMPLETED,TXN-GCA-71063525
ORD-20260822-00615-B8AF9,2026-08-22 19:36:29,ONLINE,Lisa Manoban,Garlic Butter Prawns x1; Sweet & Chili Crab Bucket x1; Grilled Seafood Platter x1,5300.00,636.00,60.00,5996.00,SPLIT (Cash + GCash),PAID,COMPLETED,TXN-SPL-80162812
ORD-20260822-03908-7ACAE,2026-08-22 19:36:43,ON_SITE,Mark Bautista,Grilled Seafood Platter x1,2100.00,252.00,0.00,2352.00,CASH,PAID,COMPLETED,TXN-CAS-68041370
ORD-20260822-02106-147F7,2026-08-22 19:39:12,ONLINE,Clara Dizon,Sweet & Chili Crab Bucket x1; Fresh Calamansi Juice Pitcher x1; Crispy Seafood Basket x1; Grilled Seafood Platter x1,5310.00,637.20,50.00,5997.20,SPLIT (Cash + GCash),PAID,COMPLETED,TXN-SPL-76951349
ORD-20260822-02299-951A6,2026-08-22 19:57:26,ONLINE,Mark Bautista,Fresh Calamansi Juice Pitcher x2,560.00,67.20,75.00,702.20,GCASH,PAID,COMPLETED,TXN-GCA-72584763
ORD-20260822-03547-4C054,2026-08-22 20:08:07,ON_SITE,Matteo Guidicelli,Grilled Seafood Platter x1,2100.00,252.00,0.00,2352.00,CASH,PAID,COMPLETED,TXN-CAS-34397820
ORD-20260822-02002-5609E,2026-08-22 20:08:20,ONLINE,Ana Reyes,Seafood Cajun Boil x1,1850.00,222.00,50.00,2122.00,GCASH,PAID,COMPLETED,TXN-GCA-17571958
ORD-20260822-03666-008AD,2026-08-22 20:15:10,ON_SITE,Carlos Mendoza,Grilled Seafood Platter x2; Sweet & Chili Crab Bucket x3,10050.00,1206.00,0.00,11256.00,GCASH,PAID,COMPLETED,TXN-GCA-39167003
ORD-20260822-04109-B647D,2026-08-22 20:20:57,ON_SITE,Pedro Penduko,Seafood Cajun Boil x1,1850.00,222.00,0.00,2072.00,SPLIT (Cash + GCash),PAID,COMPLETED,TXN-SPL-84850680
ORD-20260822-03372-76895,2026-08-22 20:30:12,ONLINE,Ana Reyes,Crispy Seafood Basket x1; Seafood Cajun Boil x1; Sweet & Chili Crab Bucket x1; Grilled Seafood Platter x1,6880.00,825.60,120.00,7825.60,MAYA,PAID,COMPLETED,TXN-MAY-94575357
ORD-20260822-04268-66189,2026-08-22 20:31:15,ON_SITE,Maria Clara Santos,Garlic Butter Prawns x2; Fresh Calamansi Juice Pitcher x1,2780.00,333.60,0.00,3113.60,HYBRID (Cash + GCash),PAID,IN_PROCESS,TXN-HYB-40777944
ORD-20260822-02995-77EA4,2026-08-22 20:36:37,ON_SITE,Kathryn Bernardo,Seafood Bilao Feast x1; Grilled Seafood Platter x1,4500.00,540.00,0.00,5040.00,GCASH,PAID,COMPLETED,TXN-GCA-91745106
ORD-20260822-00317-A355E,2026-08-22 20:38:08,ONLINE,Juan Tamad,Seafood Bilao Feast x2,4800.00,576.00,75.00,5451.00,HYBRID (Cash + GCash),PAID,COMPLETED,TXN-HYB-50030373
ORD-20260822-00520-76D45,2026-08-22 20:44:41,ON_SITE,Ferdinand Marcos,Grilled Seafood Platter x1; Sweet & Chili Crab Bucket x1,4050.00,486.00,0.00,4536.00,CASH,PAID,COMPLETED,TXN-CAS-64875910
ORD-20260822-02921-58F1F,2026-08-22 20:52:05,ONLINE,Clara Dizon,Classic Seafood Paella x1; Seafood Bilao Feast x1,4050.00,486.00,60.00,4596.00,COD,PAID,COMPLETED,TXN-COD-56918454
ORD-20260822-03252-4B7D0,2026-08-22 20:54:53,ONLINE,Mark Bautista,Fresh Calamansi Juice Pitcher x2; Classic Seafood Paella x1,2210.00,265.20,85.00,2560.20,GCASH,PAID,COMPLETED,TXN-GCA-58036420
ORD-20260822-02471-70339,2026-08-22 21:03:42,ON_SITE,Mark Bautista,Crispy Seafood Basket x1,980.00,117.60,0.00,1097.60,HYBRID (Cash + GCash),PAID,COMPLETED,TXN-HYB-16614783
ORD-20260822-03300-042B4,2026-08-22 21:15:58,ONLINE,Pedro Penduko,Garlic Butter Prawns x1,1250.00,150.00,50.00,1450.00,HYBRID (Cash + GCash),PAID,COMPLETED,TXN-HYB-76632868
ORD-20260822-01358-4299F,2026-08-22 21:22:13,ONLINE,Juan Tamad,Seafood Cajun Boil x1,1850.00,222.00,60.00,2132.00,GCASH,PAID,COMPLETED,TXN-GCA-33432895
ORD-20260822-00888-5BCD3,2026-08-22 21:26:31,ON_SITE,Pedro Penduko,Seafood Cajun Boil x1; Fresh Calamansi Juice Pitcher x2; Grilled Seafood Platter x3,8710.00,1045.20,0.00,9755.20,CASH,PAID,COMPLETED,TXN-CAS-71122326
ORD-20260822-00736-6B37C,2026-08-22 21:27:07,ONLINE,Juan Tamad,Seafood Bilao Feast x2; Sweet & Chili Crab Bucket x1,6750.00,810.00,120.00,7680.00,SPLIT (Cash + GCash),PAID,COMPLETED,TXN-SPL-41323363
ORD-20260822-03241-5E1E4,2026-08-22 21:39:31,ON_SITE,Dindo Dela Cruz,Fresh Calamansi Juice Pitcher x1,280.00,33.60,0.00,313.60,CASH,PAID,COMPLETED,TXN-CAS-22947782
ORD-20260822-03383-12D88,2026-08-22 21:49:54,ONLINE,Clara Dizon,Sweet & Chili Crab Bucket x2; Seafood Cajun Boil x3,9450.00,1134.00,75.00,10659.00,GCASH,PAID,COMPLETED,TXN-GCA-53577482
ORD-20260822-02849-54C2D,2026-08-22 21:54:14,ONLINE,Mark Bautista,Sweet & Chili Crab Bucket x1,1950.00,234.00,85.00,2269.00,SPLIT (Cash + GCash),PAID,COMPLETED,TXN-SPL-30393263
ORD-20260823-02558-81225,2026-08-23 10:04:15,ON_SITE,Clara Dizon,Grilled Seafood Platter x1,2100.00,252.00,0.00,2352.00,SPLIT (Cash + GCash),PAID,COMPLETED,TXN-SPL-41382651
ORD-20260823-04676-5AAE0,2026-08-23 10:18:13,ONLINE,Juan Tamad,Grilled Seafood Platter x1; Crispy Seafood Basket x1; Seafood Cajun Boil x1,4930.00,591.60,75.00,5596.60,GCASH,PAID,COMPLETED,TXN-GCA-35156295
ORD-20260823-03023-8E72C,2026-08-23 10:18:44,ON_SITE,Juan Tamad,Fresh Calamansi Juice Pitcher x1; Classic Seafood Paella x1; Garlic Butter Prawns x1; Sweet & Chili Crab Bucket x1,5130.00,615.60,0.00,5745.60,HYBRID (Cash + GCash),PAID,COMPLETED,TXN-HYB-49857539
ORD-20260823-00098-819DF,2026-08-23 10:30:32,ONLINE,Clara Dizon,Seafood Bilao Feast x1,2400.00,288.00,100.00,2788.00,HYBRID (Cash + GCash),PAID,COMPLETED,TXN-HYB-82453139
ORD-20260823-01143-DAA1F,2026-08-23 10:31:12,ON_SITE,Ana Reyes,Grilled Seafood Platter x1,2100.00,252.00,0.00,2352.00,GCASH,PAID,COMPLETED,TXN-GCA-83363568
ORD-20260823-00259-74E8C,2026-08-23 10:35:03,ONLINE,Mark Bautista,Seafood Bilao Feast x2,4800.00,576.00,50.00,5426.00,HYBRID (Cash + GCash),PAID,COMPLETED,TXN-HYB-30114167
ORD-20260823-02619-4FCEB,2026-08-23 10:35:47,ONLINE,Lisa Manoban,Classic Seafood Paella x2,3300.00,396.00,100.00,3796.00,GCASH,PAID,COMPLETED,TXN-GCA-57530441
ORD-20260823-02365-F63DB,2026-08-23 10:45:46,ONLINE,Clara Dizon,Fresh Calamansi Juice Pitcher x2,560.00,67.20,60.00,687.20,MAYA,PAID,COMPLETED,TXN-MAY-47170332
ORD-20260823-02440-1275A,2026-08-23 10:52:09,ONLINE,Juan Tamad,Fresh Calamansi Juice Pitcher x1; Crispy Seafood Basket x1; Classic Seafood Paella x1,2910.00,349.20,100.00,3359.20,HYBRID (Cash + GCash),PENDING,IN_PROCESS,N/A
ORD-20260823-03836-55BE0,2026-08-23 10:58:03,ON_SITE,Joshua Garcia,Seafood Cajun Boil x1,1850.00,222.00,0.00,2072.00,GCASH,FAILED,CANCELLED,N/A
ORD-20260823-02343-EB08D,2026-08-23 11:04:45,ON_SITE,Pedro Penduko,Seafood Bilao Feast x1; Classic Seafood Paella x1; Crispy Seafood Basket x3,6990.00,838.80,0.00,7828.80,GCASH,PAID,COMPLETED,TXN-GCA-84020665
ORD-20260823-00630-CDE3F,2026-08-23 11:37:53,ON_SITE,Katrina Halili,Classic Seafood Paella x2; Crispy Seafood Basket x1; Seafood Bilao Feast x1; Sweet & Chili Crab Bucket x1,8630.00,1035.60,0.00,9665.60,CASH,PAID,COMPLETED,TXN-CAS-76319554
ORD-20260823-01606-FA3D8,2026-08-23 11:42:56,ONLINE,Pedro Penduko,Garlic Butter Prawns x2,2500.00,300.00,60.00,2860.00,CASH,PAID,COMPLETED,TXN-CAS-79616251
ORD-20260823-00442-551CA,2026-08-23 11:51:26,ONLINE,Lisa Manoban,Grilled Seafood Platter x1; Crispy Seafood Basket x1,3080.00,369.60,75.00,3524.60,GCASH,PENDING,IN_PROCESS,N/A
ORD-20260823-02715-C1461,2026-08-23 11:59:21,ONLINE,Mark Bautista,Grilled Seafood Platter x1; Seafood Cajun Boil x1; Classic Seafood Paella x1; Sweet & Chili Crab Bucket x1,7550.00,906.00,120.00,8576.00,GCASH,PAID,COMPLETED,TXN-GCA-52513267
ORD-20260823-02112-16758,2026-08-23 12:00:19,ON_SITE,Pedro Penduko,Sweet & Chili Crab Bucket x1,1950.00,234.00,0.00,2184.00,GCASH,PAID,COMPLETED,TXN-GCA-28053455
ORD-20260823-00483-5C3C1,2026-08-23 12:00:57,ON_SITE,Ana Reyes,Seafood Bilao Feast x1; Sweet & Chili Crab Bucket x1; Garlic Butter Prawns x1,5600.00,672.00,0.00,6272.00,HYBRID (Cash + GCash),PAID,COMPLETED,TXN-HYB-84727403
ORD-20260823-01863-BB54B,2026-08-23 12:02:06,ONLINE,Clara Dizon,Crispy Seafood Basket x1; Sweet & Chili Crab Bucket x1; Fresh Calamansi Juice Pitcher x1; Seafood Bilao Feast x1,5610.00,673.20,50.00,6333.20,SPLIT (Cash + GCash),PAID,COMPLETED,TXN-SPL-43598091
ORD-20260823-01498-E0CCA,2026-08-23 12:03:49,ONLINE,Clara Dizon,Seafood Bilao Feast x1; Fresh Calamansi Juice Pitcher x1,2680.00,321.60,75.00,3076.60,MAYA,PAID,COMPLETED,TXN-MAY-34046732
ORD-20260823-03375-A7E06,2026-08-23 12:13:01,ONLINE,Clara Dizon,Grilled Seafood Platter x1,2100.00,252.00,60.00,2412.00,CASH,PAID,COMPLETED,TXN-CAS-84845960
ORD-20260823-01897-5C2B5,2026-08-23 12:13:52,ON_SITE,Ramon Magsaysay Jr.,Crispy Seafood Basket x3,2940.00,352.80,0.00,3292.80,CASH,PAID,COMPLETED,TXN-CAS-13327949
ORD-20260823-03180-609A4,2026-08-23 12:29:15,ONLINE,Juan Tamad,Grilled Seafood Platter x2; Seafood Cajun Boil x2; Crispy Seafood Basket x1; Sweet & Chili Crab Bucket x1,10830.00,1299.60,85.00,12214.60,MAYA,PAID,COMPLETED,TXN-MAY-16253083
ORD-20260823-02166-E3371,2026-08-23 12:31:36,ON_SITE,Mark Bautista,Classic Seafood Paella x1; Garlic Butter Prawns x1; Grilled Seafood Platter x2,7100.00,852.00,0.00,7952.00,CASH,PAID,COMPLETED,TXN-CAS-28473593
ORD-20260823-03460-C9D3A,2026-08-23 12:50:02,ONLINE,Mark Bautista,Crispy Seafood Basket x1; Seafood Bilao Feast x1,3380.00,405.60,120.00,3905.60,CASH,PAID,IN_PROCESS,TXN-CAS-77805652
ORD-20260823-01450-F6F97,2026-08-23 12:56:55,ON_SITE,Matteo Guidicelli,Fresh Calamansi Juice Pitcher x2; Garlic Butter Prawns x1; Seafood Cajun Boil x1,3660.00,439.20,0.00,4099.20,GCASH,PAID,COMPLETED,TXN-GCA-88260618
ORD-20260823-00661-40CCD,2026-08-23 12:58:15,ON_SITE,Pedro Penduko,Seafood Cajun Boil x3,5550.00,666.00,0.00,6216.00,CASH,PAID,COMPLETED,TXN-CAS-27699705
ORD-20260823-02645-38A1B,2026-08-23 12:59:16,ONLINE,Mark Bautista,Classic Seafood Paella x1,1650.00,198.00,60.00,1908.00,GCASH,PAID,COMPLETED,TXN-GCA-35710521
ORD-20260823-02148-5BF35,2026-08-23 13:15:32,ON_SITE,Bea Alonzo,Garlic Butter Prawns x2; Grilled Seafood Platter x2,6700.00,804.00,0.00,7504.00,CASH,PAID,COMPLETED,TXN-CAS-32964362
ORD-20260823-04765-5A274,2026-08-23 13:21:50,ON_SITE,Ana Reyes,Classic Seafood Paella x1,1650.00,198.00,0.00,1848.00,SPLIT (Cash + GCash),PAID,COMPLETED,TXN-SPL-16690600
ORD-20260823-02173-E5A6A,2026-08-23 13:23:33,ONLINE,Juan Tamad,Seafood Cajun Boil x1; Seafood Bilao Feast x1,4250.00,510.00,75.00,4835.00,COD,PAID,COMPLETED,TXN-COD-58293457
ORD-20260823-04446-180C8,2026-08-23 13:23:54,ON_SITE,Joshua Garcia,Seafood Cajun Boil x2,3700.00,444.00,0.00,4144.00,GCASH,PAID,COMPLETED,TXN-GCA-72681645
ORD-20260823-04842-D418A,2026-08-23 13:31:46,ON_SITE,Juan Tamad,Grilled Seafood Platter x1; Garlic Butter Prawns x2,4600.00,552.00,0.00,5152.00,HYBRID (Cash + GCash),PAID,COMPLETED,TXN-HYB-43170320
ORD-20260823-04392-B7838,2026-08-23 13:35:47,ON_SITE,Ramon Magsaysay Jr.,Grilled Seafood Platter x1; Garlic Butter Prawns x2; Seafood Cajun Boil x2,8300.00,996.00,0.00,9296.00,CASH,PAID,COMPLETED,TXN-CAS-39691090
ORD-20260823-03819-82C94,2026-08-23 13:39:52,ONLINE,Pedro Penduko,Seafood Bilao Feast x1,2400.00,288.00,75.00,2763.00,MAYA,PAID,COMPLETED,TXN-MAY-14491014
ORD-20260823-02508-F083C,2026-08-23 13:44:27,ONLINE,Mark Bautista,Crispy Seafood Basket x1,980.00,117.60,75.00,1172.60,GCASH,PAID,COMPLETED,TXN-GCA-74484638
ORD-20260823-01703-9C875,2026-08-23 13:45:26,ON_SITE,Daniel Padilla,Fresh Calamansi Juice Pitcher x1; Sweet & Chili Crab Bucket x1; Classic Seafood Paella x1; Seafood Cajun Boil x1,5730.00,687.60,0.00,6417.60,CASH,PAID,COMPLETED,TXN-CAS-66162882
ORD-20260823-00287-C75C0,2026-08-23 13:50:17,ONLINE,Lisa Manoban,Fresh Calamansi Juice Pitcher x1,280.00,33.60,75.00,388.60,GCASH,PAID,COMPLETED,TXN-GCA-36565125
ORD-20260823-03697-D882B,2026-08-23 14:04:18,ONLINE,Lisa Manoban,Grilled Seafood Platter x2,4200.00,504.00,50.00,4754.00,GCASH,PAID,COMPLETED,TXN-GCA-95578841
ORD-20260823-00190-350EC,2026-08-23 14:14:18,ONLINE,Juan Tamad,Fresh Calamansi Juice Pitcher x1,280.00,33.60,60.00,373.60,SPLIT (Cash + GCash),PAID,COMPLETED,TXN-SPL-15623102
ORD-20260823-02838-F2ED7,2026-08-23 14:15:22,ON_SITE,Juan Tamad,Sweet & Chili Crab Bucket x1,1950.00,234.00,0.00,2184.00,SPLIT (Cash + GCash),PAID,COMPLETED,TXN-SPL-71316801
ORD-20260823-02872-E4EE1,2026-08-23 14:40:07,ONLINE,Juan Tamad,Grilled Seafood Platter x2; Seafood Cajun Boil x1; Seafood Bilao Feast x2,10850.00,1302.00,120.00,12272.00,SPLIT (Cash + GCash),PAID,COMPLETED,TXN-SPL-35006986
ORD-20260823-02785-51D0C,2026-08-23 14:46:04,ONLINE,Ana Reyes,Grilled Seafood Platter x1; Classic Seafood Paella x1,3750.00,450.00,120.00,4320.00,HYBRID (Cash + GCash),PAID,COMPLETED,TXN-HYB-42766318
ORD-20260823-04288-76AE3,2026-08-23 14:46:28,ONLINE,Ana Reyes,Seafood Cajun Boil x1; Classic Seafood Paella x1,3500.00,420.00,60.00,3980.00,HYBRID (Cash + GCash),PAID,COMPLETED,TXN-HYB-66572690
ORD-20260823-02143-F853D,2026-08-23 15:03:21,ON_SITE,Alden Richards,Fresh Calamansi Juice Pitcher x1,280.00,33.60,0.00,313.60,CASH,PAID,COMPLETED,TXN-CAS-92217353
ORD-20260823-03352-0B6BC,2026-08-23 15:44:14,ON_SITE,Mark Bautista,Seafood Cajun Boil x1; Crispy Seafood Basket x1; Fresh Calamansi Juice Pitcher x1,3110.00,373.20,0.00,3483.20,CASH,PAID,COMPLETED,TXN-CAS-18743457
ORD-20260823-01482-C02B4,2026-08-23 15:54:23,ONLINE,Mark Bautista,Seafood Bilao Feast x1,2400.00,288.00,100.00,2788.00,GCASH,PAID,COMPLETED,TXN-GCA-61983558
ORD-20260823-02024-A2CE8,2026-08-23 15:57:35,ONLINE,Lisa Manoban,Sweet & Chili Crab Bucket x1,1950.00,234.00,85.00,2269.00,CASH,PAID,COMPLETED,TXN-CAS-21117517
ORD-20260823-03540-4C665,2026-08-23 15:57:55,ON_SITE,Juan Tamad,Seafood Bilao Feast x1; Fresh Calamansi Juice Pitcher x1; Sweet & Chili Crab Bucket x1,4630.00,555.60,0.00,5185.60,SPLIT (Cash + GCash),PAID,COMPLETED,TXN-SPL-35617184
ORD-20260823-02944-8E9D4,2026-08-23 16:14:10,ON_SITE,Ana Reyes,Seafood Cajun Boil x1; Seafood Bilao Feast x1; Grilled Seafood Platter x2; Classic Seafood Paella x1,10100.00,1212.00,0.00,11312.00,GCASH,PAID,COMPLETED,TXN-GCA-63617289
ORD-20260823-03487-5C0BB,2026-08-23 16:19:04,ON_SITE,Pedro Penduko,Seafood Bilao Feast x2; Crispy Seafood Basket x2,6760.00,811.20,0.00,7571.20,SPLIT (Cash + GCash),PAID,COMPLETED,TXN-SPL-89656848
ORD-20260823-04245-8BEA3,2026-08-23 16:40:08,ONLINE,Mark Bautista,Grilled Seafood Platter x1; Seafood Bilao Feast x1; Classic Seafood Paella x1; Fresh Calamansi Juice Pitcher x1,6430.00,771.60,85.00,7286.60,MAYA,PENDING,CANCELLED,N/A
ORD-20260823-01655-96A1A,2026-08-23 17:04:13,ON_SITE,Lisa Manoban,Seafood Cajun Boil x2,3700.00,444.00,0.00,4144.00,GCASH,PAID,COMPLETED,TXN-GCA-57947584
ORD-20260823-00390-3259D,2026-08-23 17:05:44,ON_SITE,Lisa Manoban,Sweet & Chili Crab Bucket x1; Seafood Bilao Feast x1; Seafood Cajun Boil x1,6200.00,744.00,0.00,6944.00,CASH,PAID,COMPLETED,TXN-CAS-27349596
ORD-20260823-04934-0F7DD,2026-08-23 17:06:52,ONLINE,Ana Reyes,Grilled Seafood Platter x2,4200.00,504.00,100.00,4804.00,HYBRID (Cash + GCash),PAID,COMPLETED,TXN-HYB-22136986
ORD-20260823-01859-C7039,2026-08-23 17:24:07,ON_SITE,Maria Clara Santos,Garlic Butter Prawns x2; Fresh Calamansi Juice Pitcher x1; Seafood Cajun Boil x1,4630.00,555.60,0.00,5185.60,CASH,PAID,COMPLETED,TXN-CAS-27374483
ORD-20260823-03738-DB1DA,2026-08-23 17:30:44,ON_SITE,Katrina Halili,Fresh Calamansi Juice Pitcher x1,280.00,33.60,0.00,313.60,GCASH,PAID,COMPLETED,TXN-GCA-11683980
ORD-20260823-02096-CA781,2026-08-23 17:41:42,ONLINE,Clara Dizon,Garlic Butter Prawns x3,3750.00,450.00,100.00,4300.00,GCASH,PAID,COMPLETED,TXN-GCA-51109411
ORD-20260823-04626-14912,2026-08-23 17:48:56,ONLINE,Pedro Penduko,Fresh Calamansi Juice Pitcher x1,280.00,33.60,100.00,413.60,CASH,PAID,COMPLETED,TXN-CAS-84036783
ORD-20260823-01810-328D0,2026-08-23 17:54:23,ONLINE,Lisa Manoban,Crispy Seafood Basket x1; Seafood Bilao Feast x2,5780.00,693.60,50.00,6523.60,CASH,PAID,COMPLETED,TXN-CAS-90999399
ORD-20260823-00846-5ACAF,2026-08-23 17:58:55,ON_SITE,Giselle Hernandez,Seafood Cajun Boil x1,1850.00,222.00,0.00,2072.00,GCASH,PAID,COMPLETED,TXN-GCA-95849734
ORD-20260823-02917-73BAA,2026-08-23 18:01:52,ONLINE,Lisa Manoban,Sweet & Chili Crab Bucket x1,1950.00,234.00,100.00,2284.00,GCASH,PAID,COMPLETED,TXN-GCA-63827651
ORD-20260823-04827-FB897,2026-08-23 18:20:17,ON_SITE,Carlos Mendoza,Seafood Cajun Boil x2; Fresh Calamansi Juice Pitcher x1; Grilled Seafood Platter x2; Seafood Bilao Feast x1,10580.00,1269.60,0.00,11849.60,CASH,PENDING,IN_PROCESS,N/A
ORD-20260823-02080-F7E72,2026-08-23 18:47:33,ON_SITE,Sarah Geronimo,Classic Seafood Paella x1,1650.00,198.00,0.00,1848.00,HYBRID (Cash + GCash),PAID,COMPLETED,TXN-HYB-50960170
ORD-20260823-00210-23920,2026-08-23 18:59:28,ONLINE,Ana Reyes,Crispy Seafood Basket x1,980.00,117.60,75.00,1172.60,CASH,PAID,COMPLETED,TXN-CAS-49286184
ORD-20260823-01336-E79E5,2026-08-23 19:09:33,ON_SITE,Giselle Hernandez,Seafood Bilao Feast x3,7200.00,864.00,0.00,8064.00,CASH,PAID,COMPLETED,TXN-CAS-92929948
ORD-20260823-03569-0D1AE,2026-08-23 19:34:01,ON_SITE,Lisa Manoban,Fresh Calamansi Juice Pitcher x1; Classic Seafood Paella x2,3580.00,429.60,0.00,4009.60,GCASH,PAID,COMPLETED,TXN-GCA-56869312
ORD-20260823-00095-AF9E0,2026-08-23 19:38:39,ONLINE,Ana Reyes,Grilled Seafood Platter x1,2100.00,252.00,75.00,2427.00,GCASH,PAID,COMPLETED,TXN-GCA-61144544
ORD-20260823-00414-BCE1F,2026-08-23 19:43:59,ONLINE,Mark Bautista,Seafood Cajun Boil x3; Classic Seafood Paella x1,7200.00,864.00,75.00,8139.00,GCASH,PAID,COMPLETED,TXN-GCA-20799979
ORD-20260823-02192-5E7E2,2026-08-23 19:49:37,ONLINE,Clara Dizon,Crispy Seafood Basket x1; Garlic Butter Prawns x1; Classic Seafood Paella x3; Fresh Calamansi Juice Pitcher x1,7460.00,895.20,75.00,8430.20,MAYA,PAID,COMPLETED,TXN-MAY-29847311
ORD-20260823-01004-48AFE,2026-08-23 20:31:08,ON_SITE,Katrina Halili,Grilled Seafood Platter x3; Classic Seafood Paella x1,7950.00,954.00,0.00,8904.00,HYBRID (Cash + GCash),PAID,IN_PROCESS,TXN-HYB-54917119
ORD-20260823-01770-E67B0,2026-08-23 20:39:44,ON_SITE,Pedro Penduko,Seafood Cajun Boil x2; Classic Seafood Paella x2,7000.00,840.00,0.00,7840.00,SPLIT (Cash + GCash),PAID,COMPLETED,TXN-SPL-89896721
ORD-20260823-01634-73F41,2026-08-23 20:45:26,ONLINE,Juan Tamad,Crispy Seafood Basket x1,980.00,117.60,75.00,1172.60,GCASH,PAID,COMPLETED,TXN-GCA-79024658
ORD-20260823-01167-D680B,2026-08-23 20:48:39,ONLINE,Pedro Penduko,Seafood Bilao Feast x1,2400.00,288.00,75.00,2763.00,GCASH,PAID,COMPLETED,TXN-GCA-65678401
ORD-20260823-04314-FF79F,2026-08-23 20:49:29,ON_SITE,Lisa Manoban,Seafood Cajun Boil x1,1850.00,222.00,0.00,2072.00,GCASH,PAID,COMPLETED,TXN-GCA-59948971
ORD-20260823-03686-0E8B7,2026-08-23 21:01:09,ON_SITE,Alden Richards,Seafood Cajun Boil x1,1850.00,222.00,0.00,2072.00,SPLIT (Cash + GCash),PAID,COMPLETED,TXN-SPL-46536115
ORD-20260823-04571-C38AB,2026-08-23 21:15:22,ON_SITE,Giselle Hernandez,Fresh Calamansi Juice Pitcher x1,280.00,33.60,0.00,313.60,SPLIT (Cash + GCash),PAID,COMPLETED,TXN-SPL-32800311
ORD-20260823-04152-5DAE3,2026-08-23 21:15:45,ON_SITE,Katrina Halili,Seafood Bilao Feast x1; Crispy Seafood Basket x1; Fresh Calamansi Juice Pitcher x1,3660.00,439.20,0.00,4099.20,HYBRID (Cash + GCash),PENDING,IN_PROCESS,N/A
ORD-20260823-01312-23FED,2026-08-23 21:20:50,ON_SITE,Joshua Garcia,Garlic Butter Prawns x1; Seafood Bilao Feast x2; Classic Seafood Paella x2,9350.00,1122.00,0.00,10472.00,GCASH,PAID,COMPLETED,TXN-GCA-35256201
ORD-20260823-04326-DA129,2026-08-23 21:23:17,ONLINE,Ana Reyes,Crispy Seafood Basket x1; Fresh Calamansi Juice Pitcher x1; Classic Seafood Paella x2; Sweet & Chili Crab Bucket x1,6510.00,781.20,100.00,7391.20,GCASH,PAID,COMPLETED,TXN-GCA-53828415
ORD-20260823-03751-E34B7,2026-08-23 21:27:48,ON_SITE,Lisa Manoban,Classic Seafood Paella x1; Sweet & Chili Crab Bucket x2; Crispy Seafood Basket x2; Garlic Butter Prawns x1,8760.00,1051.20,0.00,9811.20,CASH,PAID,COMPLETED,TXN-CAS-95531507
ORD-20260823-03171-3C793,2026-08-23 21:34:10,ON_SITE,Pedro Penduko,Grilled Seafood Platter x1; Garlic Butter Prawns x2,4600.00,552.00,0.00,5152.00,GCASH,PAID,COMPLETED,TXN-GCA-82619735
ORD-20260823-04807-08064,2026-08-23 21:41:00,ON_SITE,Marian Rivera,Seafood Bilao Feast x1; Fresh Calamansi Juice Pitcher x2,2960.00,355.20,0.00,3315.20,CASH,PAID,COMPLETED,TXN-CAS-49928976
ORD-20260823-02310-6E550,2026-08-23 21:43:34,ON_SITE,Marian Rivera,Seafood Bilao Feast x1,2400.00,288.00,0.00,2688.00,CASH,PAID,COMPLETED,TXN-CAS-13805079
ORD-20260823-01496-BB6A0,2026-08-23 21:49:30,ONLINE,Juan Tamad,Crispy Seafood Basket x1,980.00,117.60,85.00,1182.60,GCASH,PAID,COMPLETED,TXN-GCA-71981642
ORD-20260824-00008-09859,2026-08-24 10:04:16,ON_SITE,Daniel Padilla,Classic Seafood Paella x1; Seafood Bilao Feast x1,4050.00,486.00,0.00,4536.00,CASH,PAID,COMPLETED,TXN-CAS-55688904
ORD-20260824-00345-D66FE,2026-08-24 10:12:19,ONLINE,Ana Reyes,Garlic Butter Prawns x1; Crispy Seafood Basket x1,2230.00,267.60,120.00,2617.60,GCASH,PAID,COMPLETED,TXN-GCA-60278824
ORD-20260824-03184-F71D1,2026-08-24 10:15:04,ON_SITE,Joshua Garcia,Garlic Butter Prawns x1,1250.00,150.00,0.00,1400.00,GCASH,PAID,COMPLETED,TXN-GCA-18759294
ORD-20260824-03503-F7864,2026-08-24 10:18:11,ON_SITE,Clara Dizon,Grilled Seafood Platter x1; Seafood Bilao Feast x1; Classic Seafood Paella x2; Seafood Cajun Boil x1,9650.00,1158.00,0.00,10808.00,GCASH,PAID,COMPLETED,TXN-GCA-72847925
ORD-20260824-01408-AD4EF,2026-08-24 10:41:23,ON_SITE,Mark Bautista,Seafood Bilao Feast x1,2400.00,288.00,0.00,2688.00,GCASH,PAID,COMPLETED,TXN-GCA-34982409
ORD-20260824-00614-F3E5A,2026-08-24 10:48:17,ONLINE,Ana Reyes,Sweet & Chili Crab Bucket x1; Fresh Calamansi Juice Pitcher x1,2230.00,267.60,75.00,2572.60,GCASH,PAID,COMPLETED,TXN-GCA-92405802
ORD-20260824-00005-DE472,2026-08-24 10:51:33,ON_SITE,Juan Tamad,Crispy Seafood Basket x1,980.00,117.60,0.00,1097.60,GCASH,PAID,COMPLETED,TXN-GCA-64458663
ORD-20260824-00989-CC214,2026-08-24 10:56:00,ONLINE,Ana Reyes,Garlic Butter Prawns x1,1250.00,150.00,85.00,1485.00,GCASH,PAID,COMPLETED,TXN-GCA-64433364
ORD-20260824-01233-EA8E7,2026-08-24 11:13:18,ON_SITE,Pedro Penduko,Seafood Bilao Feast x1,2400.00,288.00,0.00,2688.00,MAYA,PAID,COMPLETED,TXN-MAY-90569296
ORD-20260824-00957-FF5EB,2026-08-24 11:19:33,ON_SITE,Giselle Hernandez,Classic Seafood Paella x1,1650.00,198.00,0.00,1848.00,CASH,PAID,COMPLETED,TXN-CAS-40764636
ORD-20260824-03164-E392A,2026-08-24 11:37:41,ON_SITE,Mark Bautista,Classic Seafood Paella x2,3300.00,396.00,0.00,3696.00,CASH,PAID,COMPLETED,TXN-CAS-24456695
ORD-20260824-01922-0A112,2026-08-24 11:37:51,ON_SITE,Marian Rivera,Garlic Butter Prawns x1; Sweet & Chili Crab Bucket x1; Classic Seafood Paella x1; Seafood Cajun Boil x2,8550.00,1026.00,0.00,9576.00,CASH,PAID,COMPLETED,TXN-CAS-22996233
ORD-20260824-01082-4EC2B,2026-08-24 11:41:35,ON_SITE,Bea Alonzo,Crispy Seafood Basket x1,980.00,117.60,0.00,1097.60,HYBRID (Cash + GCash),PAID,COMPLETED,TXN-HYB-46195973
ORD-20260824-00914-55B95,2026-08-24 11:52:03,ONLINE,Clara Dizon,Sweet & Chili Crab Bucket x1,1950.00,234.00,85.00,2269.00,SPLIT (Cash + GCash),PAID,COMPLETED,TXN-SPL-74859109
ORD-20260824-02824-87FAA,2026-08-24 11:57:48,ON_SITE,Katrina Halili,Garlic Butter Prawns x1,1250.00,150.00,0.00,1400.00,GCASH,PAID,COMPLETED,TXN-GCA-42545124
ORD-20260824-03238-1344C,2026-08-24 12:01:14,ONLINE,Lisa Manoban,Garlic Butter Prawns x1; Seafood Bilao Feast x1; Sweet & Chili Crab Bucket x2,7550.00,906.00,85.00,8541.00,CASH,PAID,COMPLETED,TXN-CAS-17427602
ORD-20260824-03927-86973,2026-08-24 12:04:57,ON_SITE,Ana Reyes,Garlic Butter Prawns x1; Fresh Calamansi Juice Pitcher x1; Classic Seafood Paella x1; Crispy Seafood Basket x1,4160.00,499.20,0.00,4659.20,CASH,PAID,COMPLETED,TXN-CAS-32865593
ORD-20260824-00637-E35D3,2026-08-24 12:12:12,ON_SITE,Ramon Magsaysay Jr.,Grilled Seafood Platter x1; Classic Seafood Paella x1; Fresh Calamansi Juice Pitcher x2,4310.00,517.20,0.00,4827.20,HYBRID (Cash + GCash),PAID,COMPLETED,TXN-HYB-37687422
ORD-20260824-01183-0925E,2026-08-24 12:33:29,ONLINE,Juan Tamad,Sweet & Chili Crab Bucket x1; Seafood Bilao Feast x1; Grilled Seafood Platter x2; Classic Seafood Paella x1,10200.00,1224.00,60.00,11484.00,CASH,PAID,COMPLETED,TXN-CAS-14584210
ORD-20260824-04211-CDDDD,2026-08-24 12:46:16,ON_SITE,Giselle Hernandez,Fresh Calamansi Juice Pitcher x1,280.00,33.60,0.00,313.60,GCASH,PAID,COMPLETED,TXN-GCA-99191879
ORD-20260824-02842-B30BF,2026-08-24 12:50:17,ONLINE,Mark Bautista,Grilled Seafood Platter x1,2100.00,252.00,75.00,2427.00,MAYA,PAID,COMPLETED,TXN-MAY-81111471
ORD-20260824-02293-0CD2E,2026-08-24 12:58:27,ONLINE,Clara Dizon,Seafood Cajun Boil x1,1850.00,222.00,85.00,2157.00,HYBRID (Cash + GCash),PAID,COMPLETED,TXN-HYB-43144113
ORD-20260824-04293-2953B,2026-08-24 13:05:31,ON_SITE,Pedro Penduko,Crispy Seafood Basket x1; Sweet & Chili Crab Bucket x1; Seafood Bilao Feast x1,5330.00,639.60,0.00,5969.60,CASH,PAID,COMPLETED,TXN-CAS-22414582
ORD-20260824-01337-2B5D7,2026-08-24 13:08:21,ON_SITE,Alden Richards,Garlic Butter Prawns x2,2500.00,300.00,0.00,2800.00,CASH,PAID,COMPLETED,TXN-CAS-97544219
ORD-20260824-01442-F1125,2026-08-24 13:08:59,ON_SITE,Daniel Padilla,Crispy Seafood Basket x1,980.00,117.60,0.00,1097.60,CASH,PAID,COMPLETED,TXN-CAS-31204831
ORD-20260824-04656-88F28,2026-08-24 13:15:38,ONLINE,Juan Tamad,Fresh Calamansi Juice Pitcher x2; Classic Seafood Paella x1,2210.00,265.20,60.00,2535.20,GCASH,PAID,COMPLETED,TXN-GCA-85346905
ORD-20260824-02633-6A143,2026-08-24 13:21:16,ON_SITE,Katrina Halili,Classic Seafood Paella x1,1650.00,198.00,0.00,1848.00,GCASH,PAID,COMPLETED,TXN-GCA-68521784
ORD-20260824-02120-3923B,2026-08-24 13:29:03,ON_SITE,Joshua Garcia,Seafood Cajun Boil x1; Garlic Butter Prawns x1,3100.00,372.00,0.00,3472.00,GCASH,PAID,COMPLETED,TXN-GCA-28730807
ORD-20260824-03339-9417B,2026-08-24 13:31:53,ONLINE,Pedro Penduko,Grilled Seafood Platter x1; Classic Seafood Paella x2,5400.00,648.00,85.00,6133.00,SPLIT (Cash + GCash),PENDING,IN_PROCESS,N/A
ORD-20260824-02708-7871E,2026-08-24 13:32:53,ON_SITE,Clara Dizon,Grilled Seafood Platter x1,2100.00,252.00,0.00,2352.00,CASH,PAID,COMPLETED,TXN-CAS-36897231
ORD-20260824-03978-3D4E5,2026-08-24 13:45:39,ON_SITE,Pedro Penduko,Seafood Bilao Feast x1; Sweet & Chili Crab Bucket x2,6300.00,756.00,0.00,7056.00,HYBRID (Cash + GCash),PAID,COMPLETED,TXN-HYB-69413100
ORD-20260824-04708-A543F,2026-08-24 13:46:49,ONLINE,Pedro Penduko,Grilled Seafood Platter x3; Classic Seafood Paella x1; Crispy Seafood Basket x1,8930.00,1071.60,75.00,10076.60,GCASH,PAID,COMPLETED,TXN-GCA-18245583
ORD-20260824-04348-29934,2026-08-24 13:59:45,ONLINE,Mark Bautista,Crispy Seafood Basket x1; Seafood Bilao Feast x3,8180.00,981.60,50.00,9211.60,COD,PAID,COMPLETED,TXN-COD-78895570
ORD-20260824-04047-1DAD3,2026-08-24 14:02:24,ONLINE,Pedro Penduko,Seafood Bilao Feast x2; Garlic Butter Prawns x1,6050.00,726.00,120.00,6896.00,SPLIT (Cash + GCash),PENDING,IN_PROCESS,N/A
ORD-20260824-02197-2CC13,2026-08-24 14:08:56,ON_SITE,Juan Tamad,Grilled Seafood Platter x1,2100.00,252.00,0.00,2352.00,GCASH,PAID,COMPLETED,TXN-GCA-82686035
ORD-20260824-01839-5EEA6,2026-08-24 14:09:55,ONLINE,Mark Bautista,Garlic Butter Prawns x1; Grilled Seafood Platter x2; Sweet & Chili Crab Bucket x1,7400.00,888.00,75.00,8363.00,HYBRID (Cash + GCash),PAID,COMPLETED,TXN-HYB-26285112
ORD-20260824-03386-B19E3,2026-08-24 14:21:42,ONLINE,Lisa Manoban,Sweet & Chili Crab Bucket x1; Classic Seafood Paella x1,3600.00,432.00,50.00,4082.00,MAYA,PENDING,IN_PROCESS,N/A
ORD-20260824-04346-56B45,2026-08-24 14:25:37,ONLINE,Ana Reyes,Seafood Cajun Boil x1; Fresh Calamansi Juice Pitcher x1,2130.00,255.60,120.00,2505.60,CASH,PAID,COMPLETED,TXN-CAS-77443146
ORD-20260824-00679-A4511,2026-08-24 14:43:37,ONLINE,Lisa Manoban,Sweet & Chili Crab Bucket x1,1950.00,234.00,120.00,2304.00,GCASH,PAID,COMPLETED,TXN-GCA-36629505
ORD-20260824-03500-A0F5A,2026-08-24 14:55:49,ON_SITE,Alden Richards,Garlic Butter Prawns x1; Seafood Cajun Boil x1; Grilled Seafood Platter x2; Fresh Calamansi Juice Pitcher x1,7580.00,909.60,0.00,8489.60,GCASH,PAID,COMPLETED,TXN-GCA-52035836
ORD-20260824-03693-E9457,2026-08-24 15:06:13,ONLINE,Clara Dizon,Garlic Butter Prawns x1; Sweet & Chili Crab Bucket x2; Grilled Seafood Platter x2; Classic Seafood Paella x1,11000.00,1320.00,50.00,12370.00,GCASH,PAID,COMPLETED,TXN-GCA-14059330
ORD-20260824-01729-C26E1,2026-08-24 15:26:44,ON_SITE,Bea Alonzo,Seafood Bilao Feast x2; Crispy Seafood Basket x1,5780.00,693.60,0.00,6473.60,GCASH,PAID,COMPLETED,TXN-GCA-48543862
ORD-20260824-04798-D79FB,2026-08-24 15:31:26,ONLINE,Mark Bautista,Grilled Seafood Platter x3; Fresh Calamansi Juice Pitcher x1; Crispy Seafood Basket x1,7560.00,907.20,85.00,8552.20,GCASH,PAID,COMPLETED,TXN-GCA-12136426
ORD-20260824-02998-D2C07,2026-08-24 15:31:40,ON_SITE,Alden Richards,Seafood Bilao Feast x1,2400.00,288.00,0.00,2688.00,CASH,PAID,COMPLETED,TXN-CAS-33294666
ORD-20260824-04556-ABA4E,2026-08-24 15:46:11,ONLINE,Pedro Penduko,Crispy Seafood Basket x1,980.00,117.60,100.00,1197.60,GCASH,PAID,COMPLETED,TXN-GCA-55950932
ORD-20260824-04421-543F2,2026-08-24 15:47:45,ONLINE,Clara Dizon,Sweet & Chili Crab Bucket x1,1950.00,234.00,60.00,2244.00,SPLIT (Cash + GCash),PAID,COMPLETED,TXN-SPL-35149333
ORD-20260824-04262-D508C,2026-08-24 15:49:30,ONLINE,Pedro Penduko,Seafood Bilao Feast x1; Garlic Butter Prawns x1,3650.00,438.00,50.00,4138.00,SPLIT (Cash + GCash),PAID,COMPLETED,TXN-SPL-57422134
ORD-20260824-02371-7D1D9,2026-08-24 15:56:06,ON_SITE,Pedro Penduko,Fresh Calamansi Juice Pitcher x1; Classic Seafood Paella x3,5230.00,627.60,0.00,5857.60,GCASH,PAID,COMPLETED,TXN-GCA-11912826
ORD-20260824-02851-91D33,2026-08-24 16:32:22,ONLINE,Clara Dizon,Crispy Seafood Basket x1,980.00,117.60,60.00,1157.60,GCASH,PAID,COMPLETED,TXN-GCA-36731544
ORD-20260824-03234-3DC7A,2026-08-24 16:36:27,ON_SITE,Dindo Dela Cruz,Seafood Bilao Feast x1,2400.00,288.00,0.00,2688.00,GCASH,FAILED,CANCELLED,N/A
ORD-20260824-02532-1CBC8,2026-08-24 16:43:43,ON_SITE,Clara Dizon,Garlic Butter Prawns x2; Classic Seafood Paella x1; Seafood Bilao Feast x1; Seafood Cajun Boil x1,8400.00,1008.00,0.00,9408.00,CASH,PAID,COMPLETED,TXN-CAS-49434430
ORD-20260824-04425-2969A,2026-08-24 16:45:58,ON_SITE,Maria Clara Santos,Classic Seafood Paella x1; Seafood Cajun Boil x1,3500.00,420.00,0.00,3920.00,GCASH,PAID,COMPLETED,TXN-GCA-70133483
ORD-20260824-01951-0C69F,2026-08-24 17:14:36,ONLINE,Mark Bautista,Garlic Butter Prawns x2,2500.00,300.00,120.00,2920.00,GCASH,PAID,COMPLETED,TXN-GCA-29064049
ORD-20260824-02191-C03B9,2026-08-24 17:20:13,ONLINE,Lisa Manoban,Grilled Seafood Platter x1; Classic Seafood Paella x1,3750.00,450.00,120.00,4320.00,SPLIT (Cash + GCash),PAID,IN_PROCESS,TXN-SPL-76029578
ORD-20260824-02632-A34D7,2026-08-24 17:27:14,ONLINE,Pedro Penduko,Crispy Seafood Basket x2; Grilled Seafood Platter x1,4060.00,487.20,60.00,4607.20,MAYA,PAID,COMPLETED,TXN-MAY-73900998
ORD-20260824-01361-49D2A,2026-08-24 17:31:39,ON_SITE,Lisa Manoban,Classic Seafood Paella x2; Garlic Butter Prawns x1,4550.00,546.00,0.00,5096.00,CASH,PAID,COMPLETED,TXN-CAS-74642218
ORD-20260824-00469-78849,2026-08-24 17:33:18,ONLINE,Ana Reyes,Seafood Bilao Feast x1,2400.00,288.00,60.00,2748.00,GCASH,PAID,COMPLETED,TXN-GCA-28497209
ORD-20260824-03673-50B80,2026-08-24 17:36:19,ON_SITE,Pedro Penduko,Crispy Seafood Basket x2; Garlic Butter Prawns x1,3210.00,385.20,0.00,3595.20,CASH,PAID,COMPLETED,TXN-CAS-91180907
ORD-20260824-02746-08D71,2026-08-24 17:51:41,ONLINE,Clara Dizon,Fresh Calamansi Juice Pitcher x1; Crispy Seafood Basket x1,1260.00,151.20,60.00,1471.20,GCASH,PAID,COMPLETED,TXN-GCA-71561271
ORD-20260824-00870-82834,2026-08-24 18:06:51,ON_SITE,Joshua Garcia,Classic Seafood Paella x1; Seafood Cajun Boil x1,3500.00,420.00,0.00,3920.00,GCASH,PAID,COMPLETED,TXN-GCA-71313060
ORD-20260824-00440-CD1C4,2026-08-24 18:35:39,ONLINE,Pedro Penduko,Crispy Seafood Basket x1,980.00,117.60,100.00,1197.60,GCASH,PAID,COMPLETED,TXN-GCA-11592769
ORD-20260824-01257-5D8C8,2026-08-24 18:37:00,ON_SITE,Alden Richards,Crispy Seafood Basket x1,980.00,117.60,0.00,1097.60,CASH,PAID,COMPLETED,TXN-CAS-44497939
ORD-20260824-00167-4A2D2,2026-08-24 18:38:09,ONLINE,Mark Bautista,Garlic Butter Prawns x1; Seafood Cajun Boil x1,3100.00,372.00,75.00,3547.00,GCASH,PAID,COMPLETED,TXN-GCA-21686218
ORD-20260824-00486-26550,2026-08-24 18:44:35,ONLINE,Clara Dizon,Grilled Seafood Platter x1; Seafood Cajun Boil x2,5800.00,696.00,120.00,6616.00,HYBRID (Cash + GCash),PAID,COMPLETED,TXN-HYB-17878504
ORD-20260824-03934-F6B27,2026-08-24 18:48:14,ONLINE,Ana Reyes,Crispy Seafood Basket x1; Classic Seafood Paella x2; Fresh Calamansi Juice Pitcher x1,4560.00,547.20,120.00,5227.20,GCASH,PAID,COMPLETED,TXN-GCA-41710743
ORD-20260824-04278-F3DB9,2026-08-24 18:53:24,ON_SITE,Pedro Penduko,Garlic Butter Prawns x3,3750.00,450.00,0.00,4200.00,HYBRID (Cash + GCash),REFUNDED,CANCELLED,N/A
ORD-20260824-00208-B9F62,2026-08-24 19:08:43,ONLINE,Juan Tamad,Sweet & Chili Crab Bucket x1; Crispy Seafood Basket x1; Grilled Seafood Platter x1,5030.00,603.60,50.00,5683.60,GCASH,PAID,COMPLETED,TXN-GCA-97069984
ORD-20260824-01657-64497,2026-08-24 19:33:14,ON_SITE,Maria Clara Santos,Seafood Bilao Feast x1; Classic Seafood Paella x1; Fresh Calamansi Juice Pitcher x1,4330.00,519.60,0.00,4849.60,CASH,PAID,COMPLETED,TXN-CAS-67871854
ORD-20260824-02353-207AE,2026-08-24 19:33:14,ON_SITE,Pedro Penduko,Sweet & Chili Crab Bucket x1,1950.00,234.00,0.00,2184.00,CASH,PAID,COMPLETED,TXN-CAS-88699740
ORD-20260824-04192-5548E,2026-08-24 19:38:30,ON_SITE,Kathryn Bernardo,Fresh Calamansi Juice Pitcher x2; Seafood Cajun Boil x1; Classic Seafood Paella x1,4060.00,487.20,0.00,4547.20,CASH,PAID,COMPLETED,TXN-CAS-47104468
ORD-20260824-01636-BB164,2026-08-24 19:44:13,ONLINE,Juan Tamad,Sweet & Chili Crab Bucket x1; Fresh Calamansi Juice Pitcher x1; Classic Seafood Paella x1,3880.00,465.60,85.00,4430.60,HYBRID (Cash + GCash),PAID,COMPLETED,TXN-HYB-19307004
ORD-20260824-00708-7CAB3,2026-08-24 19:48:34,ONLINE,Ana Reyes,Grilled Seafood Platter x1,2100.00,252.00,60.00,2412.00,GCASH,PAID,COMPLETED,TXN-GCA-16971467
ORD-20260824-01763-2CA60,2026-08-24 19:56:08,ON_SITE,Katrina Halili,Sweet & Chili Crab Bucket x3,5850.00,702.00,0.00,6552.00,CASH,PENDING,IN_PROCESS,N/A
ORD-20260824-00058-7E0FC,2026-08-24 20:09:32,ONLINE,Juan Tamad,Classic Seafood Paella x1; Fresh Calamansi Juice Pitcher x2; Seafood Bilao Feast x1,4610.00,553.20,50.00,5213.20,GCASH,PAID,COMPLETED,TXN-GCA-92793193
ORD-20260824-02366-EAD34,2026-08-24 20:09:38,ON_SITE,Mark Bautista,Sweet & Chili Crab Bucket x2,3900.00,468.00,0.00,4368.00,GCASH,PAID,COMPLETED,TXN-GCA-82897284
ORD-20260824-00624-C5D00,2026-08-24 20:09:46,ON_SITE,Carlos Mendoza,Grilled Seafood Platter x1; Garlic Butter Prawns x1; Crispy Seafood Basket x1; Seafood Bilao Feast x1,6730.00,807.60,0.00,7537.60,MAYA,PAID,COMPLETED,TXN-MAY-15354286
ORD-20260824-04244-D04FE,2026-08-24 20:17:36,ONLINE,Pedro Penduko,Sweet & Chili Crab Bucket x2; Seafood Bilao Feast x1; Garlic Butter Prawns x1,7550.00,906.00,50.00,8506.00,GCASH,PAID,COMPLETED,TXN-GCA-61708171
ORD-20260824-01720-8FB47,2026-08-24 20:19:35,ON_SITE,Katrina Halili,Seafood Bilao Feast x1,2400.00,288.00,0.00,2688.00,CASH,PAID,COMPLETED,TXN-CAS-81455857
ORD-20260824-02836-51E75,2026-08-24 20:35:28,ONLINE,Lisa Manoban,Crispy Seafood Basket x1; Classic Seafood Paella x1; Sweet & Chili Crab Bucket x1,4580.00,549.60,100.00,5229.60,GCASH,PENDING,IN_PROCESS,N/A
ORD-20260824-04549-F1829,2026-08-24 20:41:31,ON_SITE,Pedro Penduko,Fresh Calamansi Juice Pitcher x1; Grilled Seafood Platter x1,2380.00,285.60,0.00,2665.60,CASH,PAID,COMPLETED,TXN-CAS-40325997
ORD-20260824-02074-10115,2026-08-24 20:42:51,ONLINE,Mark Bautista,Grilled Seafood Platter x1,2100.00,252.00,60.00,2412.00,GCASH,PAID,COMPLETED,TXN-GCA-31428303
ORD-20260824-03568-A8570,2026-08-24 20:52:53,ONLINE,Ana Reyes,Classic Seafood Paella x1; Seafood Cajun Boil x1,3500.00,420.00,75.00,3995.00,MAYA,PAID,COMPLETED,TXN-MAY-59124553
ORD-20260824-00913-AC14E,2026-08-24 21:11:07,ONLINE,Clara Dizon,Seafood Cajun Boil x2; Seafood Bilao Feast x1; Garlic Butter Prawns x2; Sweet & Chili Crab Bucket x1,10550.00,1266.00,75.00,11891.00,GCASH,PAID,COMPLETED,TXN-GCA-95815349
ORD-20260824-04808-54E3E,2026-08-24 21:11:47,ONLINE,Lisa Manoban,Sweet & Chili Crab Bucket x1,1950.00,234.00,60.00,2244.00,CASH,PAID,COMPLETED,TXN-CAS-96880611
ORD-20260824-00566-3CEC5,2026-08-24 21:12:14,ON_SITE,Ana Reyes,Grilled Seafood Platter x1,2100.00,252.00,0.00,2352.00,GCASH,PAID,COMPLETED,TXN-GCA-61745571
ORD-20260824-01997-CFDEA,2026-08-24 21:16:25,ONLINE,Mark Bautista,Fresh Calamansi Juice Pitcher x1; Crispy Seafood Basket x2,2240.00,268.80,50.00,2558.80,GCASH,PAID,COMPLETED,TXN-GCA-99378901
ORD-20260824-00221-D8B0C,2026-08-24 21:25:21,ONLINE,Clara Dizon,Seafood Bilao Feast x1,2400.00,288.00,60.00,2748.00,HYBRID (Cash + GCash),PAID,COMPLETED,TXN-HYB-21372384
ORD-20260824-04444-28798,2026-08-24 21:33:17,ONLINE,Pedro Penduko,Sweet & Chili Crab Bucket x1,1950.00,234.00,50.00,2234.00,CASH,PAID,COMPLETED,TXN-CAS-33457962
ORD-20260824-04599-A90B0,2026-08-24 21:44:41,ONLINE,Ana Reyes,Garlic Butter Prawns x2; Seafood Bilao Feast x1,4900.00,588.00,120.00,5608.00,GCASH,PAID,COMPLETED,TXN-GCA-63407479
ORD-20260825-02653-4CBF1,2026-08-25 10:16:51,ONLINE,Clara Dizon,Seafood Cajun Boil x1,1850.00,222.00,60.00,2132.00,GCASH,PAID,COMPLETED,TXN-GCA-13296213
ORD-20260825-00162-2A9F4,2026-08-25 10:18:42,ONLINE,Clara Dizon,Fresh Calamansi Juice Pitcher x1,280.00,33.60,50.00,363.60,CASH,PENDING,IN_PROCESS,N/A
ORD-20260825-02006-CF9C5,2026-08-25 10:26:14,ONLINE,Ana Reyes,Grilled Seafood Platter x1; Classic Seafood Paella x1,3750.00,450.00,100.00,4300.00,HYBRID (Cash + GCash),PAID,COMPLETED,TXN-HYB-14390838
ORD-20260825-04973-1B2BC,2026-08-25 10:36:38,ONLINE,Juan Tamad,Seafood Cajun Boil x1; Sweet & Chili Crab Bucket x1,3800.00,456.00,75.00,4331.00,GCASH,PAID,COMPLETED,TXN-GCA-23508781
ORD-20260825-00851-20376,2026-08-25 10:38:18,ON_SITE,Katrina Halili,Seafood Bilao Feast x1,2400.00,288.00,0.00,2688.00,GCASH,PAID,COMPLETED,TXN-GCA-11070860
ORD-20260825-02634-C1145,2026-08-25 10:40:48,ONLINE,Pedro Penduko,Seafood Cajun Boil x2,3700.00,444.00,100.00,4244.00,GCASH,PAID,COMPLETED,TXN-GCA-79197861
ORD-20260825-00809-07D33,2026-08-25 10:43:38,ON_SITE,Matteo Guidicelli,Classic Seafood Paella x1; Garlic Butter Prawns x2; Seafood Cajun Boil x3; Grilled Seafood Platter x2,13900.00,1668.00,0.00,15568.00,SPLIT (Cash + GCash),PAID,COMPLETED,TXN-SPL-29758153
ORD-20260825-04015-9E8FD,2026-08-25 11:01:02,ONLINE,Mark Bautista,Garlic Butter Prawns x1,1250.00,150.00,120.00,1520.00,SPLIT (Cash + GCash),PAID,COMPLETED,TXN-SPL-70975606
ORD-20260825-01785-C7937,2026-08-25 11:02:10,ONLINE,Clara Dizon,Seafood Cajun Boil x1; Crispy Seafood Basket x1,2830.00,339.60,75.00,3244.60,GCASH,PAID,COMPLETED,TXN-GCA-31303764
ORD-20260825-03648-A59F6,2026-08-25 11:08:18,ON_SITE,Katrina Halili,Seafood Bilao Feast x1,2400.00,288.00,0.00,2688.00,HYBRID (Cash + GCash),PAID,COMPLETED,TXN-HYB-39866617
ORD-20260825-03194-DC406,2026-08-25 11:10:21,ONLINE,Clara Dizon,Sweet & Chili Crab Bucket x2; Crispy Seafood Basket x1; Fresh Calamansi Juice Pitcher x3,5720.00,686.40,100.00,6506.40,MAYA,PAID,COMPLETED,TXN-MAY-45121091
ORD-20260825-04415-FC18A,2026-08-25 11:13:15,ONLINE,Pedro Penduko,Grilled Seafood Platter x1; Classic Seafood Paella x1; Seafood Cajun Boil x1,5600.00,672.00,85.00,6357.00,COD,PAID,COMPLETED,TXN-COD-11659684
ORD-20260825-00594-6206D,2026-08-25 11:14:18,ONLINE,Lisa Manoban,Grilled Seafood Platter x1; Seafood Bilao Feast x1,4500.00,540.00,50.00,5090.00,GCASH,PAID,COMPLETED,TXN-GCA-36683078
ORD-20260825-03627-45F37,2026-08-25 11:16:51,ONLINE,Pedro Penduko,Grilled Seafood Platter x2,4200.00,504.00,50.00,4754.00,GCASH,PAID,COMPLETED,TXN-GCA-43704345
ORD-20260825-03059-D0F57,2026-08-25 11:21:38,ONLINE,Juan Tamad,Classic Seafood Paella x1,1650.00,198.00,50.00,1898.00,HYBRID (Cash + GCash),PENDING,CANCELLED,N/A
ORD-20260825-04081-5CC1B,2026-08-25 11:21:59,ON_SITE,Lisa Manoban,Crispy Seafood Basket x1; Garlic Butter Prawns x1,2230.00,267.60,0.00,2497.60,GCASH,PAID,COMPLETED,TXN-GCA-49091620
ORD-20260825-00499-739E8,2026-08-25 11:32:45,ONLINE,Ana Reyes,Sweet & Chili Crab Bucket x3; Seafood Cajun Boil x2; Crispy Seafood Basket x3,12490.00,1498.80,60.00,14048.80,CASH,PAID,COMPLETED,TXN-CAS-45557590
ORD-20260825-04137-4CA60,2026-08-25 11:40:37,ONLINE,Juan Tamad,Sweet & Chili Crab Bucket x1,1950.00,234.00,75.00,2259.00,CASH,PAID,COMPLETED,TXN-CAS-73190614
ORD-20260825-02222-F2707,2026-08-25 11:49:42,ON_SITE,Alden Richards,Seafood Bilao Feast x1; Fresh Calamansi Juice Pitcher x2; Crispy Seafood Basket x2; Garlic Butter Prawns x1,6170.00,740.40,0.00,6910.40,CASH,PAID,COMPLETED,TXN-CAS-82521203
ORD-20260825-01521-41BDC,2026-08-25 12:03:44,ONLINE,Juan Tamad,Seafood Cajun Boil x2; Grilled Seafood Platter x1; Fresh Calamansi Juice Pitcher x1; Seafood Bilao Feast x1,8480.00,1017.60,50.00,9547.60,COD,PAID,IN_PROCESS,TXN-COD-24387104
ORD-20260825-03086-7690C,2026-08-25 12:04:48,ON_SITE,Mark Bautista,Seafood Bilao Feast x1; Garlic Butter Prawns x1; Grilled Seafood Platter x1,5750.00,690.00,0.00,6440.00,CASH,PAID,COMPLETED,TXN-CAS-40875989
ORD-20260825-00052-9F58C,2026-08-25 12:18:51,ON_SITE,Lisa Manoban,Classic Seafood Paella x1,1650.00,198.00,0.00,1848.00,SPLIT (Cash + GCash),PAID,COMPLETED,TXN-SPL-17900728
ORD-20260825-01841-419FA,2026-08-25 12:19:27,ONLINE,Ana Reyes,Sweet & Chili Crab Bucket x1,1950.00,234.00,85.00,2269.00,HYBRID (Cash + GCash),PAID,COMPLETED,TXN-HYB-74378923
ORD-20260825-01286-FC3E3,2026-08-25 12:25:20,ON_SITE,Maria Clara Santos,Sweet & Chili Crab Bucket x1; Crispy Seafood Basket x2; Garlic Butter Prawns x1,5160.00,619.20,0.00,5779.20,CASH,PAID,COMPLETED,TXN-CAS-96537223
ORD-20260825-03971-F4E35,2026-08-25 12:54:09,ONLINE,Clara Dizon,Classic Seafood Paella x1; Fresh Calamansi Juice Pitcher x1,1930.00,231.60,60.00,2221.60,HYBRID (Cash + GCash),PAID,COMPLETED,TXN-HYB-85617738
ORD-20260825-02117-77F35,2026-08-25 12:55:27,ON_SITE,Katrina Halili,Garlic Butter Prawns x2; Classic Seafood Paella x1,4150.00,498.00,0.00,4648.00,SPLIT (Cash + GCash),PAID,COMPLETED,TXN-SPL-28085143
ORD-20260825-04250-CE7E9,2026-08-25 12:57:30,ON_SITE,Lisa Manoban,Grilled Seafood Platter x1,2100.00,252.00,0.00,2352.00,SPLIT (Cash + GCash),PAID,COMPLETED,TXN-SPL-40192975
ORD-20260825-00783-7EDB2,2026-08-25 13:02:14,ONLINE,Juan Tamad,Seafood Bilao Feast x1,2400.00,288.00,120.00,2808.00,SPLIT (Cash + GCash),PAID,COMPLETED,TXN-SPL-74533953
ORD-20260825-00949-36759,2026-08-25 13:11:23,ON_SITE,Clara Dizon,Grilled Seafood Platter x3; Seafood Bilao Feast x2; Crispy Seafood Basket x1; Garlic Butter Prawns x2,14580.00,1749.60,0.00,16329.60,SPLIT (Cash + GCash),PAID,COMPLETED,TXN-SPL-68566775
ORD-20260825-04697-7CE25,2026-08-25 13:18:32,ON_SITE,Marian Rivera,Garlic Butter Prawns x1,1250.00,150.00,0.00,1400.00,HYBRID (Cash + GCash),PAID,COMPLETED,TXN-HYB-85152417
ORD-20260825-04913-87BF6,2026-08-25 13:20:16,ONLINE,Juan Tamad,Fresh Calamansi Juice Pitcher x1,280.00,33.60,60.00,373.60,MAYA,PAID,COMPLETED,TXN-MAY-87946977
ORD-20260825-04774-DDE21,2026-08-25 13:25:20,ONLINE,Mark Bautista,Seafood Cajun Boil x1; Garlic Butter Prawns x2; Grilled Seafood Platter x3,10650.00,1278.00,50.00,11978.00,GCASH,PAID,COMPLETED,TXN-GCA-49222062
ORD-20260825-03395-0CC01,2026-08-25 13:34:43,ONLINE,Mark Bautista,Sweet & Chili Crab Bucket x1,1950.00,234.00,60.00,2244.00,GCASH,PAID,COMPLETED,TXN-GCA-16021089
ORD-20260825-00144-9DB77,2026-08-25 13:35:14,ONLINE,Pedro Penduko,Sweet & Chili Crab Bucket x3,5850.00,702.00,120.00,6672.00,GCASH,PAID,COMPLETED,TXN-GCA-16832194
ORD-20260825-01794-D63D0,2026-08-25 13:47:17,ONLINE,Pedro Penduko,Classic Seafood Paella x1; Seafood Bilao Feast x1,4050.00,486.00,100.00,4636.00,GCASH,PAID,IN_PROCESS,TXN-GCA-39062336
ORD-20260825-02468-76378,2026-08-25 13:51:03,ON_SITE,Ana Reyes,Fresh Calamansi Juice Pitcher x1; Classic Seafood Paella x1,1930.00,231.60,0.00,2161.60,GCASH,PAID,COMPLETED,TXN-GCA-43351786
ORD-20260825-01106-BC427,2026-08-25 14:19:24,ONLINE,Clara Dizon,Crispy Seafood Basket x1; Garlic Butter Prawns x1; Grilled Seafood Platter x3,8530.00,1023.60,120.00,9673.60,MAYA,PAID,COMPLETED,TXN-MAY-65972655
ORD-20260825-03601-8E670,2026-08-25 14:20:39,ON_SITE,Mark Bautista,Crispy Seafood Basket x1; Classic Seafood Paella x1; Sweet & Chili Crab Bucket x1,4580.00,549.60,0.00,5129.60,GCASH,PAID,COMPLETED,TXN-GCA-69566617
ORD-20260825-03766-707EE,2026-08-25 14:23:05,ONLINE,Juan Tamad,Grilled Seafood Platter x3,6300.00,756.00,85.00,7141.00,GCASH,PAID,COMPLETED,TXN-GCA-31608530
ORD-20260825-00474-DF6A5,2026-08-25 14:24:39,ON_SITE,Maria Clara Santos,Fresh Calamansi Juice Pitcher x1; Crispy Seafood Basket x1; Sweet & Chili Crab Bucket x3,7110.00,853.20,0.00,7963.20,GCASH,PAID,COMPLETED,TXN-GCA-20795397
ORD-20260825-01530-7087A,2026-08-25 14:29:33,ONLINE,Clara Dizon,Sweet & Chili Crab Bucket x1; Grilled Seafood Platter x2; Garlic Butter Prawns x1,7400.00,888.00,120.00,8408.00,MAYA,PAID,COMPLETED,TXN-MAY-25714495
ORD-20260825-00824-43480,2026-08-25 14:30:55,ONLINE,Ana Reyes,Garlic Butter Prawns x1,1250.00,150.00,120.00,1520.00,GCASH,PAID,COMPLETED,TXN-GCA-13975506
ORD-20260825-01563-B2841,2026-08-25 14:34:50,ON_SITE,Ana Reyes,Fresh Calamansi Juice Pitcher x1; Seafood Bilao Feast x2,5080.00,609.60,0.00,5689.60,CASH,PAID,COMPLETED,TXN-CAS-62692799
ORD-20260825-03432-9CCC8,2026-08-25 14:44:20,ON_SITE,Matteo Guidicelli,Classic Seafood Paella x2; Garlic Butter Prawns x2; Sweet & Chili Crab Bucket x1,7750.00,930.00,0.00,8680.00,GCASH,PAID,COMPLETED,TXN-GCA-90022137
ORD-20260825-03798-AB13A,2026-08-25 15:10:46,ON_SITE,Sarah Geronimo,Fresh Calamansi Juice Pitcher x1,280.00,33.60,0.00,313.60,CASH,PAID,COMPLETED,TXN-CAS-99256994
ORD-20260825-04617-4B32E,2026-08-25 15:14:05,ON_SITE,Bea Alonzo,Fresh Calamansi Juice Pitcher x1,280.00,33.60,0.00,313.60,GCASH,PAID,COMPLETED,TXN-GCA-91906403
ORD-20260825-03942-D240F,2026-08-25 15:16:00,ONLINE,Ana Reyes,Sweet & Chili Crab Bucket x2,3900.00,468.00,85.00,4453.00,GCASH,PAID,COMPLETED,TXN-GCA-51832903
ORD-20260825-01783-3C922,2026-08-25 15:23:08,ONLINE,Lisa Manoban,Sweet & Chili Crab Bucket x1; Grilled Seafood Platter x1,4050.00,486.00,100.00,4636.00,CASH,PAID,COMPLETED,TXN-CAS-71104975
ORD-20260825-00036-C2F29,2026-08-25 15:38:05,ONLINE,Pedro Penduko,Classic Seafood Paella x1,1650.00,198.00,100.00,1948.00,SPLIT (Cash + GCash),PAID,COMPLETED,TXN-SPL-85412003
ORD-20260825-03225-F88D9,2026-08-25 15:41:28,ONLINE,Lisa Manoban,Garlic Butter Prawns x1; Seafood Bilao Feast x1,3650.00,438.00,60.00,4148.00,COD,PAID,COMPLETED,TXN-COD-20280276
ORD-20260825-00595-87091,2026-08-25 15:52:40,ONLINE,Clara Dizon,Grilled Seafood Platter x1; Seafood Bilao Feast x1; Fresh Calamansi Juice Pitcher x1,4780.00,573.60,75.00,5428.60,GCASH,PAID,COMPLETED,TXN-GCA-42281960
ORD-20260825-03083-A55B6,2026-08-25 16:30:36,ON_SITE,Dindo Dela Cruz,Seafood Bilao Feast x1,2400.00,288.00,0.00,2688.00,SPLIT (Cash + GCash),PAID,COMPLETED,TXN-SPL-12067670
ORD-20260825-01532-31B0D,2026-08-25 16:39:02,ON_SITE,Ana Reyes,Seafood Cajun Boil x1,1850.00,222.00,0.00,2072.00,SPLIT (Cash + GCash),PAID,COMPLETED,TXN-SPL-52135789
ORD-20260825-04788-63A0A,2026-08-25 16:39:57,ONLINE,Lisa Manoban,Crispy Seafood Basket x2; Grilled Seafood Platter x1,4060.00,487.20,120.00,4667.20,MAYA,PAID,COMPLETED,TXN-MAY-31024830
ORD-20260825-02744-6102B,2026-08-25 16:43:04,ON_SITE,Kathryn Bernardo,Seafood Bilao Feast x1; Garlic Butter Prawns x1; Sweet & Chili Crab Bucket x1; Grilled Seafood Platter x3,11900.00,1428.00,0.00,13328.00,HYBRID (Cash + GCash),PAID,COMPLETED,TXN-HYB-75537933
ORD-20260825-00724-2FE42,2026-08-25 16:51:31,ON_SITE,Daniel Padilla,Grilled Seafood Platter x3; Seafood Cajun Boil x1; Crispy Seafood Basket x2,10110.00,1213.20,0.00,11323.20,MAYA,PAID,COMPLETED,TXN-MAY-31167787
ORD-20260825-04562-6E495,2026-08-25 16:55:29,ON_SITE,Dingdong Dantes,Sweet & Chili Crab Bucket x1,1950.00,234.00,0.00,2184.00,GCASH,PAID,COMPLETED,TXN-GCA-55231038
ORD-20260825-02873-EA9B7,2026-08-25 16:59:44,ONLINE,Clara Dizon,Classic Seafood Paella x1,1650.00,198.00,120.00,1968.00,GCASH,PAID,COMPLETED,TXN-GCA-93550028
ORD-20260825-01814-A0FDB,2026-08-25 17:08:42,ONLINE,Lisa Manoban,Seafood Bilao Feast x1,2400.00,288.00,120.00,2808.00,HYBRID (Cash + GCash),PAID,COMPLETED,TXN-HYB-98045982
ORD-20260825-02596-B6B78,2026-08-25 17:23:56,ON_SITE,Maria Clara Santos,Classic Seafood Paella x1,1650.00,198.00,0.00,1848.00,SPLIT (Cash + GCash),PAID,COMPLETED,TXN-SPL-73867056
ORD-20260825-04393-E51F8,2026-08-25 17:24:01,ONLINE,Ana Reyes,Sweet & Chili Crab Bucket x1,1950.00,234.00,100.00,2284.00,COD,PAID,COMPLETED,TXN-COD-10341190
ORD-20260825-04385-95226,2026-08-25 17:39:49,ONLINE,Lisa Manoban,Garlic Butter Prawns x2; Classic Seafood Paella x1,4150.00,498.00,120.00,4768.00,SPLIT (Cash + GCash),PAID,COMPLETED,TXN-SPL-79904345
ORD-20260825-03077-E3797,2026-08-25 17:54:57,ON_SITE,Joshua Garcia,Garlic Butter Prawns x1,1250.00,150.00,0.00,1400.00,CASH,PAID,COMPLETED,TXN-CAS-17964174
ORD-20260825-04151-0A95D,2026-08-25 18:24:48,ON_SITE,Lisa Manoban,Grilled Seafood Platter x1; Garlic Butter Prawns x1; Fresh Calamansi Juice Pitcher x1,3630.00,435.60,0.00,4065.60,CASH,PAID,COMPLETED,TXN-CAS-26823300
ORD-20260825-00404-DD56E,2026-08-25 18:31:00,ONLINE,Lisa Manoban,Garlic Butter Prawns x1; Crispy Seafood Basket x1,2230.00,267.60,50.00,2547.60,CASH,PAID,IN_PROCESS,TXN-CAS-53714691
ORD-20260825-04810-B0047,2026-08-25 18:36:20,ONLINE,Ana Reyes,Garlic Butter Prawns x2; Grilled Seafood Platter x2,6700.00,804.00,60.00,7564.00,GCASH,PAID,COMPLETED,TXN-GCA-75594856
ORD-20260825-00919-EEF70,2026-08-25 18:49:50,ONLINE,Mark Bautista,Grilled Seafood Platter x1; Seafood Bilao Feast x1; Garlic Butter Prawns x2,7000.00,840.00,100.00,7940.00,MAYA,PAID,IN_PROCESS,TXN-MAY-13882018
ORD-20260825-00090-D86A9,2026-08-25 18:49:57,ONLINE,Juan Tamad,Seafood Cajun Boil x3; Seafood Bilao Feast x1,7950.00,954.00,60.00,8964.00,HYBRID (Cash + GCash),PAID,COMPLETED,TXN-HYB-94073919
ORD-20260825-04874-9F4E9,2026-08-25 19:05:25,ON_SITE,Bea Alonzo,Sweet & Chili Crab Bucket x1; Classic Seafood Paella x3,6900.00,828.00,0.00,7728.00,MAYA,PAID,COMPLETED,TXN-MAY-41861858
ORD-20260825-04212-97398,2026-08-25 19:14:23,ON_SITE,Juan Tamad,Crispy Seafood Basket x1; Classic Seafood Paella x1,2630.00,315.60,0.00,2945.60,GCASH,PAID,COMPLETED,TXN-GCA-34345986
ORD-20260825-02256-C05CE,2026-08-25 19:14:32,ONLINE,Lisa Manoban,Fresh Calamansi Juice Pitcher x2; Seafood Bilao Feast x1; Crispy Seafood Basket x1; Seafood Cajun Boil x1,5790.00,694.80,100.00,6584.80,GCASH,PAID,COMPLETED,TXN-GCA-19441942
ORD-20260825-03757-73F0D,2026-08-25 19:15:35,ON_SITE,Clara Dizon,Seafood Bilao Feast x1,2400.00,288.00,0.00,2688.00,MAYA,PAID,COMPLETED,TXN-MAY-87237797
ORD-20260825-01298-83D2E,2026-08-25 19:16:42,ONLINE,Ana Reyes,Grilled Seafood Platter x1; Fresh Calamansi Juice Pitcher x2,2660.00,319.20,60.00,3039.20,CASH,PAID,COMPLETED,TXN-CAS-91995178
ORD-20260825-01578-43A5E,2026-08-25 19:16:58,ONLINE,Mark Bautista,Sweet & Chili Crab Bucket x1; Grilled Seafood Platter x1; Seafood Bilao Feast x1; Crispy Seafood Basket x1,7430.00,891.60,100.00,8421.60,GCASH,PAID,COMPLETED,TXN-GCA-56460026
ORD-20260825-03298-62DCD,2026-08-25 19:18:41,ONLINE,Mark Bautista,Classic Seafood Paella x1; Garlic Butter Prawns x1; Seafood Bilao Feast x2; Grilled Seafood Platter x1,9800.00,1176.00,75.00,11051.00,GCASH,PAID,COMPLETED,TXN-GCA-54010700
ORD-20260825-03900-45A76,2026-08-25 19:23:12,ON_SITE,Matteo Guidicelli,Grilled Seafood Platter x1; Fresh Calamansi Juice Pitcher x1,2380.00,285.60,0.00,2665.60,CASH,PAID,COMPLETED,TXN-CAS-80758191
ORD-20260825-00924-4318D,2026-08-25 19:28:42,ONLINE,Mark Bautista,Seafood Bilao Feast x2; Sweet & Chili Crab Bucket x1,6750.00,810.00,85.00,7645.00,COD,PAID,COMPLETED,TXN-COD-40199397
ORD-20260825-00918-7DED9,2026-08-25 19:40:22,ON_SITE,Maria Clara Santos,Sweet & Chili Crab Bucket x1; Grilled Seafood Platter x2; Fresh Calamansi Juice Pitcher x2,6710.00,805.20,0.00,7515.20,GCASH,PAID,COMPLETED,TXN-GCA-39577296
ORD-20260825-02515-DE613,2026-08-25 19:41:47,ONLINE,Ana Reyes,Garlic Butter Prawns x1; Classic Seafood Paella x2,4550.00,546.00,120.00,5216.00,SPLIT (Cash + GCash),PAID,COMPLETED,TXN-SPL-41147712
ORD-20260825-04920-63559,2026-08-25 19:42:40,ON_SITE,Lisa Manoban,Garlic Butter Prawns x1; Sweet & Chili Crab Bucket x2,5150.00,618.00,0.00,5768.00,CASH,PENDING,IN_PROCESS,N/A
ORD-20260825-04647-BD25D,2026-08-25 19:44:24,ONLINE,Clara Dizon,Sweet & Chili Crab Bucket x2; Grilled Seafood Platter x1,6000.00,720.00,85.00,6805.00,GCASH,PAID,COMPLETED,TXN-GCA-41603495
ORD-20260825-04500-FB715,2026-08-25 19:53:47,ONLINE,Pedro Penduko,Sweet & Chili Crab Bucket x1,1950.00,234.00,75.00,2259.00,GCASH,PAID,COMPLETED,TXN-GCA-23922958
ORD-20260825-03219-6EE3F,2026-08-25 19:56:54,ONLINE,Mark Bautista,Garlic Butter Prawns x1; Seafood Cajun Boil x1,3100.00,372.00,85.00,3557.00,SPLIT (Cash + GCash),PAID,COMPLETED,TXN-SPL-14385470
ORD-20260825-03827-076EA,2026-08-25 19:57:48,ONLINE,Clara Dizon,Sweet & Chili Crab Bucket x1,1950.00,234.00,120.00,2304.00,GCASH,PAID,COMPLETED,TXN-GCA-21486839
ORD-20260825-04780-125EB,2026-08-25 19:58:05,ON_SITE,Pedro Penduko,Classic Seafood Paella x1; Seafood Bilao Feast x1,4050.00,486.00,0.00,4536.00,HYBRID (Cash + GCash),PAID,COMPLETED,TXN-HYB-65749162
ORD-20260825-02164-B60E4,2026-08-25 20:06:59,ON_SITE,Clara Dizon,Crispy Seafood Basket x1; Fresh Calamansi Juice Pitcher x2; Sweet & Chili Crab Bucket x2,5440.00,652.80,0.00,6092.80,CASH,PAID,COMPLETED,TXN-CAS-30617877
ORD-20260825-04325-289EF,2026-08-25 20:07:43,ON_SITE,Clara Dizon,Seafood Cajun Boil x1; Seafood Bilao Feast x2,6650.00,798.00,0.00,7448.00,MAYA,PAID,COMPLETED,TXN-MAY-35958770
ORD-20260825-03233-049C6,2026-08-25 20:21:38,ONLINE,Juan Tamad,Classic Seafood Paella x1; Sweet & Chili Crab Bucket x2; Grilled Seafood Platter x1,7650.00,918.00,100.00,8668.00,GCASH,PAID,COMPLETED,TXN-GCA-38313290
ORD-20260825-04080-3C727,2026-08-25 20:24:45,ON_SITE,Alden Richards,Seafood Bilao Feast x3,7200.00,864.00,0.00,8064.00,HYBRID (Cash + GCash),PAID,COMPLETED,TXN-HYB-14798266
ORD-20260825-00868-AB837,2026-08-25 20:25:38,ONLINE,Juan Tamad,Seafood Bilao Feast x2; Classic Seafood Paella x1,6450.00,774.00,120.00,7344.00,HYBRID (Cash + GCash),PAID,COMPLETED,TXN-HYB-78677072
ORD-20260825-01699-F51C9,2026-08-25 20:26:01,ONLINE,Juan Tamad,Seafood Bilao Feast x2,4800.00,576.00,60.00,5436.00,MAYA,PAID,COMPLETED,TXN-MAY-57231735
ORD-20260825-02517-2D8B5,2026-08-25 20:36:18,ON_SITE,Clara Dizon,Seafood Bilao Feast x1,2400.00,288.00,0.00,2688.00,CASH,PAID,COMPLETED,TXN-CAS-10321750
ORD-20260825-00281-3FE19,2026-08-25 20:37:30,ON_SITE,Carlos Mendoza,Garlic Butter Prawns x1; Crispy Seafood Basket x1,2230.00,267.60,0.00,2497.60,CASH,PAID,COMPLETED,TXN-CAS-12460894
ORD-20260825-01468-975B7,2026-08-25 20:42:02,ON_SITE,Maria Clara Santos,Fresh Calamansi Juice Pitcher x1,280.00,33.60,0.00,313.60,CASH,PAID,COMPLETED,TXN-CAS-18577549
ORD-20260825-02680-55186,2026-08-25 20:48:38,ONLINE,Pedro Penduko,Seafood Bilao Feast x1,2400.00,288.00,120.00,2808.00,MAYA,PAID,COMPLETED,TXN-MAY-56335629
ORD-20260825-03127-2268A,2026-08-25 20:48:57,ONLINE,Clara Dizon,Crispy Seafood Basket x1,980.00,117.60,50.00,1147.60,GCASH,PAID,COMPLETED,TXN-GCA-97844351
ORD-20260825-03474-1D63A,2026-08-25 20:57:10,ONLINE,Clara Dizon,Seafood Cajun Boil x1; Garlic Butter Prawns x1; Fresh Calamansi Juice Pitcher x1,3380.00,405.60,60.00,3845.60,GCASH,PAID,COMPLETED,TXN-GCA-44901290
ORD-20260825-03271-B934C,2026-08-25 21:10:16,ONLINE,Mark Bautista,Garlic Butter Prawns x3; Fresh Calamansi Juice Pitcher x2,4310.00,517.20,85.00,4912.20,HYBRID (Cash + GCash),PAID,COMPLETED,TXN-HYB-83901336
ORD-20260825-01996-C17E2,2026-08-25 21:22:23,ON_SITE,Mark Bautista,Grilled Seafood Platter x1; Classic Seafood Paella x1,3750.00,450.00,0.00,4200.00,GCASH,PAID,COMPLETED,TXN-GCA-89270233
ORD-20260825-02603-12DFD,2026-08-25 21:53:02,ON_SITE,Ramon Magsaysay Jr.,Fresh Calamansi Juice Pitcher x2,560.00,67.20,0.00,627.20,SPLIT (Cash + GCash),PAID,COMPLETED,TXN-SPL-31440853
ORD-20260826-03406-376A4,2026-08-26 10:13:15,ON_SITE,Mark Bautista,Sweet & Chili Crab Bucket x1,1950.00,234.00,0.00,2184.00,CASH,PAID,COMPLETED,TXN-CAS-25190393
ORD-20260826-01963-F250C,2026-08-26 10:14:52,ON_SITE,Ana Reyes,Crispy Seafood Basket x1; Fresh Calamansi Juice Pitcher x3,1820.00,218.40,0.00,2038.40,SPLIT (Cash + GCash),PAID,COMPLETED,TXN-SPL-96864198
ORD-20260826-01040-EDE01,2026-08-26 10:18:47,ONLINE,Lisa Manoban,Grilled Seafood Platter x2,4200.00,504.00,120.00,4824.00,GCASH,PAID,COMPLETED,TXN-GCA-91222019
ORD-20260826-02090-DC3B0,2026-08-26 10:18:53,ON_SITE,Joshua Garcia,Crispy Seafood Basket x1; Fresh Calamansi Juice Pitcher x2; Seafood Bilao Feast x1,3940.00,472.80,0.00,4412.80,CASH,PAID,COMPLETED,TXN-CAS-42594662
ORD-20260826-02901-447BE,2026-08-26 10:30:41,ON_SITE,Kathryn Bernardo,Seafood Bilao Feast x1,2400.00,288.00,0.00,2688.00,CASH,PAID,COMPLETED,TXN-CAS-79215685
ORD-20260826-02292-F8461,2026-08-26 11:05:48,ONLINE,Mark Bautista,Seafood Cajun Boil x1,1850.00,222.00,50.00,2122.00,SPLIT (Cash + GCash),PAID,COMPLETED,TXN-SPL-82863414
ORD-20260826-03102-1F43A,2026-08-26 11:10:05,ON_SITE,Clara Dizon,Garlic Butter Prawns x2; Fresh Calamansi Juice Pitcher x2,3060.00,367.20,0.00,3427.20,HYBRID (Cash + GCash),PAID,COMPLETED,TXN-HYB-60155322
ORD-20260826-01716-35722,2026-08-26 11:43:22,ON_SITE,Giselle Hernandez,Grilled Seafood Platter x1; Fresh Calamansi Juice Pitcher x1,2380.00,285.60,0.00,2665.60,HYBRID (Cash + GCash),PAID,COMPLETED,TXN-HYB-92153140
ORD-20260826-04369-F315E,2026-08-26 11:51:44,ONLINE,Mark Bautista,Classic Seafood Paella x1,1650.00,198.00,60.00,1908.00,MAYA,PAID,COMPLETED,TXN-MAY-85994414
ORD-20260826-01407-1F55C,2026-08-26 12:29:38,ONLINE,Mark Bautista,Seafood Cajun Boil x3; Crispy Seafood Basket x1; Classic Seafood Paella x1,8180.00,981.60,85.00,9246.60,MAYA,PAID,COMPLETED,TXN-MAY-88859786
ORD-20260826-00242-B19CB,2026-08-26 12:42:56,ON_SITE,Carlos Mendoza,Crispy Seafood Basket x1,980.00,117.60,0.00,1097.60,HYBRID (Cash + GCash),PAID,COMPLETED,TXN-HYB-83058563
ORD-20260826-03294-9EB99,2026-08-26 12:53:42,ON_SITE,Giselle Hernandez,Sweet & Chili Crab Bucket x1,1950.00,234.00,0.00,2184.00,GCASH,PAID,COMPLETED,TXN-GCA-60260710
ORD-20260826-00233-E38C5,2026-08-26 12:55:45,ONLINE,Ana Reyes,Seafood Bilao Feast x1,2400.00,288.00,75.00,2763.00,SPLIT (Cash + GCash),PAID,COMPLETED,TXN-SPL-80724896
ORD-20260826-02404-6FF8B,2026-08-26 13:02:26,ON_SITE,Pedro Penduko,Crispy Seafood Basket x1; Sweet & Chili Crab Bucket x1,2930.00,351.60,0.00,3281.60,CASH,PAID,COMPLETED,TXN-CAS-92517690
ORD-20260826-02037-12A21,2026-08-26 13:09:06,ON_SITE,Ramon Magsaysay Jr.,Garlic Butter Prawns x1; Seafood Bilao Feast x1; Seafood Cajun Boil x2,7350.00,882.00,0.00,8232.00,CASH,PAID,COMPLETED,TXN-CAS-92921683
ORD-20260826-03628-462B0,2026-08-26 13:11:53,ONLINE,Juan Tamad,Crispy Seafood Basket x1,980.00,117.60,60.00,1157.60,GCASH,PAID,COMPLETED,TXN-GCA-69353629
ORD-20260826-03415-C602C,2026-08-26 13:15:19,ONLINE,Juan Tamad,Grilled Seafood Platter x2; Seafood Bilao Feast x1; Sweet & Chili Crab Bucket x2,10500.00,1260.00,120.00,11880.00,GCASH,REFUNDED,CANCELLED,N/A
ORD-20260826-01978-327E3,2026-08-26 13:21:01,ON_SITE,Kathryn Bernardo,Classic Seafood Paella x3,4950.00,594.00,0.00,5544.00,CASH,PAID,COMPLETED,TXN-CAS-96265201
ORD-20260826-03413-795AF,2026-08-26 13:22:09,ON_SITE,Bea Alonzo,Seafood Cajun Boil x1; Classic Seafood Paella x1,3500.00,420.00,0.00,3920.00,CASH,PENDING,IN_PROCESS,N/A
ORD-20260826-03255-843A2,2026-08-26 13:36:10,ONLINE,Pedro Penduko,Fresh Calamansi Juice Pitcher x1; Garlic Butter Prawns x1; Grilled Seafood Platter x1,3630.00,435.60,120.00,4185.60,COD,PAID,COMPLETED,TXN-COD-54557317
ORD-20260826-01073-95F36,2026-08-26 13:38:46,ON_SITE,Joshua Garcia,Fresh Calamansi Juice Pitcher x3,840.00,100.80,0.00,940.80,CASH,PAID,COMPLETED,TXN-CAS-20447148
ORD-20260826-02531-3CFDA,2026-08-26 13:44:27,ON_SITE,Clara Dizon,Garlic Butter Prawns x3; Sweet & Chili Crab Bucket x2,7650.00,918.00,0.00,8568.00,CASH,PAID,COMPLETED,TXN-CAS-65766592
ORD-20260826-00945-DD7DD,2026-08-26 14:08:48,ONLINE,Clara Dizon,Grilled Seafood Platter x1; Seafood Cajun Boil x2,5800.00,696.00,85.00,6581.00,GCASH,PAID,COMPLETED,TXN-GCA-75536945
ORD-20260826-04797-D73BD,2026-08-26 14:17:49,ON_SITE,Maria Clara Santos,Classic Seafood Paella x1; Crispy Seafood Basket x1,2630.00,315.60,0.00,2945.60,CASH,PAID,COMPLETED,TXN-CAS-71323933
ORD-20260826-02766-023D6,2026-08-26 14:36:41,ON_SITE,Bea Alonzo,Sweet & Chili Crab Bucket x1,1950.00,234.00,0.00,2184.00,SPLIT (Cash + GCash),PAID,COMPLETED,TXN-SPL-82084704
ORD-20260826-00687-7342A,2026-08-26 14:38:46,ONLINE,Ana Reyes,Crispy Seafood Basket x1,980.00,117.60,100.00,1197.60,GCASH,PAID,COMPLETED,TXN-GCA-89522532
ORD-20260826-03723-92249,2026-08-26 14:45:08,ONLINE,Ana Reyes,Classic Seafood Paella x2,3300.00,396.00,75.00,3771.00,COD,PAID,COMPLETED,TXN-COD-94299665
ORD-20260826-02499-E2522,2026-08-26 15:04:19,ONLINE,Clara Dizon,Fresh Calamansi Juice Pitcher x1,280.00,33.60,60.00,373.60,MAYA,PAID,COMPLETED,TXN-MAY-48014189
ORD-20260826-03761-32A14,2026-08-26 15:17:38,ON_SITE,Ana Reyes,Seafood Bilao Feast x3,7200.00,864.00,0.00,8064.00,CASH,PAID,COMPLETED,TXN-CAS-40656828
ORD-20260826-03928-EEE5E,2026-08-26 15:29:18,ONLINE,Clara Dizon,Crispy Seafood Basket x1; Seafood Cajun Boil x1,2830.00,339.60,50.00,3219.60,HYBRID (Cash + GCash),PAID,COMPLETED,TXN-HYB-42576019
ORD-20260826-01014-CDB89,2026-08-26 15:31:54,ON_SITE,Ana Reyes,Seafood Cajun Boil x2; Seafood Bilao Feast x1,6100.00,732.00,0.00,6832.00,HYBRID (Cash + GCash),PAID,COMPLETED,TXN-HYB-24148839
ORD-20260826-02951-B1E7D,2026-08-26 15:32:34,ONLINE,Clara Dizon,Classic Seafood Paella x1,1650.00,198.00,120.00,1968.00,COD,PAID,COMPLETED,TXN-COD-86133900
ORD-20260826-04990-C375E,2026-08-26 15:34:30,ONLINE,Pedro Penduko,Fresh Calamansi Juice Pitcher x1,280.00,33.60,120.00,433.60,HYBRID (Cash + GCash),PAID,COMPLETED,TXN-HYB-22401389
ORD-20260826-02157-C245C,2026-08-26 15:35:07,ON_SITE,Carlos Mendoza,Crispy Seafood Basket x1; Sweet & Chili Crab Bucket x1,2930.00,351.60,0.00,3281.60,CASH,PAID,COMPLETED,TXN-CAS-18152948
ORD-20260826-03864-F63C1,2026-08-26 15:46:29,ON_SITE,Lisa Manoban,Garlic Butter Prawns x1,1250.00,150.00,0.00,1400.00,SPLIT (Cash + GCash),PAID,COMPLETED,TXN-SPL-55624206
ORD-20260826-01309-71D66,2026-08-26 16:20:08,ONLINE,Juan Tamad,Seafood Bilao Feast x1; Seafood Cajun Boil x1,4250.00,510.00,100.00,4860.00,HYBRID (Cash + GCash),PAID,COMPLETED,TXN-HYB-54775142
ORD-20260826-00666-8D296,2026-08-26 16:31:42,ONLINE,Mark Bautista,Crispy Seafood Basket x1,980.00,117.60,75.00,1172.60,GCASH,PAID,COMPLETED,TXN-GCA-99267620
ORD-20260826-04572-EDC06,2026-08-26 16:54:43,ONLINE,Pedro Penduko,Garlic Butter Prawns x1,1250.00,150.00,100.00,1500.00,GCASH,REFUNDED,CANCELLED,N/A
ORD-20260826-02275-D8347,2026-08-26 17:34:50,ONLINE,Ana Reyes,Seafood Bilao Feast x1; Fresh Calamansi Juice Pitcher x1,2680.00,321.60,50.00,3051.60,COD,FAILED,CANCELLED,N/A
ORD-20260826-01087-E4FD2,2026-08-26 17:48:45,ON_SITE,Juan Tamad,Sweet & Chili Crab Bucket x1,1950.00,234.00,0.00,2184.00,GCASH,PAID,COMPLETED,TXN-GCA-44509061
ORD-20260826-00632-A1DC2,2026-08-26 17:50:40,ON_SITE,Ana Reyes,Seafood Cajun Boil x1,1850.00,222.00,0.00,2072.00,HYBRID (Cash + GCash),PAID,COMPLETED,TXN-HYB-19906996
ORD-20260826-04501-4C975,2026-08-26 17:56:28,ONLINE,Pedro Penduko,Seafood Cajun Boil x1; Grilled Seafood Platter x1; Crispy Seafood Basket x1,4930.00,591.60,50.00,5571.60,MAYA,PAID,COMPLETED,TXN-MAY-47667938
ORD-20260826-02924-50ED0,2026-08-26 18:30:18,ON_SITE,Daniel Padilla,Classic Seafood Paella x1; Grilled Seafood Platter x1,3750.00,450.00,0.00,4200.00,CASH,PAID,COMPLETED,TXN-CAS-28047304
ORD-20260826-02600-BEE98,2026-08-26 18:50:44,ONLINE,Pedro Penduko,Crispy Seafood Basket x2; Classic Seafood Paella x1; Seafood Bilao Feast x1,6010.00,721.20,85.00,6816.20,GCASH,PAID,COMPLETED,TXN-GCA-20036058
ORD-20260826-02300-8304B,2026-08-26 19:02:14,ONLINE,Pedro Penduko,Seafood Bilao Feast x1; Grilled Seafood Platter x1; Garlic Butter Prawns x1,5750.00,690.00,100.00,6540.00,MAYA,PAID,COMPLETED,TXN-MAY-72101560
ORD-20260826-04993-D352C,2026-08-26 19:09:06,ON_SITE,Pedro Penduko,Garlic Butter Prawns x1; Grilled Seafood Platter x2; Seafood Bilao Feast x2,10250.00,1230.00,0.00,11480.00,CASH,PAID,COMPLETED,TXN-CAS-79881655
ORD-20260826-00731-63A74,2026-08-26 19:12:00,ON_SITE,Joshua Garcia,Sweet & Chili Crab Bucket x2; Crispy Seafood Basket x1,4880.00,585.60,0.00,5465.60,HYBRID (Cash + GCash),PAID,COMPLETED,TXN-HYB-26478979
ORD-20260826-04463-22B63,2026-08-26 19:15:34,ON_SITE,Daniel Padilla,Classic Seafood Paella x1; Seafood Cajun Boil x1,3500.00,420.00,0.00,3920.00,CASH,PAID,COMPLETED,TXN-CAS-56201268
ORD-20260826-02635-D733F,2026-08-26 19:27:30,ONLINE,Ana Reyes,Sweet & Chili Crab Bucket x1; Seafood Cajun Boil x1; Classic Seafood Paella x1,5450.00,654.00,60.00,6164.00,HYBRID (Cash + GCash),PAID,COMPLETED,TXN-HYB-21537573
ORD-20260826-01488-30B37,2026-08-26 19:42:28,ONLINE,Mark Bautista,Seafood Cajun Boil x2; Crispy Seafood Basket x1,4680.00,561.60,100.00,5341.60,GCASH,PAID,COMPLETED,TXN-GCA-23149545
ORD-20260826-01144-51BED,2026-08-26 19:45:44,ON_SITE,Katrina Halili,Classic Seafood Paella x1,1650.00,198.00,0.00,1848.00,MAYA,PAID,COMPLETED,TXN-MAY-53777489
ORD-20260826-01908-98F16,2026-08-26 19:54:16,ONLINE,Juan Tamad,Sweet & Chili Crab Bucket x1; Seafood Bilao Feast x3; Classic Seafood Paella x1,10800.00,1296.00,75.00,12171.00,SPLIT (Cash + GCash),PAID,COMPLETED,TXN-SPL-66527808
ORD-20260826-04735-6C8C1,2026-08-26 19:55:13,ON_SITE,Maria Clara Santos,Sweet & Chili Crab Bucket x1; Fresh Calamansi Juice Pitcher x1; Classic Seafood Paella x1; Garlic Butter Prawns x1,5130.00,615.60,0.00,5745.60,HYBRID (Cash + GCash),PAID,COMPLETED,TXN-HYB-68720529
ORD-20260826-01293-0D040,2026-08-26 20:05:22,ONLINE,Pedro Penduko,Sweet & Chili Crab Bucket x1; Crispy Seafood Basket x2; Grilled Seafood Platter x1,6010.00,721.20,100.00,6831.20,HYBRID (Cash + GCash),PAID,COMPLETED,TXN-HYB-46966314
ORD-20260826-03414-ABCFF,2026-08-26 20:15:43,ON_SITE,Dingdong Dantes,Crispy Seafood Basket x2,1960.00,235.20,0.00,2195.20,HYBRID (Cash + GCash),PAID,COMPLETED,TXN-HYB-84709454
ORD-20260826-04952-64DAB,2026-08-26 20:15:45,ONLINE,Clara Dizon,Seafood Cajun Boil x2; Seafood Bilao Feast x1,6100.00,732.00,85.00,6917.00,GCASH,PENDING,IN_PROCESS,N/A
ORD-20260826-02368-C179D,2026-08-26 20:24:21,ON_SITE,Kathryn Bernardo,Fresh Calamansi Juice Pitcher x1; Seafood Bilao Feast x1,2680.00,321.60,0.00,3001.60,SPLIT (Cash + GCash),PAID,COMPLETED,TXN-SPL-54181867
ORD-20260826-02495-1259C,2026-08-26 20:24:59,ONLINE,Mark Bautista,Classic Seafood Paella x1,1650.00,198.00,60.00,1908.00,GCASH,PAID,COMPLETED,TXN-GCA-81588851
ORD-20260826-03318-F8384,2026-08-26 20:30:11,ON_SITE,Dingdong Dantes,Crispy Seafood Basket x1; Seafood Bilao Feast x1; Grilled Seafood Platter x1,5480.00,657.60,0.00,6137.60,GCASH,PAID,COMPLETED,TXN-GCA-78137588
ORD-20260826-03428-633F6,2026-08-26 20:31:34,ON_SITE,Dindo Dela Cruz,Grilled Seafood Platter x1; Seafood Bilao Feast x3; Garlic Butter Prawns x1,10550.00,1266.00,0.00,11816.00,GCASH,PAID,COMPLETED,TXN-GCA-46649870
ORD-20260826-02460-8BF33,2026-08-26 20:38:16,ON_SITE,Mark Bautista,Seafood Cajun Boil x1; Classic Seafood Paella x1,3500.00,420.00,0.00,3920.00,GCASH,PAID,COMPLETED,TXN-GCA-26707021
ORD-20260826-00709-409F3,2026-08-26 20:39:51,ON_SITE,Joshua Garcia,Seafood Bilao Feast x3; Fresh Calamansi Juice Pitcher x2,7760.00,931.20,0.00,8691.20,GCASH,PAID,COMPLETED,TXN-GCA-52616536
ORD-20260826-00051-E1909,2026-08-26 21:02:58,ONLINE,Ana Reyes,Grilled Seafood Platter x1,2100.00,252.00,100.00,2452.00,GCASH,PAID,COMPLETED,TXN-GCA-70221887
ORD-20260826-03519-8FAD1,2026-08-26 21:03:52,ON_SITE,Sarah Geronimo,Garlic Butter Prawns x1,1250.00,150.00,0.00,1400.00,CASH,PAID,COMPLETED,TXN-CAS-40904333
ORD-20260826-00333-27F05,2026-08-26 21:05:21,ON_SITE,Ferdinand Marcos,Seafood Cajun Boil x1,1850.00,222.00,0.00,2072.00,GCASH,PAID,COMPLETED,TXN-GCA-41355681
ORD-20260826-02313-1EEE8,2026-08-26 21:13:21,ON_SITE,Katrina Halili,Seafood Cajun Boil x2,3700.00,444.00,0.00,4144.00,HYBRID (Cash + GCash),PAID,COMPLETED,TXN-HYB-12025178
ORD-20260826-00887-D17C3,2026-08-26 21:40:18,ONLINE,Ana Reyes,Seafood Bilao Feast x1; Seafood Cajun Boil x1,4250.00,510.00,50.00,4810.00,CASH,PAID,COMPLETED,TXN-CAS-47041962
ORD-20260826-01089-10168,2026-08-26 21:43:47,ON_SITE,Mark Bautista,Classic Seafood Paella x1; Grilled Seafood Platter x2,5850.00,702.00,0.00,6552.00,CASH,PAID,COMPLETED,TXN-CAS-95182469
ORD-20260827-03269-5A394,2026-08-27 10:02:15,ON_SITE,Bea Alonzo,Garlic Butter Prawns x1; Seafood Cajun Boil x1,3100.00,372.00,0.00,3472.00,MAYA,PAID,COMPLETED,TXN-MAY-35021884
ORD-20260827-04895-923D0,2026-08-27 10:16:07,ON_SITE,Ana Reyes,Fresh Calamansi Juice Pitcher x2,560.00,67.20,0.00,627.20,HYBRID (Cash + GCash),PAID,COMPLETED,TXN-HYB-53001171
ORD-20260827-04302-05BD5,2026-08-27 10:23:23,ONLINE,Lisa Manoban,Crispy Seafood Basket x1; Classic Seafood Paella x1,2630.00,315.60,75.00,3020.60,COD,PAID,COMPLETED,TXN-COD-71386661
ORD-20260827-00528-71442,2026-08-27 10:25:29,ONLINE,Mark Bautista,Grilled Seafood Platter x1,2100.00,252.00,60.00,2412.00,HYBRID (Cash + GCash),PAID,COMPLETED,TXN-HYB-88284681
ORD-20260827-03056-EAC93,2026-08-27 10:31:17,ON_SITE,Ferdinand Marcos,Classic Seafood Paella x1; Fresh Calamansi Juice Pitcher x1,1930.00,231.60,0.00,2161.60,MAYA,PAID,COMPLETED,TXN-MAY-95544895
ORD-20260827-03179-1AB20,2026-08-27 10:32:29,ONLINE,Ana Reyes,Crispy Seafood Basket x1,980.00,117.60,75.00,1172.60,GCASH,PAID,COMPLETED,TXN-GCA-63085627
ORD-20260827-01695-0C301,2026-08-27 10:34:23,ONLINE,Clara Dizon,Garlic Butter Prawns x1,1250.00,150.00,50.00,1450.00,GCASH,PAID,COMPLETED,TXN-GCA-60778061
ORD-20260827-02068-2CC22,2026-08-27 10:37:01,ONLINE,Clara Dizon,Garlic Butter Prawns x1; Fresh Calamansi Juice Pitcher x1,1530.00,183.60,75.00,1788.60,SPLIT (Cash + GCash),PAID,IN_PROCESS,TXN-SPL-76623261
ORD-20260827-02124-6983E,2026-08-27 10:44:20,ON_SITE,Clara Dizon,Garlic Butter Prawns x1; Fresh Calamansi Juice Pitcher x1; Sweet & Chili Crab Bucket x1,3480.00,417.60,0.00,3897.60,CASH,PAID,COMPLETED,TXN-CAS-77035462
ORD-20260827-00379-48D8A,2026-08-27 10:55:01,ONLINE,Clara Dizon,Classic Seafood Paella x1,1650.00,198.00,100.00,1948.00,MAYA,PAID,COMPLETED,TXN-MAY-42554590
ORD-20260827-00827-D2905,2026-08-27 10:58:26,ONLINE,Clara Dizon,Sweet & Chili Crab Bucket x1,1950.00,234.00,60.00,2244.00,GCASH,PAID,COMPLETED,TXN-GCA-29765586
ORD-20260827-03786-95385,2026-08-27 11:01:41,ON_SITE,Dingdong Dantes,Seafood Bilao Feast x3; Classic Seafood Paella x1; Crispy Seafood Basket x1,9830.00,1179.60,0.00,11009.60,CASH,PAID,COMPLETED,TXN-CAS-16612884
ORD-20260827-04982-F9767,2026-08-27 11:06:30,ONLINE,Lisa Manoban,Classic Seafood Paella x1; Garlic Butter Prawns x1,2900.00,348.00,60.00,3308.00,SPLIT (Cash + GCash),PAID,COMPLETED,TXN-SPL-66283525
ORD-20260827-02510-E43F7,2026-08-27 11:16:49,ON_SITE,Ana Reyes,Classic Seafood Paella x2; Sweet & Chili Crab Bucket x1; Seafood Bilao Feast x1,7650.00,918.00,0.00,8568.00,CASH,PAID,COMPLETED,TXN-CAS-24916010
ORD-20260827-00237-8B4F8,2026-08-27 11:24:28,ONLINE,Lisa Manoban,Seafood Cajun Boil x1; Crispy Seafood Basket x2; Sweet & Chili Crab Bucket x1,5760.00,691.20,50.00,6501.20,MAYA,PAID,COMPLETED,TXN-MAY-83871033
ORD-20260827-03224-E1A06,2026-08-27 11:41:19,ONLINE,Clara Dizon,Sweet & Chili Crab Bucket x1; Crispy Seafood Basket x1,2930.00,351.60,60.00,3341.60,GCASH,PAID,COMPLETED,TXN-GCA-32110408
ORD-20260827-04417-78902,2026-08-27 11:43:57,ON_SITE,Ferdinand Marcos,Seafood Cajun Boil x2,3700.00,444.00,0.00,4144.00,CASH,PAID,COMPLETED,TXN-CAS-70519526
ORD-20260827-03513-E300D,2026-08-27 11:44:33,ONLINE,Pedro Penduko,Fresh Calamansi Juice Pitcher x1; Seafood Cajun Boil x1; Garlic Butter Prawns x1,3380.00,405.60,60.00,3845.60,SPLIT (Cash + GCash),PAID,COMPLETED,TXN-SPL-14546324
ORD-20260827-00830-A89BA,2026-08-27 12:06:55,ON_SITE,Carlos Mendoza,Crispy Seafood Basket x1; Garlic Butter Prawns x2; Fresh Calamansi Juice Pitcher x2,4040.00,484.80,0.00,4524.80,CASH,PAID,COMPLETED,TXN-CAS-76342845
ORD-20260827-04547-119C7,2026-08-27 12:20:49,ONLINE,Clara Dizon,Garlic Butter Prawns x1; Classic Seafood Paella x3; Seafood Bilao Feast x2,11000.00,1320.00,60.00,12380.00,GCASH,PAID,COMPLETED,TXN-GCA-25214992
ORD-20260827-04974-E1FB6,2026-08-27 12:45:37,ONLINE,Lisa Manoban,Grilled Seafood Platter x3,6300.00,756.00,50.00,7106.00,GCASH,PAID,COMPLETED,TXN-GCA-88946158
ORD-20260827-01099-E6547,2026-08-27 12:53:16,ONLINE,Pedro Penduko,Fresh Calamansi Juice Pitcher x1; Seafood Cajun Boil x1,2130.00,255.60,85.00,2470.60,COD,PAID,COMPLETED,TXN-COD-39040361
ORD-20260827-01379-18CDA,2026-08-27 12:57:34,ONLINE,Ana Reyes,Sweet & Chili Crab Bucket x1; Seafood Bilao Feast x1; Garlic Butter Prawns x2,6850.00,822.00,75.00,7747.00,CASH,PAID,COMPLETED,TXN-CAS-56132331
ORD-20260827-04791-CB654,2026-08-27 13:11:41,ONLINE,Pedro Penduko,Garlic Butter Prawns x1; Fresh Calamansi Juice Pitcher x1,1530.00,183.60,100.00,1813.60,GCASH,PAID,COMPLETED,TXN-GCA-99431953
ORD-20260827-01591-EE919,2026-08-27 13:12:34,ONLINE,Clara Dizon,Crispy Seafood Basket x1; Classic Seafood Paella x2; Seafood Bilao Feast x1; Sweet & Chili Crab Bucket x1,8630.00,1035.60,85.00,9750.60,GCASH,PAID,COMPLETED,TXN-GCA-27309459
ORD-20260827-01434-697AF,2026-08-27 13:17:33,ONLINE,Juan Tamad,Seafood Bilao Feast x1; Grilled Seafood Platter x1,4500.00,540.00,120.00,5160.00,GCASH,PAID,COMPLETED,TXN-GCA-63708638
ORD-20260827-02240-BBBD7,2026-08-27 13:23:15,ON_SITE,Pedro Penduko,Seafood Bilao Feast x1; Fresh Calamansi Juice Pitcher x1,2680.00,321.60,0.00,3001.60,CASH,PAID,COMPLETED,TXN-CAS-60931215
ORD-20260827-00286-F39B4,2026-08-27 13:40:32,ONLINE,Ana Reyes,Crispy Seafood Basket x1; Seafood Cajun Boil x1; Fresh Calamansi Juice Pitcher x2,3390.00,406.80,120.00,3916.80,GCASH,PAID,COMPLETED,TXN-GCA-98843934
ORD-20260827-03741-48BD1,2026-08-27 13:46:12,ON_SITE,Ramon Magsaysay Jr.,Seafood Cajun Boil x2; Crispy Seafood Basket x1,4680.00,561.60,0.00,5241.60,CASH,PAID,COMPLETED,TXN-CAS-96158995
ORD-20260827-04638-4C63E,2026-08-27 13:47:23,ON_SITE,Dindo Dela Cruz,Classic Seafood Paella x1; Garlic Butter Prawns x1,2900.00,348.00,0.00,3248.00,HYBRID (Cash + GCash),PAID,COMPLETED,TXN-HYB-96751168
ORD-20260827-03452-998CA,2026-08-27 13:53:16,ON_SITE,Alden Richards,Grilled Seafood Platter x1,2100.00,252.00,0.00,2352.00,SPLIT (Cash + GCash),PAID,COMPLETED,TXN-SPL-66788540
ORD-20260827-01854-2A8BB,2026-08-27 14:08:10,ON_SITE,Dingdong Dantes,Seafood Cajun Boil x3; Fresh Calamansi Juice Pitcher x1,5830.00,699.60,0.00,6529.60,GCASH,PENDING,CANCELLED,N/A
ORD-20260827-01635-05E5C,2026-08-27 14:14:46,ONLINE,Clara Dizon,Garlic Butter Prawns x2,2500.00,300.00,75.00,2875.00,GCASH,PAID,COMPLETED,TXN-GCA-79010293
ORD-20260827-03329-10849,2026-08-27 14:36:33,ON_SITE,Clara Dizon,Fresh Calamansi Juice Pitcher x1,280.00,33.60,0.00,313.60,GCASH,PAID,COMPLETED,TXN-GCA-94952060
ORD-20260827-02417-1132F,2026-08-27 15:03:10,ON_SITE,Clara Dizon,Garlic Butter Prawns x1; Seafood Cajun Boil x1,3100.00,372.00,0.00,3472.00,CASH,PAID,COMPLETED,TXN-CAS-86872637
ORD-20260827-01911-B2E35,2026-08-27 15:03:59,ON_SITE,Ramon Magsaysay Jr.,Seafood Bilao Feast x1,2400.00,288.00,0.00,2688.00,CASH,PAID,COMPLETED,TXN-CAS-17572654
ORD-20260827-00916-9AD52,2026-08-27 15:06:06,ON_SITE,Pedro Penduko,Seafood Bilao Feast x3; Sweet & Chili Crab Bucket x1; Crispy Seafood Basket x1,10130.00,1215.60,0.00,11345.60,CASH,PAID,COMPLETED,TXN-CAS-86169666
ORD-20260827-04515-B68EF,2026-08-27 15:09:52,ONLINE,Lisa Manoban,Sweet & Chili Crab Bucket x2; Crispy Seafood Basket x2,5860.00,703.20,75.00,6638.20,CASH,PENDING,IN_PROCESS,N/A
ORD-20260827-00843-62667,2026-08-27 15:23:29,ONLINE,Clara Dizon,Classic Seafood Paella x1; Seafood Bilao Feast x2,6450.00,774.00,60.00,7284.00,SPLIT (Cash + GCash),PAID,COMPLETED,TXN-SPL-55381294
ORD-20260827-00115-7EE0E,2026-08-27 15:27:59,ON_SITE,Maria Clara Santos,Seafood Bilao Feast x2,4800.00,576.00,0.00,5376.00,CASH,PAID,COMPLETED,TXN-CAS-26720073
ORD-20260827-02325-420B0,2026-08-27 15:28:12,ONLINE,Ana Reyes,Sweet & Chili Crab Bucket x3; Fresh Calamansi Juice Pitcher x2,6410.00,769.20,75.00,7254.20,SPLIT (Cash + GCash),PAID,COMPLETED,TXN-SPL-26483752
ORD-20260827-04404-00AA6,2026-08-27 15:33:23,ONLINE,Clara Dizon,Seafood Bilao Feast x1; Seafood Cajun Boil x2,6100.00,732.00,50.00,6882.00,COD,PAID,COMPLETED,TXN-COD-54571571
ORD-20260827-04342-33B81,2026-08-27 15:47:58,ONLINE,Lisa Manoban,Crispy Seafood Basket x1; Grilled Seafood Platter x1,3080.00,369.60,100.00,3549.60,GCASH,PAID,COMPLETED,TXN-GCA-55208801
ORD-20260827-02958-F0135,2026-08-27 16:19:19,ONLINE,Lisa Manoban,Classic Seafood Paella x1; Fresh Calamansi Juice Pitcher x2,2210.00,265.20,100.00,2575.20,HYBRID (Cash + GCash),PAID,COMPLETED,TXN-HYB-91344902
ORD-20260827-04694-E35C6,2026-08-27 16:28:53,ONLINE,Lisa Manoban,Crispy Seafood Basket x1,980.00,117.60,120.00,1217.60,CASH,PAID,COMPLETED,TXN-CAS-99391360
ORD-20260827-01645-F9AF2,2026-08-27 16:43:05,ONLINE,Juan Tamad,Garlic Butter Prawns x2,2500.00,300.00,100.00,2900.00,CASH,PAID,COMPLETED,TXN-CAS-94895255
ORD-20260827-04184-ED3B1,2026-08-27 16:48:27,ON_SITE,Bea Alonzo,Crispy Seafood Basket x1; Sweet & Chili Crab Bucket x1; Garlic Butter Prawns x1,4180.00,501.60,0.00,4681.60,HYBRID (Cash + GCash),PAID,COMPLETED,TXN-HYB-86294401
ORD-20260827-00654-13E40,2026-08-27 16:48:53,ON_SITE,Ana Reyes,Garlic Butter Prawns x1; Seafood Bilao Feast x1; Fresh Calamansi Juice Pitcher x1,3930.00,471.60,0.00,4401.60,HYBRID (Cash + GCash),PAID,COMPLETED,TXN-HYB-69135931
ORD-20260827-01577-A3A07,2026-08-27 16:49:48,ON_SITE,Clara Dizon,Classic Seafood Paella x1; Sweet & Chili Crab Bucket x1,3600.00,432.00,0.00,4032.00,CASH,PAID,COMPLETED,TXN-CAS-79638394
ORD-20260827-04096-42FFF,2026-08-27 16:53:01,ON_SITE,Bea Alonzo,Sweet & Chili Crab Bucket x1; Garlic Butter Prawns x1; Crispy Seafood Basket x1; Grilled Seafood Platter x1,6280.00,753.60,0.00,7033.60,GCASH,PAID,COMPLETED,TXN-GCA-37886984
ORD-20260827-04214-940AB,2026-08-27 16:55:33,ON_SITE,Kathryn Bernardo,Sweet & Chili Crab Bucket x1,1950.00,234.00,0.00,2184.00,CASH,PAID,COMPLETED,TXN-CAS-21585312
ORD-20260827-01681-8DD72,2026-08-27 16:59:48,ONLINE,Juan Tamad,Classic Seafood Paella x1; Crispy Seafood Basket x3,4590.00,550.80,120.00,5260.80,MAYA,PENDING,CANCELLED,N/A
ORD-20260827-02581-C2382,2026-08-27 17:15:59,ONLINE,Clara Dizon,Seafood Bilao Feast x2; Garlic Butter Prawns x2; Fresh Calamansi Juice Pitcher x1; Grilled Seafood Platter x1,9680.00,1161.60,60.00,10901.60,GCASH,PAID,COMPLETED,TXN-GCA-81521637
ORD-20260827-03490-3553F,2026-08-27 17:21:12,ON_SITE,Mark Bautista,Garlic Butter Prawns x2,2500.00,300.00,0.00,2800.00,CASH,PAID,COMPLETED,TXN-CAS-69053817
ORD-20260827-01541-27C09,2026-08-27 17:29:46,ONLINE,Clara Dizon,Garlic Butter Prawns x2; Fresh Calamansi Juice Pitcher x1; Classic Seafood Paella x1,4430.00,531.60,60.00,5021.60,GCASH,PAID,COMPLETED,TXN-GCA-45038531
ORD-20260827-02187-65569,2026-08-27 17:53:10,ONLINE,Pedro Penduko,Fresh Calamansi Juice Pitcher x2,560.00,67.20,120.00,747.20,GCASH,PAID,COMPLETED,TXN-GCA-82684906
ORD-20260827-01009-80433,2026-08-27 17:54:41,ON_SITE,Giselle Hernandez,Fresh Calamansi Juice Pitcher x1,280.00,33.60,0.00,313.60,CASH,PAID,COMPLETED,TXN-CAS-14264809
ORD-20260827-01296-8CFB5,2026-08-27 18:04:14,ONLINE,Ana Reyes,Classic Seafood Paella x2; Grilled Seafood Platter x1,5400.00,648.00,100.00,6148.00,SPLIT (Cash + GCash),PAID,COMPLETED,TXN-SPL-75353199
ORD-20260827-01828-6A5A0,2026-08-27 18:12:56,ONLINE,Juan Tamad,Seafood Cajun Boil x3; Garlic Butter Prawns x1; Crispy Seafood Basket x1,7780.00,933.60,85.00,8798.60,SPLIT (Cash + GCash),PAID,COMPLETED,TXN-SPL-78837704
ORD-20260827-02276-A6BF1,2026-08-27 18:40:36,ONLINE,Mark Bautista,Seafood Cajun Boil x1; Seafood Bilao Feast x2,6650.00,798.00,75.00,7523.00,MAYA,PAID,COMPLETED,TXN-MAY-87237483
ORD-20260827-04341-F7962,2026-08-27 18:50:14,ON_SITE,Daniel Padilla,Seafood Cajun Boil x1,1850.00,222.00,0.00,2072.00,GCASH,PAID,COMPLETED,TXN-GCA-76572366
ORD-20260827-01297-D6399,2026-08-27 18:55:06,ONLINE,Mark Bautista,Seafood Bilao Feast x1; Crispy Seafood Basket x2,4360.00,523.20,60.00,4943.20,SPLIT (Cash + GCash),PAID,COMPLETED,TXN-SPL-77674581
ORD-20260827-03427-5C86E,2026-08-27 18:56:19,ON_SITE,Joshua Garcia,Classic Seafood Paella x1; Grilled Seafood Platter x1; Seafood Cajun Boil x2,7450.00,894.00,0.00,8344.00,GCASH,REFUNDED,CANCELLED,N/A
ORD-20260827-00411-6A152,2026-08-27 19:12:23,ON_SITE,Daniel Padilla,Garlic Butter Prawns x1; Seafood Bilao Feast x1; Grilled Seafood Platter x1; Sweet & Chili Crab Bucket x1,7700.00,924.00,0.00,8624.00,HYBRID (Cash + GCash),PAID,COMPLETED,TXN-HYB-28064826
ORD-20260827-00925-DF68C,2026-08-27 19:13:35,ONLINE,Clara Dizon,Grilled Seafood Platter x1,2100.00,252.00,120.00,2472.00,GCASH,PAID,COMPLETED,TXN-GCA-65389971
ORD-20260827-03006-19FCF,2026-08-27 19:28:38,ON_SITE,Bea Alonzo,Grilled Seafood Platter x1; Fresh Calamansi Juice Pitcher x1,2380.00,285.60,0.00,2665.60,GCASH,PAID,COMPLETED,TXN-GCA-71087699
ORD-20260827-01166-7099D,2026-08-27 19:35:03,ON_SITE,Juan Tamad,Garlic Butter Prawns x1; Seafood Bilao Feast x1; Fresh Calamansi Juice Pitcher x1,3930.00,471.60,0.00,4401.60,GCASH,PAID,COMPLETED,TXN-GCA-72558699
ORD-20260827-02565-19A8B,2026-08-27 19:44:55,ONLINE,Clara Dizon,Sweet & Chili Crab Bucket x3; Seafood Bilao Feast x1,8250.00,990.00,50.00,9290.00,CASH,PAID,COMPLETED,TXN-CAS-66544177
ORD-20260827-03260-C094C,2026-08-27 19:56:22,ON_SITE,Sarah Geronimo,Seafood Cajun Boil x2,3700.00,444.00,0.00,4144.00,GCASH,PAID,COMPLETED,TXN-GCA-84763901
ORD-20260827-00660-B443E,2026-08-27 20:14:08,ONLINE,Ana Reyes,Seafood Cajun Boil x1; Grilled Seafood Platter x1; Sweet & Chili Crab Bucket x1,5900.00,708.00,60.00,6668.00,HYBRID (Cash + GCash),PAID,COMPLETED,TXN-HYB-59024706
ORD-20260827-04111-2C222,2026-08-27 20:17:48,ON_SITE,Pedro Penduko,Garlic Butter Prawns x1; Fresh Calamansi Juice Pitcher x3; Crispy Seafood Basket x2,4050.00,486.00,0.00,4536.00,CASH,PAID,COMPLETED,TXN-CAS-92034378
ORD-20260827-01252-8F866,2026-08-27 20:39:26,ONLINE,Pedro Penduko,Sweet & Chili Crab Bucket x1,1950.00,234.00,50.00,2234.00,GCASH,PAID,COMPLETED,TXN-GCA-57240185
ORD-20260827-01527-66AC6,2026-08-27 20:41:55,ONLINE,Juan Tamad,Crispy Seafood Basket x1; Grilled Seafood Platter x2; Fresh Calamansi Juice Pitcher x1,5460.00,655.20,60.00,6175.20,GCASH,PAID,COMPLETED,TXN-GCA-95769802
ORD-20260827-04327-BB98D,2026-08-27 20:58:41,ONLINE,Juan Tamad,Garlic Butter Prawns x2,2500.00,300.00,85.00,2885.00,SPLIT (Cash + GCash),PAID,COMPLETED,TXN-SPL-24265751
ORD-20260827-02477-23316,2026-08-27 21:01:47,ONLINE,Mark Bautista,Grilled Seafood Platter x2; Garlic Butter Prawns x2,6700.00,804.00,85.00,7589.00,GCASH,PAID,COMPLETED,TXN-GCA-56711916
ORD-20260827-02419-00D7F,2026-08-27 21:11:41,ONLINE,Juan Tamad,Fresh Calamansi Juice Pitcher x1,280.00,33.60,60.00,373.60,CASH,PENDING,IN_PROCESS,N/A
ORD-20260827-00911-85A1D,2026-08-27 21:33:46,ON_SITE,Daniel Padilla,Seafood Cajun Boil x3; Seafood Bilao Feast x1; Crispy Seafood Basket x3,10890.00,1306.80,0.00,12196.80,GCASH,PAID,COMPLETED,TXN-GCA-18267092
ORD-20260827-02706-58279,2026-08-27 21:35:15,ON_SITE,Lisa Manoban,Fresh Calamansi Juice Pitcher x1,280.00,33.60,0.00,313.60,SPLIT (Cash + GCash),PAID,COMPLETED,TXN-SPL-34501219
ORD-20260827-04490-ADE8E,2026-08-27 21:45:54,ONLINE,Mark Bautista,Garlic Butter Prawns x1,1250.00,150.00,100.00,1500.00,CASH,PAID,COMPLETED,TXN-CAS-97948416
ORD-20260828-04299-4DA38,2026-08-28 10:18:43,ONLINE,Clara Dizon,Seafood Bilao Feast x2,4800.00,576.00,50.00,5426.00,GCASH,PAID,COMPLETED,TXN-GCA-57375412
ORD-20260828-03248-315ED,2026-08-28 10:40:30,ON_SITE,Daniel Padilla,Crispy Seafood Basket x1; Garlic Butter Prawns x1; Classic Seafood Paella x1,3880.00,465.60,0.00,4345.60,GCASH,PAID,COMPLETED,TXN-GCA-34544464
ORD-20260828-04565-85D72,2026-08-28 10:52:53,ONLINE,Mark Bautista,Garlic Butter Prawns x1,1250.00,150.00,85.00,1485.00,SPLIT (Cash + GCash),PAID,COMPLETED,TXN-SPL-26697589
ORD-20260828-01678-BAD14,2026-08-28 11:30:44,ONLINE,Clara Dizon,Grilled Seafood Platter x1,2100.00,252.00,120.00,2472.00,SPLIT (Cash + GCash),PAID,COMPLETED,TXN-SPL-30653854
ORD-20260828-04554-9A807,2026-08-28 11:34:31,ON_SITE,Carlos Mendoza,Grilled Seafood Platter x1; Seafood Bilao Feast x3,9300.00,1116.00,0.00,10416.00,CASH,PAID,COMPLETED,TXN-CAS-25056647
ORD-20260828-03961-A9103,2026-08-28 11:38:27,ONLINE,Pedro Penduko,Crispy Seafood Basket x1; Sweet & Chili Crab Bucket x1,2930.00,351.60,50.00,3331.60,HYBRID (Cash + GCash),PAID,COMPLETED,TXN-HYB-49948473
ORD-20260828-00011-8A3CF,2026-08-28 11:47:02,ONLINE,Mark Bautista,Garlic Butter Prawns x1; Sweet & Chili Crab Bucket x1,3200.00,384.00,75.00,3659.00,GCASH,PAID,COMPLETED,TXN-GCA-25244402
ORD-20260828-01068-93A50,2026-08-28 12:11:31,ONLINE,Juan Tamad,Crispy Seafood Basket x1,980.00,117.60,75.00,1172.60,MAYA,PAID,COMPLETED,TXN-MAY-23430879
ORD-20260828-00874-20D8C,2026-08-28 12:13:15,ON_SITE,Carlos Mendoza,Sweet & Chili Crab Bucket x1; Classic Seafood Paella x1,3600.00,432.00,0.00,4032.00,GCASH,PAID,COMPLETED,TXN-GCA-90232681
ORD-20260828-01700-3E90D,2026-08-28 12:28:28,ONLINE,Ana Reyes,Seafood Cajun Boil x1; Sweet & Chili Crab Bucket x1; Classic Seafood Paella x1,5450.00,654.00,75.00,6179.00,GCASH,PAID,COMPLETED,TXN-GCA-95577676
ORD-20260828-00184-52F04,2026-08-28 12:29:57,ONLINE,Pedro Penduko,Garlic Butter Prawns x1; Classic Seafood Paella x2,4550.00,546.00,50.00,5146.00,SPLIT (Cash + GCash),PAID,COMPLETED,TXN-SPL-10991473
ORD-20260828-03662-D5373,2026-08-28 12:36:49,ON_SITE,Juan Tamad,Fresh Calamansi Juice Pitcher x1; Classic Seafood Paella x2,3580.00,429.60,0.00,4009.60,CASH,PAID,COMPLETED,TXN-CAS-40653593
ORD-20260828-03425-4F830,2026-08-28 12:48:28,ONLINE,Clara Dizon,Crispy Seafood Basket x1; Grilled Seafood Platter x2,5180.00,621.60,85.00,5886.60,GCASH,PAID,COMPLETED,TXN-GCA-12697247
ORD-20260828-01211-5595B,2026-08-28 12:49:31,ONLINE,Juan Tamad,Sweet & Chili Crab Bucket x1; Fresh Calamansi Juice Pitcher x2,2510.00,301.20,120.00,2931.20,GCASH,PAID,COMPLETED,TXN-GCA-11980537
ORD-20260828-02657-7D335,2026-08-28 12:55:06,ONLINE,Clara Dizon,Sweet & Chili Crab Bucket x1; Seafood Bilao Feast x2; Classic Seafood Paella x1,8400.00,1008.00,100.00,9508.00,HYBRID (Cash + GCash),PAID,COMPLETED,TXN-HYB-49325224
ORD-20260828-02943-1A9B4,2026-08-28 13:32:34,ONLINE,Lisa Manoban,Classic Seafood Paella x1,1650.00,198.00,60.00,1908.00,MAYA,PAID,COMPLETED,TXN-MAY-88115247
ORD-20260828-02688-247A9,2026-08-28 13:34:22,ON_SITE,Juan Tamad,Seafood Cajun Boil x1,1850.00,222.00,0.00,2072.00,HYBRID (Cash + GCash),PAID,COMPLETED,TXN-HYB-64907878
ORD-20260828-04923-97BA6,2026-08-28 13:35:03,ON_SITE,Maria Clara Santos,Classic Seafood Paella x1; Crispy Seafood Basket x1; Fresh Calamansi Juice Pitcher x1,2910.00,349.20,0.00,3259.20,GCASH,PAID,COMPLETED,TXN-GCA-49991538
ORD-20260828-03124-A4060,2026-08-28 13:43:20,ON_SITE,Joshua Garcia,Fresh Calamansi Juice Pitcher x1; Seafood Cajun Boil x1; Garlic Butter Prawns x2,4630.00,555.60,0.00,5185.60,GCASH,PAID,COMPLETED,TXN-GCA-68786473
ORD-20260828-01272-83D49,2026-08-28 13:51:36,ONLINE,Ana Reyes,Seafood Bilao Feast x1,2400.00,288.00,120.00,2808.00,HYBRID (Cash + GCash),PAID,COMPLETED,TXN-HYB-76026458
ORD-20260828-00655-3EA88,2026-08-28 14:32:56,ON_SITE,Sarah Geronimo,Fresh Calamansi Juice Pitcher x1,280.00,33.60,0.00,313.60,SPLIT (Cash + GCash),PAID,COMPLETED,TXN-SPL-62507558
ORD-20260828-04406-4B125,2026-08-28 14:40:21,ON_SITE,Katrina Halili,Crispy Seafood Basket x1,980.00,117.60,0.00,1097.60,CASH,PAID,COMPLETED,TXN-CAS-20370606
ORD-20260828-02640-4FB33,2026-08-28 14:40:41,ON_SITE,Ferdinand Marcos,Classic Seafood Paella x1; Sweet & Chili Crab Bucket x1,3600.00,432.00,0.00,4032.00,CASH,PAID,COMPLETED,TXN-CAS-75927084
ORD-20260828-04919-92A78,2026-08-28 14:46:21,ONLINE,Pedro Penduko,Crispy Seafood Basket x3,2940.00,352.80,75.00,3367.80,MAYA,PAID,COMPLETED,TXN-MAY-31211060
ORD-20260828-03093-DFB02,2026-08-28 14:52:59,ONLINE,Mark Bautista,Sweet & Chili Crab Bucket x1,1950.00,234.00,85.00,2269.00,SPLIT (Cash + GCash),PAID,COMPLETED,TXN-SPL-40750334
ORD-20260828-03498-B8927,2026-08-28 15:06:41,ON_SITE,Clara Dizon,Fresh Calamansi Juice Pitcher x1,280.00,33.60,0.00,313.60,SPLIT (Cash + GCash),PAID,COMPLETED,TXN-SPL-38591312
ORD-20260828-04125-89A8A,2026-08-28 15:53:52,ONLINE,Ana Reyes,Grilled Seafood Platter x1; Crispy Seafood Basket x2; Fresh Calamansi Juice Pitcher x2,4620.00,554.40,50.00,5224.40,HYBRID (Cash + GCash),REFUNDED,CANCELLED,N/A
ORD-20260828-02564-705E2,2026-08-28 15:55:23,ONLINE,Clara Dizon,Grilled Seafood Platter x1,2100.00,252.00,100.00,2452.00,HYBRID (Cash + GCash),PAID,COMPLETED,TXN-HYB-17529171
ORD-20260828-00452-7A1AB,2026-08-28 16:00:46,ON_SITE,Dindo Dela Cruz,Grilled Seafood Platter x2; Seafood Cajun Boil x1,6050.00,726.00,0.00,6776.00,SPLIT (Cash + GCash),PAID,COMPLETED,TXN-SPL-51203702
ORD-20260828-01610-DF1CB,2026-08-28 16:16:17,ONLINE,Juan Tamad,Fresh Calamansi Juice Pitcher x2; Seafood Cajun Boil x1,2410.00,289.20,75.00,2774.20,GCASH,PAID,COMPLETED,TXN-GCA-15060816
ORD-20260828-01947-A2AA4,2026-08-28 16:22:58,ON_SITE,Ferdinand Marcos,Classic Seafood Paella x1,1650.00,198.00,0.00,1848.00,SPLIT (Cash + GCash),PAID,COMPLETED,TXN-SPL-65490990
ORD-20260828-01058-77F47,2026-08-28 16:26:38,ON_SITE,Giselle Hernandez,Seafood Cajun Boil x2; Crispy Seafood Basket x1; Garlic Butter Prawns x3,8430.00,1011.60,0.00,9441.60,MAYA,PAID,COMPLETED,TXN-MAY-29700827
ORD-20260828-03756-64512,2026-08-28 16:28:44,ON_SITE,Katrina Halili,Seafood Bilao Feast x1; Garlic Butter Prawns x2,4900.00,588.00,0.00,5488.00,HYBRID (Cash + GCash),PAID,COMPLETED,TXN-HYB-68255680
ORD-20260828-03051-50119,2026-08-28 16:31:30,ONLINE,Pedro Penduko,Fresh Calamansi Juice Pitcher x1; Garlic Butter Prawns x1; Crispy Seafood Basket x1,2510.00,301.20,85.00,2896.20,GCASH,PAID,COMPLETED,TXN-GCA-85961884
ORD-20260828-02906-93EEA,2026-08-28 16:33:48,ONLINE,Clara Dizon,Classic Seafood Paella x1; Grilled Seafood Platter x2,5850.00,702.00,100.00,6652.00,SPLIT (Cash + GCash),PAID,COMPLETED,TXN-SPL-89618434
ORD-20260828-04297-065F4,2026-08-28 16:57:57,ON_SITE,Carlos Mendoza,Fresh Calamansi Juice Pitcher x1; Classic Seafood Paella x2,3580.00,429.60,0.00,4009.60,GCASH,PAID,COMPLETED,TXN-GCA-38541530
ORD-20260828-04848-FB5F7,2026-08-28 17:15:17,ONLINE,Mark Bautista,Sweet & Chili Crab Bucket x1,1950.00,234.00,75.00,2259.00,SPLIT (Cash + GCash),PAID,COMPLETED,TXN-SPL-51702190
ORD-20260828-03315-6EF66,2026-08-28 17:19:44,ONLINE,Ana Reyes,Crispy Seafood Basket x1; Sweet & Chili Crab Bucket x1; Seafood Bilao Feast x2,7730.00,927.60,50.00,8707.60,HYBRID (Cash + GCash),PAID,COMPLETED,TXN-HYB-83147003
ORD-20260828-02719-9B4C1,2026-08-28 17:30:15,ONLINE,Pedro Penduko,Seafood Bilao Feast x1,2400.00,288.00,120.00,2808.00,GCASH,PAID,COMPLETED,TXN-GCA-78476968
ORD-20260828-03099-93745,2026-08-28 17:39:41,ON_SITE,Bea Alonzo,Garlic Butter Prawns x1; Grilled Seafood Platter x1,3350.00,402.00,0.00,3752.00,SPLIT (Cash + GCash),PENDING,IN_PROCESS,N/A
ORD-20260828-03085-5BBBD,2026-08-28 17:39:48,ONLINE,Lisa Manoban,Grilled Seafood Platter x1; Seafood Bilao Feast x1,4500.00,540.00,85.00,5125.00,GCASH,PAID,COMPLETED,TXN-GCA-53090176
ORD-20260828-03268-5408B,2026-08-28 17:51:27,ONLINE,Clara Dizon,Garlic Butter Prawns x1; Seafood Bilao Feast x3; Seafood Cajun Boil x1; Grilled Seafood Platter x1,12400.00,1488.00,60.00,13948.00,MAYA,PAID,COMPLETED,TXN-MAY-93929278
ORD-20260828-03232-99CEB,2026-08-28 18:04:39,ONLINE,Pedro Penduko,Fresh Calamansi Juice Pitcher x1; Grilled Seafood Platter x1; Garlic Butter Prawns x2; Seafood Cajun Boil x1,6730.00,807.60,120.00,7657.60,SPLIT (Cash + GCash),PAID,COMPLETED,TXN-SPL-73818874
ORD-20260828-01670-FBADA,2026-08-28 18:08:54,ON_SITE,Pedro Penduko,Fresh Calamansi Juice Pitcher x3; Seafood Cajun Boil x2; Seafood Bilao Feast x1,6940.00,832.80,0.00,7772.80,GCASH,PAID,COMPLETED,TXN-GCA-63057911
ORD-20260828-01566-C6636,2026-08-28 18:09:41,ON_SITE,Marian Rivera,Garlic Butter Prawns x2; Seafood Bilao Feast x1,4900.00,588.00,0.00,5488.00,CASH,PENDING,CANCELLED,N/A
ORD-20260828-02304-31CD3,2026-08-28 18:31:41,ONLINE,Juan Tamad,Grilled Seafood Platter x1; Fresh Calamansi Juice Pitcher x2; Classic Seafood Paella x1,4310.00,517.20,60.00,4887.20,HYBRID (Cash + GCash),PENDING,IN_PROCESS,N/A
ORD-20260828-04093-59A5B,2026-08-28 18:35:08,ON_SITE,Alden Richards,Sweet & Chili Crab Bucket x2; Classic Seafood Paella x1,5550.00,666.00,0.00,6216.00,GCASH,PAID,COMPLETED,TXN-GCA-23682456
ORD-20260828-02918-00144,2026-08-28 18:49:54,ON_SITE,Joshua Garcia,Grilled Seafood Platter x1; Seafood Bilao Feast x2,6900.00,828.00,0.00,7728.00,CASH,PENDING,IN_PROCESS,N/A
ORD-20260828-01836-C3DE9,2026-08-28 18:59:04,ONLINE,Mark Bautista,Fresh Calamansi Juice Pitcher x1; Garlic Butter Prawns x1; Sweet & Chili Crab Bucket x2,5430.00,651.60,85.00,6166.60,COD,PAID,COMPLETED,TXN-COD-83381823
ORD-20260828-04441-596BD,2026-08-28 19:13:28,ON_SITE,Giselle Hernandez,Grilled Seafood Platter x1; Garlic Butter Prawns x3; Seafood Cajun Boil x3; Crispy Seafood Basket x2,13360.00,1603.20,0.00,14963.20,GCASH,PAID,COMPLETED,TXN-GCA-51118315
ORD-20260828-01117-0C0DA,2026-08-28 19:19:00,ON_SITE,Carlos Mendoza,Seafood Bilao Feast x2; Crispy Seafood Basket x2; Seafood Cajun Boil x1,8610.00,1033.20,0.00,9643.20,GCASH,PAID,COMPLETED,TXN-GCA-91387163
ORD-20260828-02227-E9674,2026-08-28 19:25:22,ONLINE,Ana Reyes,Seafood Bilao Feast x1; Grilled Seafood Platter x2,6600.00,792.00,50.00,7442.00,MAYA,PAID,COMPLETED,TXN-MAY-39848069
ORD-20260828-04869-0F339,2026-08-28 19:25:23,ONLINE,Juan Tamad,Garlic Butter Prawns x1; Crispy Seafood Basket x2,3210.00,385.20,60.00,3655.20,GCASH,REFUNDED,CANCELLED,N/A
ORD-20260828-02765-F82DD,2026-08-28 19:29:59,ON_SITE,Dingdong Dantes,Fresh Calamansi Juice Pitcher x1,280.00,33.60,0.00,313.60,CASH,PAID,COMPLETED,TXN-CAS-25648693
ORD-20260828-04451-35D2F,2026-08-28 19:42:40,ONLINE,Clara Dizon,Fresh Calamansi Juice Pitcher x1; Garlic Butter Prawns x1,1530.00,183.60,75.00,1788.60,CASH,PAID,COMPLETED,TXN-CAS-39092182
ORD-20260828-02949-EB884,2026-08-28 19:44:51,ON_SITE,Juan Tamad,Fresh Calamansi Juice Pitcher x1; Seafood Cajun Boil x1; Seafood Bilao Feast x1; Grilled Seafood Platter x2,8730.00,1047.60,0.00,9777.60,GCASH,PAID,COMPLETED,TXN-GCA-62136106
ORD-20260828-04693-15520,2026-08-28 19:53:29,ONLINE,Juan Tamad,Sweet & Chili Crab Bucket x2; Seafood Cajun Boil x1,5750.00,690.00,75.00,6515.00,SPLIT (Cash + GCash),PAID,COMPLETED,TXN-SPL-42831166
ORD-20260828-04090-D7008,2026-08-28 19:56:30,ONLINE,Clara Dizon,Crispy Seafood Basket x1; Seafood Cajun Boil x2,4680.00,561.60,75.00,5316.60,COD,PAID,COMPLETED,TXN-COD-53409485
ORD-20260828-02165-489B1,2026-08-28 19:57:25,ONLINE,Clara Dizon,Classic Seafood Paella x1; Garlic Butter Prawns x1,2900.00,348.00,75.00,3323.00,GCASH,PAID,COMPLETED,TXN-GCA-83355847
ORD-20260828-02234-D821E,2026-08-28 20:48:17,ONLINE,Ana Reyes,Grilled Seafood Platter x1,2100.00,252.00,120.00,2472.00,SPLIT (Cash + GCash),PAID,COMPLETED,TXN-SPL-88763795
ORD-20260828-04534-290C1,2026-08-28 20:52:37,ON_SITE,Juan Tamad,Classic Seafood Paella x1,1650.00,198.00,0.00,1848.00,CASH,PAID,COMPLETED,TXN-CAS-44764286
ORD-20260828-02279-1F335,2026-08-28 21:06:12,ONLINE,Ana Reyes,Seafood Cajun Boil x1; Grilled Seafood Platter x2,6050.00,726.00,85.00,6861.00,MAYA,PAID,COMPLETED,TXN-MAY-98300204
ORD-20260828-01112-5C044,2026-08-28 21:26:34,ON_SITE,Alden Richards,Seafood Cajun Boil x1; Fresh Calamansi Juice Pitcher x1; Seafood Bilao Feast x1,4530.00,543.60,0.00,5073.60,GCASH,PAID,COMPLETED,TXN-GCA-43568526
ORD-20260828-00642-403ED,2026-08-28 21:28:56,ONLINE,Clara Dizon,Fresh Calamansi Juice Pitcher x1; Sweet & Chili Crab Bucket x1,2230.00,267.60,120.00,2617.60,COD,PAID,COMPLETED,TXN-COD-78576259
ORD-20260828-04089-71A61,2026-08-28 21:51:59,ON_SITE,Dingdong Dantes,Garlic Butter Prawns x1,1250.00,150.00,0.00,1400.00,GCASH,PAID,COMPLETED,TXN-GCA-31580363
ORD-20260829-01158-7592F,2026-08-29 10:12:14,ON_SITE,Daniel Padilla,Seafood Bilao Feast x1; Grilled Seafood Platter x1; Fresh Calamansi Juice Pitcher x1,4780.00,573.60,0.00,5353.60,GCASH,PAID,COMPLETED,TXN-GCA-97606815
ORD-20260829-04684-5E4D6,2026-08-29 10:29:28,ONLINE,Ana Reyes,Grilled Seafood Platter x1; Garlic Butter Prawns x1; Classic Seafood Paella x1,5000.00,600.00,50.00,5650.00,HYBRID (Cash + GCash),PAID,COMPLETED,TXN-HYB-90892988
ORD-20260829-01022-5DDC6,2026-08-29 10:55:25,ONLINE,Lisa Manoban,Crispy Seafood Basket x1,980.00,117.60,75.00,1172.60,GCASH,PAID,COMPLETED,TXN-GCA-23389479
ORD-20260829-01392-6709F,2026-08-29 11:03:12,ON_SITE,Lisa Manoban,Seafood Bilao Feast x1,2400.00,288.00,0.00,2688.00,CASH,PAID,COMPLETED,TXN-CAS-75300634
ORD-20260829-02549-C7CC1,2026-08-29 11:04:15,ON_SITE,Kathryn Bernardo,Garlic Butter Prawns x3; Classic Seafood Paella x1; Seafood Cajun Boil x1,7250.00,870.00,0.00,8120.00,CASH,PAID,COMPLETED,TXN-CAS-64780830
ORD-20260829-01128-E4523,2026-08-29 11:16:36,ON_SITE,Katrina Halili,Seafood Cajun Boil x3; Sweet & Chili Crab Bucket x1,7500.00,900.00,0.00,8400.00,CASH,PAID,COMPLETED,TXN-CAS-16634599
ORD-20260829-01230-A198B,2026-08-29 11:17:59,ONLINE,Lisa Manoban,Grilled Seafood Platter x2; Fresh Calamansi Juice Pitcher x1; Crispy Seafood Basket x3,7420.00,890.40,50.00,8360.40,HYBRID (Cash + GCash),PAID,COMPLETED,TXN-HYB-81866451
ORD-20260829-00519-B3820,2026-08-29 11:32:26,ONLINE,Lisa Manoban,Sweet & Chili Crab Bucket x1; Seafood Cajun Boil x2; Crispy Seafood Basket x1,6630.00,795.60,100.00,7525.60,SPLIT (Cash + GCash),PAID,COMPLETED,TXN-SPL-48997200
ORD-20260829-01385-9CB0E,2026-08-29 11:34:46,ON_SITE,Sarah Geronimo,Grilled Seafood Platter x1; Classic Seafood Paella x1,3750.00,450.00,0.00,4200.00,CASH,PAID,COMPLETED,TXN-CAS-91389230
ORD-20260829-02622-9C729,2026-08-29 11:49:58,ONLINE,Pedro Penduko,Garlic Butter Prawns x2,2500.00,300.00,85.00,2885.00,COD,PAID,COMPLETED,TXN-COD-49715865
ORD-20260829-00228-EFD40,2026-08-29 11:51:30,ONLINE,Ana Reyes,Crispy Seafood Basket x1; Grilled Seafood Platter x1; Fresh Calamansi Juice Pitcher x2,3640.00,436.80,100.00,4176.80,HYBRID (Cash + GCash),PAID,COMPLETED,TXN-HYB-41924341
ORD-20260829-03316-E852D,2026-08-29 11:53:26,ON_SITE,Carlos Mendoza,Seafood Bilao Feast x1,2400.00,288.00,0.00,2688.00,CASH,PAID,COMPLETED,TXN-CAS-27407787
ORD-20260829-04204-45DBC,2026-08-29 11:54:50,ONLINE,Ana Reyes,Seafood Bilao Feast x1; Crispy Seafood Basket x2; Garlic Butter Prawns x1; Classic Seafood Paella x1,7260.00,871.20,60.00,8191.20,GCASH,PENDING,IN_PROCESS,N/A
ORD-20260829-02840-637E7,2026-08-29 12:12:22,ON_SITE,Carlos Mendoza,Crispy Seafood Basket x1,980.00,117.60,0.00,1097.60,SPLIT (Cash + GCash),PAID,COMPLETED,TXN-SPL-96286723
ORD-20260829-03973-BB2E2,2026-08-29 12:13:13,ONLINE,Mark Bautista,Sweet & Chili Crab Bucket x1; Grilled Seafood Platter x1; Seafood Bilao Feast x2,8850.00,1062.00,60.00,9972.00,COD,PAID,COMPLETED,TXN-COD-99663006
ORD-20260829-02311-5388B,2026-08-29 12:23:32,ONLINE,Ana Reyes,Seafood Bilao Feast x3; Garlic Butter Prawns x1; Sweet & Chili Crab Bucket x1,10400.00,1248.00,50.00,11698.00,HYBRID (Cash + GCash),PAID,COMPLETED,TXN-HYB-72117346
ORD-20260829-00734-72570,2026-08-29 12:25:23,ONLINE,Mark Bautista,Fresh Calamansi Juice Pitcher x1,280.00,33.60,85.00,398.60,GCASH,PAID,COMPLETED,TXN-GCA-40029318
ORD-20260829-03781-671E8,2026-08-29 12:31:17,ON_SITE,Clara Dizon,Seafood Bilao Feast x1,2400.00,288.00,0.00,2688.00,CASH,PAID,COMPLETED,TXN-CAS-11684232
ORD-20260829-03409-A80FA,2026-08-29 12:40:47,ON_SITE,Ana Reyes,Seafood Bilao Feast x1; Crispy Seafood Basket x1; Sweet & Chili Crab Bucket x1; Grilled Seafood Platter x1,7430.00,891.60,0.00,8321.60,HYBRID (Cash + GCash),PAID,COMPLETED,TXN-HYB-87161257
ORD-20260829-00101-2AE96,2026-08-29 12:50:14,ONLINE,Ana Reyes,Fresh Calamansi Juice Pitcher x1; Grilled Seafood Platter x1,2380.00,285.60,100.00,2765.60,GCASH,PAID,COMPLETED,TXN-GCA-37465292
ORD-20260829-01669-55F83,2026-08-29 13:05:00,ON_SITE,Clara Dizon,Seafood Cajun Boil x1; Garlic Butter Prawns x1; Seafood Bilao Feast x1,5500.00,660.00,0.00,6160.00,CASH,PAID,COMPLETED,TXN-CAS-15712355
ORD-20260829-01222-F5FD1,2026-08-29 13:31:29,ON_SITE,Dindo Dela Cruz,Classic Seafood Paella x1,1650.00,198.00,0.00,1848.00,GCASH,PAID,COMPLETED,TXN-GCA-89759374
ORD-20260829-04063-B292C,2026-08-29 13:32:04,ON_SITE,Ana Reyes,Sweet & Chili Crab Bucket x1; Grilled Seafood Platter x1,4050.00,486.00,0.00,4536.00,GCASH,PAID,IN_PROCESS,TXN-GCA-66029112
ORD-20260829-00441-5BA3C,2026-08-29 13:35:27,ONLINE,Juan Tamad,Sweet & Chili Crab Bucket x2; Seafood Bilao Feast x1,6300.00,756.00,60.00,7116.00,SPLIT (Cash + GCash),PAID,COMPLETED,TXN-SPL-78662282
ORD-20260829-01278-FAA93,2026-08-29 13:38:35,ON_SITE,Lisa Manoban,Grilled Seafood Platter x2,4200.00,504.00,0.00,4704.00,MAYA,PAID,COMPLETED,TXN-MAY-53901074
ORD-20260829-04942-E3D7B,2026-08-29 13:53:24,ONLINE,Mark Bautista,Grilled Seafood Platter x1; Seafood Bilao Feast x2,6900.00,828.00,120.00,7848.00,GCASH,PAID,COMPLETED,TXN-GCA-34493281
ORD-20260829-02884-854CA,2026-08-29 13:56:48,ON_SITE,Lisa Manoban,Sweet & Chili Crab Bucket x1; Fresh Calamansi Juice Pitcher x1; Classic Seafood Paella x1,3880.00,465.60,0.00,4345.60,CASH,PAID,IN_PROCESS,TXN-CAS-34952392
ORD-20260829-01292-0C40C,2026-08-29 14:12:01,ON_SITE,Clara Dizon,Garlic Butter Prawns x1; Seafood Bilao Feast x1,3650.00,438.00,0.00,4088.00,CASH,PAID,COMPLETED,TXN-CAS-80374541
ORD-20260829-04448-9C695,2026-08-29 14:25:05,ONLINE,Ana Reyes,Fresh Calamansi Juice Pitcher x1,280.00,33.60,85.00,398.60,GCASH,PAID,COMPLETED,TXN-GCA-76414026
ORD-20260829-02007-1249C,2026-08-29 14:28:01,ON_SITE,Bea Alonzo,Garlic Butter Prawns x2,2500.00,300.00,0.00,2800.00,CASH,PAID,COMPLETED,TXN-CAS-56402879
ORD-20260829-04936-F646E,2026-08-29 14:31:27,ON_SITE,Ana Reyes,Sweet & Chili Crab Bucket x2; Crispy Seafood Basket x2,5860.00,703.20,0.00,6563.20,CASH,PAID,COMPLETED,TXN-CAS-11137934
ORD-20260829-01907-F151F,2026-08-29 14:33:20,ON_SITE,Ana Reyes,Fresh Calamansi Juice Pitcher x1,280.00,33.60,0.00,313.60,GCASH,PAID,COMPLETED,TXN-GCA-21963896
ORD-20260829-03580-69570,2026-08-29 14:42:15,ON_SITE,Juan Tamad,Seafood Cajun Boil x1; Classic Seafood Paella x1; Sweet & Chili Crab Bucket x1,5450.00,654.00,0.00,6104.00,MAYA,PENDING,IN_PROCESS,N/A
ORD-20260829-04255-3CFBC,2026-08-29 15:05:18,ONLINE,Ana Reyes,Crispy Seafood Basket x1; Seafood Bilao Feast x1,3380.00,405.60,85.00,3870.60,GCASH,PAID,COMPLETED,TXN-GCA-41881720
ORD-20260829-03782-714AB,2026-08-29 15:11:50,ONLINE,Pedro Penduko,Grilled Seafood Platter x1; Crispy Seafood Basket x1; Seafood Cajun Boil x2,6780.00,813.60,75.00,7668.60,SPLIT (Cash + GCash),PAID,COMPLETED,TXN-SPL-18401482
ORD-20260829-01382-2319D,2026-08-29 15:38:56,ON_SITE,Clara Dizon,Classic Seafood Paella x1,1650.00,198.00,0.00,1848.00,GCASH,PAID,COMPLETED,TXN-GCA-45669898
ORD-20260829-03437-759BD,2026-08-29 15:48:29,ON_SITE,Daniel Padilla,Garlic Butter Prawns x1,1250.00,150.00,0.00,1400.00,GCASH,PENDING,IN_PROCESS,N/A
ORD-20260829-01100-62629,2026-08-29 15:52:11,ON_SITE,Pedro Penduko,Grilled Seafood Platter x1; Seafood Cajun Boil x1; Garlic Butter Prawns x2,6450.00,774.00,0.00,7224.00,GCASH,PAID,COMPLETED,TXN-GCA-17826987
ORD-20260829-00255-F1017,2026-08-29 15:52:38,ON_SITE,Ana Reyes,Grilled Seafood Platter x2; Seafood Bilao Feast x1,6600.00,792.00,0.00,7392.00,MAYA,PAID,COMPLETED,TXN-MAY-25245737
ORD-20260829-04276-58D99,2026-08-29 16:06:24,ONLINE,Pedro Penduko,Sweet & Chili Crab Bucket x1; Grilled Seafood Platter x1,4050.00,486.00,100.00,4636.00,GCASH,PAID,COMPLETED,TXN-GCA-87088713
ORD-20260829-01628-B869C,2026-08-29 16:20:06,ONLINE,Clara Dizon,Seafood Cajun Boil x1,1850.00,222.00,75.00,2147.00,GCASH,PAID,COMPLETED,TXN-GCA-47016508
ORD-20260829-01798-13B00,2026-08-29 16:26:49,ON_SITE,Lisa Manoban,Fresh Calamansi Juice Pitcher x1; Garlic Butter Prawns x1,1530.00,183.60,0.00,1713.60,CASH,PAID,COMPLETED,TXN-CAS-10136225
ORD-20260829-03217-3CFF7,2026-08-29 16:27:01,ON_SITE,Lisa Manoban,Seafood Bilao Feast x3; Fresh Calamansi Juice Pitcher x1,7480.00,897.60,0.00,8377.60,CASH,PAID,COMPLETED,TXN-CAS-88681012
ORD-20260829-03092-1975D,2026-08-29 16:33:34,ON_SITE,Daniel Padilla,Seafood Cajun Boil x1,1850.00,222.00,0.00,2072.00,GCASH,PAID,COMPLETED,TXN-GCA-27418203
ORD-20260829-03607-92978,2026-08-29 16:58:50,ON_SITE,Clara Dizon,Crispy Seafood Basket x1,980.00,117.60,0.00,1097.60,CASH,PENDING,IN_PROCESS,N/A
ORD-20260829-01668-F8DC2,2026-08-29 17:17:26,ONLINE,Ana Reyes,Sweet & Chili Crab Bucket x1; Seafood Cajun Boil x1,3800.00,456.00,60.00,4316.00,GCASH,PAID,COMPLETED,TXN-GCA-43510342
ORD-20260829-02034-76560,2026-08-29 17:18:25,ONLINE,Ana Reyes,Seafood Bilao Feast x2; Garlic Butter Prawns x1; Grilled Seafood Platter x1,8150.00,978.00,85.00,9213.00,GCASH,PAID,COMPLETED,TXN-GCA-54562665
ORD-20260829-00794-32DCA,2026-08-29 17:32:50,ON_SITE,Marian Rivera,Garlic Butter Prawns x1; Seafood Cajun Boil x2; Crispy Seafood Basket x1,5930.00,711.60,0.00,6641.60,CASH,PAID,COMPLETED,TXN-CAS-57629351
ORD-20260829-01826-F871D,2026-08-29 17:47:12,ON_SITE,Daniel Padilla,Seafood Cajun Boil x1; Crispy Seafood Basket x1,2830.00,339.60,0.00,3169.60,HYBRID (Cash + GCash),REFUNDED,CANCELLED,N/A
ORD-20260829-03359-1203C,2026-08-29 17:50:43,ONLINE,Juan Tamad,Grilled Seafood Platter x1; Classic Seafood Paella x1,3750.00,450.00,120.00,4320.00,GCASH,PAID,COMPLETED,TXN-GCA-88102583
ORD-20260829-03382-AC790,2026-08-29 17:59:45,ONLINE,Ana Reyes,Sweet & Chili Crab Bucket x3; Crispy Seafood Basket x2; Garlic Butter Prawns x1,9060.00,1087.20,100.00,10247.20,MAYA,PAID,COMPLETED,TXN-MAY-50886460
ORD-20260829-00726-C4442,2026-08-29 18:12:10,ON_SITE,Mark Bautista,Fresh Calamansi Juice Pitcher x1; Seafood Bilao Feast x1,2680.00,321.60,0.00,3001.60,GCASH,PAID,COMPLETED,TXN-GCA-39345468
ORD-20260829-01797-F6F82,2026-08-29 18:20:20,ONLINE,Ana Reyes,Garlic Butter Prawns x1,1250.00,150.00,60.00,1460.00,GCASH,FAILED,CANCELLED,N/A
ORD-20260829-00964-EE3F8,2026-08-29 18:23:19,ON_SITE,Mark Bautista,Grilled Seafood Platter x1; Seafood Cajun Boil x2; Fresh Calamansi Juice Pitcher x3,6640.00,796.80,0.00,7436.80,CASH,PAID,COMPLETED,TXN-CAS-23832516
ORD-20260829-00468-82606,2026-08-29 18:34:17,ON_SITE,Katrina Halili,Garlic Butter Prawns x1; Fresh Calamansi Juice Pitcher x2,1810.00,217.20,0.00,2027.20,GCASH,PAID,COMPLETED,TXN-GCA-25074944
ORD-20260829-00631-4142F,2026-08-29 18:37:31,ONLINE,Juan Tamad,Crispy Seafood Basket x1,980.00,117.60,85.00,1182.60,HYBRID (Cash + GCash),PAID,COMPLETED,TXN-HYB-60437667
ORD-20260829-00148-3B73B,2026-08-29 18:37:56,ONLINE,Clara Dizon,Seafood Cajun Boil x1; Fresh Calamansi Juice Pitcher x1; Grilled Seafood Platter x1,4230.00,507.60,50.00,4787.60,GCASH,PAID,COMPLETED,TXN-GCA-11052700
ORD-20260829-00990-53B14,2026-08-29 18:43:14,ONLINE,Juan Tamad,Sweet & Chili Crab Bucket x1; Crispy Seafood Basket x1; Garlic Butter Prawns x1; Fresh Calamansi Juice Pitcher x1,4460.00,535.20,85.00,5080.20,GCASH,PAID,COMPLETED,TXN-GCA-27961572
ORD-20260829-03590-5358E,2026-08-29 18:50:56,ON_SITE,Pedro Penduko,Seafood Bilao Feast x1,2400.00,288.00,0.00,2688.00,CASH,PAID,COMPLETED,TXN-CAS-10014966
ORD-20260829-00871-8E5B8,2026-08-29 18:52:29,ON_SITE,Pedro Penduko,Crispy Seafood Basket x1,980.00,117.60,0.00,1097.60,GCASH,REFUNDED,CANCELLED,N/A
ORD-20260829-04927-EE224,2026-08-29 18:55:03,ONLINE,Pedro Penduko,Garlic Butter Prawns x3,3750.00,450.00,75.00,4275.00,SPLIT (Cash + GCash),PAID,COMPLETED,TXN-SPL-42714283
ORD-20260829-04994-8E38E,2026-08-29 19:19:42,ON_SITE,Dingdong Dantes,Crispy Seafood Basket x1; Seafood Bilao Feast x2; Fresh Calamansi Juice Pitcher x1,6060.00,727.20,0.00,6787.20,HYBRID (Cash + GCash),PAID,COMPLETED,TXN-HYB-56594326
ORD-20260829-02976-60558,2026-08-29 19:20:38,ON_SITE,Carlos Mendoza,Sweet & Chili Crab Bucket x1; Seafood Bilao Feast x1; Classic Seafood Paella x1,6000.00,720.00,0.00,6720.00,CASH,PAID,COMPLETED,TXN-CAS-47718932
ORD-20260829-03612-9005D,2026-08-29 19:57:05,ON_SITE,Juan Tamad,Crispy Seafood Basket x2; Fresh Calamansi Juice Pitcher x1; Seafood Bilao Feast x1; Garlic Butter Prawns x2,7140.00,856.80,0.00,7996.80,CASH,PAID,COMPLETED,TXN-CAS-98628108
ORD-20260829-02434-C1A6D,2026-08-29 20:13:58,ONLINE,Ana Reyes,Garlic Butter Prawns x1; Fresh Calamansi Juice Pitcher x1,1530.00,183.60,120.00,1833.60,GCASH,PAID,COMPLETED,TXN-GCA-84634452
ORD-20260829-03711-5E276,2026-08-29 20:25:52,ON_SITE,Kathryn Bernardo,Seafood Cajun Boil x2,3700.00,444.00,0.00,4144.00,CASH,PAID,COMPLETED,TXN-CAS-70080191
ORD-20260829-00485-51360,2026-08-29 20:35:04,ON_SITE,Lisa Manoban,Fresh Calamansi Juice Pitcher x2,560.00,67.20,0.00,627.20,CASH,PAID,COMPLETED,TXN-CAS-42883880
ORD-20260829-01935-5A8D8,2026-08-29 20:42:18,ONLINE,Pedro Penduko,Garlic Butter Prawns x3,3750.00,450.00,60.00,4260.00,GCASH,PAID,COMPLETED,TXN-GCA-40755375
ORD-20260829-01694-768B5,2026-08-29 20:45:54,ONLINE,Ana Reyes,Garlic Butter Prawns x2; Sweet & Chili Crab Bucket x1; Seafood Cajun Boil x1; Classic Seafood Paella x1,7950.00,954.00,75.00,8979.00,MAYA,PAID,COMPLETED,TXN-MAY-86579300
ORD-20260829-02702-72627,2026-08-29 20:48:57,ONLINE,Pedro Penduko,Seafood Cajun Boil x1,1850.00,222.00,60.00,2132.00,MAYA,PAID,COMPLETED,TXN-MAY-61564777
ORD-20260829-03591-CF040,2026-08-29 20:57:24,ON_SITE,Dindo Dela Cruz,Seafood Cajun Boil x1,1850.00,222.00,0.00,2072.00,MAYA,PAID,COMPLETED,TXN-MAY-26814317
ORD-20260829-01953-2427E,2026-08-29 21:05:51,ONLINE,Mark Bautista,Classic Seafood Paella x1; Sweet & Chili Crab Bucket x1; Seafood Bilao Feast x1; Grilled Seafood Platter x2,10200.00,1224.00,50.00,11474.00,MAYA,PAID,COMPLETED,TXN-MAY-60846037
ORD-20260829-04241-B0A83,2026-08-29 21:06:51,ON_SITE,Marian Rivera,Fresh Calamansi Juice Pitcher x1; Seafood Bilao Feast x1,2680.00,321.60,0.00,3001.60,CASH,PAID,COMPLETED,TXN-CAS-83944713
ORD-20260829-03632-D20C0,2026-08-29 21:06:54,ON_SITE,Carlos Mendoza,Classic Seafood Paella x2,3300.00,396.00,0.00,3696.00,CASH,PAID,IN_PROCESS,TXN-CAS-10615148
ORD-20260829-01557-CF760,2026-08-29 21:27:20,ONLINE,Lisa Manoban,Grilled Seafood Platter x1; Classic Seafood Paella x1,3750.00,450.00,75.00,4275.00,SPLIT (Cash + GCash),PAID,COMPLETED,TXN-SPL-91721200
ORD-20260829-04172-ED258,2026-08-29 21:32:30,ONLINE,Clara Dizon,Classic Seafood Paella x1; Seafood Cajun Boil x1; Sweet & Chili Crab Bucket x3; Garlic Butter Prawns x2,11850.00,1422.00,100.00,13372.00,GCASH,PAID,COMPLETED,TXN-GCA-17655804
ORD-20260829-04186-104D2,2026-08-29 21:35:13,ON_SITE,Juan Tamad,Seafood Bilao Feast x1,2400.00,288.00,0.00,2688.00,HYBRID (Cash + GCash),PAID,COMPLETED,TXN-HYB-73364282
ORD-20260829-00939-AEA82,2026-08-29 21:56:56,ON_SITE,Dingdong Dantes,Seafood Cajun Boil x1,1850.00,222.00,0.00,2072.00,GCASH,PAID,COMPLETED,TXN-GCA-40375149
ORD-20260829-00260-3B786,2026-08-29 21:57:32,ON_SITE,Mark Bautista,Classic Seafood Paella x1,1650.00,198.00,0.00,1848.00,MAYA,PAID,COMPLETED,TXN-MAY-41728079
ORD-20260829-02271-4E9B3,2026-08-29 21:57:43,ON_SITE,Bea Alonzo,Grilled Seafood Platter x1; Crispy Seafood Basket x1; Classic Seafood Paella x2; Seafood Bilao Feast x1,8780.00,1053.60,0.00,9833.60,CASH,PAID,COMPLETED,TXN-CAS-31550758
ORD-20260829-03699-B8250,2026-08-29 21:58:37,ONLINE,Mark Bautista,Seafood Cajun Boil x2,3700.00,444.00,60.00,4204.00,COD,PAID,COMPLETED,TXN-COD-83870406
ORD-20260830-04247-C15E6,2026-08-30 10:00:55,ONLINE,Clara Dizon,Sweet & Chili Crab Bucket x1; Classic Seafood Paella x1,3600.00,432.00,85.00,4117.00,CASH,FAILED,CANCELLED,N/A
ORD-20260830-02602-1AD5F,2026-08-30 10:02:55,ON_SITE,Sarah Geronimo,Crispy Seafood Basket x1; Grilled Seafood Platter x1,3080.00,369.60,0.00,3449.60,HYBRID (Cash + GCash),PENDING,IN_PROCESS,N/A
ORD-20260830-01080-445DD,2026-08-30 10:03:46,ON_SITE,Lisa Manoban,Crispy Seafood Basket x2,1960.00,235.20,0.00,2195.20,HYBRID (Cash + GCash),PAID,COMPLETED,TXN-HYB-31613667
ORD-20260830-03879-7F0DA,2026-08-30 10:16:44,ONLINE,Lisa Manoban,Crispy Seafood Basket x1,980.00,117.60,50.00,1147.60,MAYA,PAID,COMPLETED,TXN-MAY-72498618
ORD-20260830-00004-93424,2026-08-30 10:19:06,ONLINE,Pedro Penduko,Crispy Seafood Basket x1,980.00,117.60,85.00,1182.60,HYBRID (Cash + GCash),PAID,COMPLETED,TXN-HYB-55592117
ORD-20260830-02403-E0EE0,2026-08-30 10:32:38,ON_SITE,Kathryn Bernardo,Grilled Seafood Platter x1; Garlic Butter Prawns x3; Crispy Seafood Basket x1; Fresh Calamansi Juice Pitcher x1,7110.00,853.20,0.00,7963.20,HYBRID (Cash + GCash),PAID,COMPLETED,TXN-HYB-93994732
ORD-20260830-02269-CFC6A,2026-08-30 10:45:05,ONLINE,Lisa Manoban,Garlic Butter Prawns x1; Grilled Seafood Platter x1; Sweet & Chili Crab Bucket x1,5300.00,636.00,75.00,6011.00,GCASH,PAID,COMPLETED,TXN-GCA-53844098
ORD-20260830-02320-C017B,2026-08-30 10:57:12,ONLINE,Pedro Penduko,Fresh Calamansi Juice Pitcher x1,280.00,33.60,50.00,363.60,GCASH,PAID,COMPLETED,TXN-GCA-25840129
ORD-20260830-04283-6989D,2026-08-30 10:58:27,ONLINE,Mark Bautista,Sweet & Chili Crab Bucket x1; Garlic Butter Prawns x1,3200.00,384.00,50.00,3634.00,SPLIT (Cash + GCash),PAID,COMPLETED,TXN-SPL-65338255
ORD-20260830-03740-DA2DA,2026-08-30 11:05:51,ONLINE,Mark Bautista,Garlic Butter Prawns x3; Fresh Calamansi Juice Pitcher x1,4030.00,483.60,85.00,4598.60,GCASH,PAID,COMPLETED,TXN-GCA-26616599
ORD-20260830-00810-FB4AD,2026-08-30 11:34:00,ON_SITE,Kathryn Bernardo,Seafood Cajun Boil x1,1850.00,222.00,0.00,2072.00,GCASH,PAID,COMPLETED,TXN-GCA-57752004
ORD-20260830-00104-0DCDE,2026-08-30 11:36:32,ON_SITE,Kathryn Bernardo,Seafood Bilao Feast x1; Fresh Calamansi Juice Pitcher x2,2960.00,355.20,0.00,3315.20,GCASH,PAID,COMPLETED,TXN-GCA-27959119
ORD-20260830-01123-EA600,2026-08-30 11:41:01,ON_SITE,Mark Bautista,Sweet & Chili Crab Bucket x1; Grilled Seafood Platter x1; Classic Seafood Paella x3,9000.00,1080.00,0.00,10080.00,GCASH,PAID,COMPLETED,TXN-GCA-66443112
ORD-20260830-02522-4CBDD,2026-08-30 11:48:33,ONLINE,Ana Reyes,Garlic Butter Prawns x1,1250.00,150.00,100.00,1500.00,SPLIT (Cash + GCash),PAID,COMPLETED,TXN-SPL-12427087
ORD-20260830-04403-831E2,2026-08-30 12:00:43,ON_SITE,Giselle Hernandez,Seafood Bilao Feast x1; Sweet & Chili Crab Bucket x3,8250.00,990.00,0.00,9240.00,HYBRID (Cash + GCash),PAID,COMPLETED,TXN-HYB-29941131
ORD-20260830-01497-2CD4D,2026-08-30 12:26:22,ONLINE,Clara Dizon,Seafood Cajun Boil x1; Classic Seafood Paella x1,3500.00,420.00,85.00,4005.00,GCASH,PAID,COMPLETED,TXN-GCA-86077233
ORD-20260830-02393-A5E92,2026-08-30 12:27:31,ONLINE,Lisa Manoban,Grilled Seafood Platter x1; Fresh Calamansi Juice Pitcher x1; Crispy Seafood Basket x2,4340.00,520.80,60.00,4920.80,CASH,PENDING,IN_PROCESS,N/A
ORD-20260830-00476-F1D61,2026-08-30 12:46:24,ON_SITE,Ramon Magsaysay Jr.,Seafood Bilao Feast x1,2400.00,288.00,0.00,2688.00,CASH,PAID,COMPLETED,TXN-CAS-22936144
ORD-20260830-00601-5D47E,2026-08-30 13:03:33,ON_SITE,Pedro Penduko,Fresh Calamansi Juice Pitcher x2,560.00,67.20,0.00,627.20,CASH,PAID,COMPLETED,TXN-CAS-83008219
ORD-20260830-04558-152A6,2026-08-30 13:04:12,ON_SITE,Katrina Halili,Fresh Calamansi Juice Pitcher x1,280.00,33.60,0.00,313.60,SPLIT (Cash + GCash),PAID,COMPLETED,TXN-SPL-83624415
ORD-20260830-04582-836D5,2026-08-30 13:10:06,ONLINE,Clara Dizon,Classic Seafood Paella x1,1650.00,198.00,50.00,1898.00,GCASH,PAID,COMPLETED,TXN-GCA-92707430
ORD-20260830-01956-55483,2026-08-30 13:22:56,ONLINE,Juan Tamad,Crispy Seafood Basket x1; Classic Seafood Paella x1,2630.00,315.60,75.00,3020.60,CASH,PAID,COMPLETED,TXN-CAS-17185376
ORD-20260830-04145-19BE9,2026-08-30 13:25:15,ON_SITE,Pedro Penduko,Seafood Cajun Boil x2,3700.00,444.00,0.00,4144.00,CASH,PAID,COMPLETED,TXN-CAS-86747924
ORD-20260830-03371-BAB36,2026-08-30 13:49:45,ON_SITE,Giselle Hernandez,Seafood Cajun Boil x2; Crispy Seafood Basket x1; Sweet & Chili Crab Bucket x1,6630.00,795.60,0.00,7425.60,GCASH,PAID,COMPLETED,TXN-GCA-67967787
ORD-20260830-03909-A1F90,2026-08-30 14:18:26,ON_SITE,Daniel Padilla,Seafood Bilao Feast x2; Crispy Seafood Basket x1,5780.00,693.60,0.00,6473.60,CASH,PAID,COMPLETED,TXN-CAS-77142154
ORD-20260830-03531-F7C75,2026-08-30 14:33:59,ONLINE,Mark Bautista,Crispy Seafood Basket x1; Seafood Cajun Boil x1; Sweet & Chili Crab Bucket x1,4780.00,573.60,60.00,5413.60,GCASH,PAID,COMPLETED,TXN-GCA-34384239
ORD-20260830-02749-F6EAC,2026-08-30 14:43:49,ONLINE,Ana Reyes,Grilled Seafood Platter x1,2100.00,252.00,120.00,2472.00,CASH,PAID,COMPLETED,TXN-CAS-66681949
ORD-20260830-01585-E9205,2026-08-30 14:48:48,ON_SITE,Dindo Dela Cruz,Sweet & Chili Crab Bucket x2; Grilled Seafood Platter x2; Fresh Calamansi Juice Pitcher x1,8380.00,1005.60,0.00,9385.60,SPLIT (Cash + GCash),PAID,COMPLETED,TXN-SPL-85350257
ORD-20260830-02941-85FD4,2026-08-30 15:01:43,ONLINE,Ana Reyes,Seafood Bilao Feast x1; Classic Seafood Paella x1; Garlic Butter Prawns x1; Fresh Calamansi Juice Pitcher x1,5580.00,669.60,75.00,6324.60,GCASH,PAID,COMPLETED,TXN-GCA-10362938
ORD-20260830-04658-2E50F,2026-08-30 15:23:10,ON_SITE,Clara Dizon,Sweet & Chili Crab Bucket x1,1950.00,234.00,0.00,2184.00,MAYA,PAID,COMPLETED,TXN-MAY-21724969
ORD-20260830-04675-C1684,2026-08-30 15:34:32,ON_SITE,Matteo Guidicelli,Grilled Seafood Platter x1,2100.00,252.00,0.00,2352.00,CASH,PAID,COMPLETED,TXN-CAS-47813466
ORD-20260830-02692-3D37D,2026-08-30 15:41:57,ON_SITE,Carlos Mendoza,Classic Seafood Paella x2,3300.00,396.00,0.00,3696.00,GCASH,PAID,COMPLETED,TXN-GCA-77318859
ORD-20260830-02865-0C075,2026-08-30 15:55:43,ONLINE,Ana Reyes,Classic Seafood Paella x1,1650.00,198.00,50.00,1898.00,GCASH,PAID,IN_PROCESS,TXN-GCA-49111975
ORD-20260830-02137-E0160,2026-08-30 15:59:30,ON_SITE,Katrina Halili,Classic Seafood Paella x1,1650.00,198.00,0.00,1848.00,CASH,PAID,COMPLETED,TXN-CAS-12273382
ORD-20260830-01062-85583,2026-08-30 16:21:11,ONLINE,Ana Reyes,Seafood Cajun Boil x1; Classic Seafood Paella x1; Sweet & Chili Crab Bucket x2,7400.00,888.00,85.00,8373.00,HYBRID (Cash + GCash),PAID,COMPLETED,TXN-HYB-15601713
ORD-20260830-04013-AEB82,2026-08-30 16:22:21,ON_SITE,Mark Bautista,Garlic Butter Prawns x1,1250.00,150.00,0.00,1400.00,CASH,PAID,COMPLETED,TXN-CAS-94688141
ORD-20260830-00983-336C6,2026-08-30 16:23:31,ON_SITE,Kathryn Bernardo,Classic Seafood Paella x1; Seafood Bilao Feast x1; Grilled Seafood Platter x3,10350.00,1242.00,0.00,11592.00,CASH,PAID,COMPLETED,TXN-CAS-62204974
ORD-20260830-00877-DD177,2026-08-30 16:47:07,ONLINE,Clara Dizon,Seafood Cajun Boil x1,1850.00,222.00,60.00,2132.00,GCASH,PAID,COMPLETED,TXN-GCA-60371075
ORD-20260830-01246-4A5CE,2026-08-30 16:50:03,ON_SITE,Dingdong Dantes,Crispy Seafood Basket x1,980.00,117.60,0.00,1097.60,MAYA,PAID,COMPLETED,TXN-MAY-31868504
ORD-20260830-02847-90811,2026-08-30 17:16:32,ONLINE,Pedro Penduko,Fresh Calamansi Juice Pitcher x1,280.00,33.60,85.00,398.60,GCASH,PAID,COMPLETED,TXN-GCA-89912343
ORD-20260830-01520-C6180,2026-08-30 17:25:08,ONLINE,Ana Reyes,Garlic Butter Prawns x1; Crispy Seafood Basket x1,2230.00,267.60,85.00,2582.60,SPLIT (Cash + GCash),PENDING,CANCELLED,N/A
ORD-20260830-00703-5DBA6,2026-08-30 17:52:38,ON_SITE,Dingdong Dantes,Garlic Butter Prawns x1; Classic Seafood Paella x1,2900.00,348.00,0.00,3248.00,GCASH,PAID,COMPLETED,TXN-GCA-64721556
ORD-20260830-03480-C8F9D,2026-08-30 17:54:25,ONLINE,Clara Dizon,Fresh Calamansi Juice Pitcher x1,280.00,33.60,50.00,363.60,CASH,PAID,COMPLETED,TXN-CAS-73288719
ORD-20260830-04289-DEFEC,2026-08-30 17:58:11,ONLINE,Juan Tamad,Grilled Seafood Platter x1; Garlic Butter Prawns x1,3350.00,402.00,85.00,3837.00,MAYA,PAID,COMPLETED,TXN-MAY-87191363
ORD-20260830-02149-FF2E2,2026-08-30 18:02:08,ON_SITE,Maria Clara Santos,Sweet & Chili Crab Bucket x1; Garlic Butter Prawns x2,4450.00,534.00,0.00,4984.00,MAYA,PAID,COMPLETED,TXN-MAY-55605755
ORD-20260830-04053-2F212,2026-08-30 18:11:58,ON_SITE,Matteo Guidicelli,Seafood Bilao Feast x2; Garlic Butter Prawns x1,6050.00,726.00,0.00,6776.00,SPLIT (Cash + GCash),PAID,COMPLETED,TXN-SPL-81027198
ORD-20260830-03811-56283,2026-08-30 18:35:02,ON_SITE,Mark Bautista,Crispy Seafood Basket x1; Garlic Butter Prawns x1; Grilled Seafood Platter x1; Seafood Cajun Boil x1,6180.00,741.60,0.00,6921.60,GCASH,PAID,COMPLETED,TXN-GCA-30113326
ORD-20260830-04701-576F1,2026-08-30 18:38:40,ONLINE,Mark Bautista,Crispy Seafood Basket x3,2940.00,352.80,100.00,3392.80,GCASH,PAID,COMPLETED,TXN-GCA-66715379
ORD-20260830-02637-BD147,2026-08-30 18:46:26,ONLINE,Ana Reyes,Crispy Seafood Basket x1; Grilled Seafood Platter x1,3080.00,369.60,100.00,3549.60,GCASH,PAID,COMPLETED,TXN-GCA-43567309
ORD-20260830-02260-D24C1,2026-08-30 18:53:08,ONLINE,Clara Dizon,Fresh Calamansi Juice Pitcher x1,280.00,33.60,100.00,413.60,MAYA,PAID,COMPLETED,TXN-MAY-76938607
ORD-20260830-02594-75B51,2026-08-30 18:59:13,ONLINE,Juan Tamad,Classic Seafood Paella x1; Sweet & Chili Crab Bucket x1; Crispy Seafood Basket x3,6540.00,784.80,50.00,7374.80,GCASH,PAID,COMPLETED,TXN-GCA-31767822
ORD-20260830-01672-74A2D,2026-08-30 19:04:18,ON_SITE,Lisa Manoban,Seafood Bilao Feast x1,2400.00,288.00,0.00,2688.00,CASH,PAID,COMPLETED,TXN-CAS-96982013
ORD-20260830-02301-A17A8,2026-08-30 19:14:35,ONLINE,Lisa Manoban,Sweet & Chili Crab Bucket x1,1950.00,234.00,75.00,2259.00,GCASH,PAID,COMPLETED,TXN-GCA-99791275
ORD-20260830-02927-9F673,2026-08-30 19:39:03,ON_SITE,Ana Reyes,Sweet & Chili Crab Bucket x1; Seafood Cajun Boil x1,3800.00,456.00,0.00,4256.00,GCASH,PENDING,CANCELLED,N/A
ORD-20260830-00723-EE32A,2026-08-30 19:52:16,ONLINE,Lisa Manoban,Fresh Calamansi Juice Pitcher x1,280.00,33.60,50.00,363.60,COD,PAID,COMPLETED,TXN-COD-77624873
ORD-20260830-00178-96CC0,2026-08-30 20:03:36,ON_SITE,Matteo Guidicelli,Sweet & Chili Crab Bucket x1; Seafood Cajun Boil x1,3800.00,456.00,0.00,4256.00,CASH,PAID,COMPLETED,TXN-CAS-30787281
ORD-20260830-00227-82963,2026-08-30 20:05:36,ON_SITE,Lisa Manoban,Classic Seafood Paella x1; Seafood Bilao Feast x2,6450.00,774.00,0.00,7224.00,SPLIT (Cash + GCash),PAID,COMPLETED,TXN-SPL-78593062
ORD-20260830-03005-EB99C,2026-08-30 20:09:33,ON_SITE,Lisa Manoban,Garlic Butter Prawns x2; Grilled Seafood Platter x1; Crispy Seafood Basket x1; Sweet & Chili Crab Bucket x1,7530.00,903.60,0.00,8433.60,MAYA,PAID,COMPLETED,TXN-MAY-83725339
ORD-20260830-04569-85BCD,2026-08-30 20:51:20,ONLINE,Lisa Manoban,Fresh Calamansi Juice Pitcher x1,280.00,33.60,60.00,373.60,GCASH,PAID,COMPLETED,TXN-GCA-46503702
ORD-20260830-02066-2D204,2026-08-30 21:42:20,ON_SITE,Daniel Padilla,Sweet & Chili Crab Bucket x2,3900.00,468.00,0.00,4368.00,CASH,PAID,COMPLETED,TXN-CAS-29100363
ORD-20260831-01108-299B2,2026-08-31 10:05:20,ONLINE,Mark Bautista,Classic Seafood Paella x2; Seafood Bilao Feast x2,8100.00,972.00,60.00,9132.00,MAYA,PAID,COMPLETED,TXN-MAY-92472543
ORD-20260831-04726-C3334,2026-08-31 10:36:45,ONLINE,Mark Bautista,Grilled Seafood Platter x2; Garlic Butter Prawns x1,5450.00,654.00,85.00,6189.00,GCASH,PENDING,CANCELLED,N/A
ORD-20260831-00320-CF776,2026-08-31 10:42:25,ON_SITE,Bea Alonzo,Crispy Seafood Basket x1,980.00,117.60,0.00,1097.60,CASH,PAID,COMPLETED,TXN-CAS-66397852
ORD-20260831-04985-4F887,2026-08-31 10:43:12,ONLINE,Juan Tamad,Grilled Seafood Platter x2,4200.00,504.00,50.00,4754.00,GCASH,PENDING,IN_PROCESS,N/A
ORD-20260831-00359-7D77B,2026-08-31 10:48:34,ONLINE,Mark Bautista,Crispy Seafood Basket x1,980.00,117.60,85.00,1182.60,MAYA,PAID,COMPLETED,TXN-MAY-13726100
ORD-20260831-03262-7D79D,2026-08-31 11:18:08,ON_SITE,Joshua Garcia,Sweet & Chili Crab Bucket x1,1950.00,234.00,0.00,2184.00,CASH,PAID,COMPLETED,TXN-CAS-97666375
ORD-20260831-02123-B9159,2026-08-31 11:46:32,ONLINE,Ana Reyes,Crispy Seafood Basket x1; Fresh Calamansi Juice Pitcher x1; Seafood Cajun Boil x2,4960.00,595.20,100.00,5655.20,CASH,PAID,COMPLETED,TXN-CAS-11329249
ORD-20260831-04343-44758,2026-08-31 12:03:01,ONLINE,Ana Reyes,Fresh Calamansi Juice Pitcher x2; Crispy Seafood Basket x1; Seafood Bilao Feast x1,3940.00,472.80,100.00,4512.80,GCASH,PAID,COMPLETED,TXN-GCA-79984162
ORD-20260831-03630-D1589,2026-08-31 12:20:31,ON_SITE,Carlos Mendoza,Seafood Bilao Feast x2; Garlic Butter Prawns x1,6050.00,726.00,0.00,6776.00,GCASH,PAID,COMPLETED,TXN-GCA-47176373
ORD-20260831-04893-9E4CE,2026-08-31 12:30:23,ON_SITE,Carlos Mendoza,Garlic Butter Prawns x2,2500.00,300.00,0.00,2800.00,HYBRID (Cash + GCash),PAID,COMPLETED,TXN-HYB-87892956
ORD-20260831-01708-9E8FC,2026-08-31 12:34:41,ONLINE,Lisa Manoban,Fresh Calamansi Juice Pitcher x1; Seafood Cajun Boil x1; Classic Seafood Paella x1,3780.00,453.60,100.00,4333.60,GCASH,PAID,COMPLETED,TXN-GCA-45728086
ORD-20260831-03950-EF47C,2026-08-31 13:00:30,ON_SITE,Clara Dizon,Grilled Seafood Platter x1,2100.00,252.00,0.00,2352.00,GCASH,PAID,COMPLETED,TXN-GCA-18385941
ORD-20260831-04025-1A4D4,2026-08-31 13:01:01,ON_SITE,Clara Dizon,Grilled Seafood Platter x1; Garlic Butter Prawns x1; Seafood Bilao Feast x1,5750.00,690.00,0.00,6440.00,CASH,PAID,COMPLETED,TXN-CAS-68479716
ORD-20260831-04933-875D5,2026-08-31 13:35:37,ONLINE,Mark Bautista,Fresh Calamansi Juice Pitcher x1; Classic Seafood Paella x1,1930.00,231.60,100.00,2261.60,GCASH,PAID,COMPLETED,TXN-GCA-87858006
ORD-20260831-03675-ECC0F,2026-08-31 13:47:41,ON_SITE,Joshua Garcia,Garlic Butter Prawns x1; Seafood Cajun Boil x2; Seafood Bilao Feast x1,7350.00,882.00,0.00,8232.00,CASH,PAID,COMPLETED,TXN-CAS-58725137
ORD-20260831-03566-D12E2,2026-08-31 13:58:54,ON_SITE,Juan Tamad,Seafood Cajun Boil x3; Sweet & Chili Crab Bucket x1; Garlic Butter Prawns x1,8750.00,1050.00,0.00,9800.00,SPLIT (Cash + GCash),PAID,COMPLETED,TXN-SPL-15104443
ORD-20260831-04536-6586C,2026-08-31 14:06:35,ONLINE,Mark Bautista,Grilled Seafood Platter x1,2100.00,252.00,85.00,2437.00,GCASH,PAID,COMPLETED,TXN-GCA-83792952
ORD-20260831-02267-85E35,2026-08-31 14:09:24,ONLINE,Juan Tamad,Classic Seafood Paella x3; Crispy Seafood Basket x2; Seafood Bilao Feast x1; Grilled Seafood Platter x1,11410.00,1369.20,85.00,12864.20,SPLIT (Cash + GCash),PENDING,IN_PROCESS,N/A
ORD-20260831-02778-FCD8E,2026-08-31 14:25:35,ON_SITE,Matteo Guidicelli,Seafood Cajun Boil x2,3700.00,444.00,0.00,4144.00,CASH,PAID,COMPLETED,TXN-CAS-78871339
ORD-20260831-00644-78832,2026-08-31 14:26:38,ONLINE,Ana Reyes,Grilled Seafood Platter x1,2100.00,252.00,120.00,2472.00,GCASH,PAID,COMPLETED,TXN-GCA-18432229
ORD-20260831-02067-73403,2026-08-31 14:32:33,ONLINE,Lisa Manoban,Grilled Seafood Platter x1,2100.00,252.00,100.00,2452.00,HYBRID (Cash + GCash),PAID,COMPLETED,TXN-HYB-88288737
ORD-20260831-04228-DCA9E,2026-08-31 14:37:07,ONLINE,Lisa Manoban,Fresh Calamansi Juice Pitcher x1; Grilled Seafood Platter x1,2380.00,285.60,85.00,2750.60,GCASH,REFUNDED,CANCELLED,N/A
ORD-20260831-02845-51519,2026-08-31 15:14:13,ONLINE,Lisa Manoban,Fresh Calamansi Juice Pitcher x2,560.00,67.20,100.00,727.20,MAYA,PAID,COMPLETED,TXN-MAY-74309988
ORD-20260831-01707-30069,2026-08-31 15:17:46,ONLINE,Juan Tamad,Garlic Butter Prawns x1,1250.00,150.00,75.00,1475.00,GCASH,PAID,COMPLETED,TXN-GCA-32030151
ORD-20260831-01035-07EC6,2026-08-31 15:18:21,ON_SITE,Lisa Manoban,Seafood Cajun Boil x2; Crispy Seafood Basket x1; Garlic Butter Prawns x1,5930.00,711.60,0.00,6641.60,CASH,PENDING,IN_PROCESS,N/A
ORD-20260831-02682-193EA,2026-08-31 15:31:28,ON_SITE,Clara Dizon,Grilled Seafood Platter x3; Garlic Butter Prawns x1; Classic Seafood Paella x2,10850.00,1302.00,0.00,12152.00,HYBRID (Cash + GCash),PAID,COMPLETED,TXN-HYB-47422670
ORD-20260831-02699-9E350,2026-08-31 15:40:52,ON_SITE,Mark Bautista,Grilled Seafood Platter x1; Garlic Butter Prawns x1,3350.00,402.00,0.00,3752.00,CASH,PAID,COMPLETED,TXN-CAS-57465877
ORD-20260831-04731-BDA33,2026-08-31 15:47:03,ON_SITE,Juan Tamad,Seafood Bilao Feast x1,2400.00,288.00,0.00,2688.00,CASH,PAID,COMPLETED,TXN-CAS-35146196
ORD-20260831-01654-F78D5,2026-08-31 15:50:50,ONLINE,Juan Tamad,Sweet & Chili Crab Bucket x2; Crispy Seafood Basket x1; Classic Seafood Paella x1; Seafood Cajun Boil x1,8380.00,1005.60,100.00,9485.60,GCASH,PAID,COMPLETED,TXN-GCA-23990433
ORD-20260831-02501-CD52E,2026-08-31 16:05:55,ONLINE,Juan Tamad,Grilled Seafood Platter x2; Seafood Cajun Boil x2,7900.00,948.00,50.00,8898.00,GCASH,PAID,COMPLETED,TXN-GCA-57123086
ORD-20260831-02563-B34BC,2026-08-31 16:46:03,ONLINE,Lisa Manoban,Seafood Bilao Feast x2; Classic Seafood Paella x1,6450.00,774.00,120.00,7344.00,GCASH,PAID,COMPLETED,TXN-GCA-15818358
ORD-20260831-03043-CABE8,2026-08-31 16:50:06,ONLINE,Ana Reyes,Seafood Bilao Feast x2,4800.00,576.00,85.00,5461.00,GCASH,PAID,COMPLETED,TXN-GCA-57533261
ORD-20260831-01121-DA933,2026-08-31 16:56:21,ONLINE,Clara Dizon,Fresh Calamansi Juice Pitcher x1; Classic Seafood Paella x1,1930.00,231.60,60.00,2221.60,COD,PAID,COMPLETED,TXN-COD-76470237
ORD-20260831-03654-EC311,2026-08-31 16:59:45,ON_SITE,Matteo Guidicelli,Crispy Seafood Basket x1,980.00,117.60,0.00,1097.60,GCASH,PAID,COMPLETED,TXN-GCA-20732893
ORD-20260831-04514-3859E,2026-08-31 17:09:10,ONLINE,Ana Reyes,Garlic Butter Prawns x1; Crispy Seafood Basket x1,2230.00,267.60,120.00,2617.60,GCASH,PAID,COMPLETED,TXN-GCA-32379230
ORD-20260831-03441-89D10,2026-08-31 17:11:07,ONLINE,Lisa Manoban,Garlic Butter Prawns x1,1250.00,150.00,50.00,1450.00,GCASH,PAID,COMPLETED,TXN-GCA-14403861
ORD-20260831-03346-2DAFF,2026-08-31 17:12:47,ONLINE,Pedro Penduko,Seafood Bilao Feast x1,2400.00,288.00,85.00,2773.00,GCASH,FAILED,CANCELLED,N/A
ORD-20260831-03986-C010C,2026-08-31 17:13:44,ONLINE,Pedro Penduko,Seafood Cajun Boil x2,3700.00,444.00,60.00,4204.00,MAYA,PAID,COMPLETED,TXN-MAY-47987544
ORD-20260831-02922-FB0F2,2026-08-31 17:21:34,ON_SITE,Dindo Dela Cruz,Grilled Seafood Platter x1; Seafood Bilao Feast x2,6900.00,828.00,0.00,7728.00,GCASH,PAID,COMPLETED,TXN-GCA-30883412
ORD-20260831-02441-50B99,2026-08-31 17:23:43,ONLINE,Mark Bautista,Grilled Seafood Platter x1,2100.00,252.00,85.00,2437.00,MAYA,PAID,COMPLETED,TXN-MAY-36949098
ORD-20260831-00745-B8181,2026-08-31 17:31:26,ON_SITE,Juan Tamad,Fresh Calamansi Juice Pitcher x2,560.00,67.20,0.00,627.20,GCASH,PAID,COMPLETED,TXN-GCA-75168354
ORD-20260831-03846-56048,2026-08-31 17:46:17,ON_SITE,Joshua Garcia,Grilled Seafood Platter x1; Seafood Bilao Feast x1,4500.00,540.00,0.00,5040.00,HYBRID (Cash + GCash),PAID,IN_PROCESS,TXN-HYB-60236916
ORD-20260831-01625-3418C,2026-08-31 17:47:34,ON_SITE,Dingdong Dantes,Garlic Butter Prawns x1; Seafood Bilao Feast x1; Seafood Cajun Boil x1,5500.00,660.00,0.00,6160.00,SPLIT (Cash + GCash),PAID,COMPLETED,TXN-SPL-95074875
ORD-20260831-04086-F2602,2026-08-31 17:48:06,ON_SITE,Matteo Guidicelli,Classic Seafood Paella x2,3300.00,396.00,0.00,3696.00,CASH,PAID,COMPLETED,TXN-CAS-27694211
ORD-20260831-01287-77516,2026-08-31 17:52:03,ON_SITE,Dingdong Dantes,Grilled Seafood Platter x1; Crispy Seafood Basket x1,3080.00,369.60,0.00,3449.60,CASH,PAID,COMPLETED,TXN-CAS-52582457
ORD-20260831-03090-DDFC3,2026-08-31 18:05:33,ONLINE,Ana Reyes,Seafood Bilao Feast x1; Sweet & Chili Crab Bucket x1,4350.00,522.00,60.00,4932.00,MAYA,PAID,IN_PROCESS,TXN-MAY-22194086
ORD-20260831-04330-70735,2026-08-31 18:09:28,ON_SITE,Alden Richards,Garlic Butter Prawns x1; Seafood Cajun Boil x3,6800.00,816.00,0.00,7616.00,GCASH,PAID,COMPLETED,TXN-GCA-34682080
ORD-20260831-00820-D7105,2026-08-31 18:20:16,ONLINE,Ana Reyes,Sweet & Chili Crab Bucket x1; Classic Seafood Paella x2,5250.00,630.00,85.00,5965.00,GCASH,PAID,COMPLETED,TXN-GCA-63457509
ORD-20260831-02083-77BA5,2026-08-31 18:32:42,ONLINE,Juan Tamad,Sweet & Chili Crab Bucket x1,1950.00,234.00,120.00,2304.00,SPLIT (Cash + GCash),PENDING,IN_PROCESS,N/A
ORD-20260831-02003-EBAD7,2026-08-31 19:04:28,ON_SITE,Dingdong Dantes,Sweet & Chili Crab Bucket x2,3900.00,468.00,0.00,4368.00,GCASH,PAID,COMPLETED,TXN-GCA-98311213
ORD-20260831-02490-BDC39,2026-08-31 19:20:34,ONLINE,Ana Reyes,Classic Seafood Paella x2; Sweet & Chili Crab Bucket x1; Seafood Cajun Boil x1,7100.00,852.00,60.00,8012.00,GCASH,PAID,COMPLETED,TXN-GCA-12514040
ORD-20260831-00531-A23C3,2026-08-31 19:41:16,ON_SITE,Pedro Penduko,Classic Seafood Paella x2; Seafood Bilao Feast x1,5700.00,684.00,0.00,6384.00,CASH,PAID,IN_PROCESS,TXN-CAS-69039708
ORD-20260831-04649-40FD0,2026-08-31 20:46:23,ONLINE,Clara Dizon,Sweet & Chili Crab Bucket x1; Grilled Seafood Platter x1,4050.00,486.00,50.00,4586.00,SPLIT (Cash + GCash),PAID,COMPLETED,TXN-SPL-22084856
ORD-20260831-02359-16F48,2026-08-31 20:47:02,ON_SITE,Matteo Guidicelli,Classic Seafood Paella x1; Seafood Bilao Feast x1; Sweet & Chili Crab Bucket x1; Seafood Cajun Boil x1,7850.00,942.00,0.00,8792.00,GCASH,PAID,COMPLETED,TXN-GCA-86522338
ORD-20260831-00406-A1773,2026-08-31 20:48:27,ON_SITE,Sarah Geronimo,Crispy Seafood Basket x1,980.00,117.60,0.00,1097.60,GCASH,PAID,COMPLETED,TXN-GCA-39367279
ORD-20260831-04362-26CB7,2026-08-31 20:52:42,ON_SITE,Juan Tamad,Grilled Seafood Platter x2,4200.00,504.00,0.00,4704.00,GCASH,PAID,COMPLETED,TXN-GCA-77951850
ORD-20260831-04712-E0E04,2026-08-31 20:58:54,ON_SITE,Dingdong Dantes,Seafood Cajun Boil x1; Fresh Calamansi Juice Pitcher x1; Seafood Bilao Feast x2,6930.00,831.60,0.00,7761.60,GCASH,PAID,IN_PROCESS,TXN-GCA-72137476
ORD-20260831-02424-A5CCA,2026-08-31 21:12:14,ON_SITE,Pedro Penduko,Sweet & Chili Crab Bucket x1,1950.00,234.00,0.00,2184.00,SPLIT (Cash + GCash),PAID,COMPLETED,TXN-SPL-10075145
ORD-20260831-03288-85281,2026-08-31 21:13:58,ON_SITE,Alden Richards,Seafood Cajun Boil x1,1850.00,222.00,0.00,2072.00,SPLIT (Cash + GCash),PAID,COMPLETED,TXN-SPL-71776168
ORD-20260831-02686-77A25,2026-08-31 21:16:24,ON_SITE,Giselle Hernandez,Classic Seafood Paella x1; Seafood Cajun Boil x2,5350.00,642.00,0.00,5992.00,GCASH,PENDING,IN_PROCESS,N/A
ORD-20260831-02912-4AE60,2026-08-31 21:34:17,ONLINE,Mark Bautista,Garlic Butter Prawns x1,1250.00,150.00,120.00,1520.00,SPLIT (Cash + GCash),PAID,COMPLETED,TXN-SPL-87531700
ORD-20260831-04339-702EF,2026-08-31 21:35:33,ON_SITE,Katrina Halili,Fresh Calamansi Juice Pitcher x1; Seafood Cajun Boil x1,2130.00,255.60,0.00,2385.60,SPLIT (Cash + GCash),PAID,COMPLETED,TXN-SPL-70400318
ORD-20260831-03134-49DE5,2026-08-31 21:39:58,ON_SITE,Pedro Penduko,Grilled Seafood Platter x1,2100.00,252.00,0.00,2352.00,CASH,PAID,COMPLETED,TXN-CAS-29002794
ORD-20260831-02886-89B64,2026-08-31 21:40:59,ONLINE,Mark Bautista,Seafood Cajun Boil x1; Crispy Seafood Basket x1,2830.00,339.60,75.00,3244.60,MAYA,PAID,COMPLETED,TXN-MAY-26681642
ORD-20260831-04725-C53B7,2026-08-31 21:51:19,ONLINE,Clara Dizon,Garlic Butter Prawns x1; Seafood Bilao Feast x1; Classic Seafood Paella x2,6950.00,834.00,75.00,7859.00,GCASH,PAID,COMPLETED,TXN-GCA-93587701
ORD-20260831-02104-1A4B5,2026-08-31 21:51:54,ON_SITE,Ana Reyes,Garlic Butter Prawns x1,1250.00,150.00,0.00,1400.00,MAYA,PAID,COMPLETED,TXN-MAY-25207822
ORD-20260901-00056-A0C9D,2026-09-01 10:01:47,ON_SITE,Lisa Manoban,Classic Seafood Paella x1,1650.00,198.00,0.00,1848.00,CASH,PAID,COMPLETED,TXN-CAS-97674186
ORD-20260901-03622-D6A48,2026-09-01 10:06:52,ONLINE,Lisa Manoban,Crispy Seafood Basket x1; Garlic Butter Prawns x1; Seafood Bilao Feast x2,7030.00,843.60,120.00,7993.60,HYBRID (Cash + GCash),PAID,COMPLETED,TXN-HYB-42702029
ORD-20260901-02876-2E02C,2026-09-01 10:19:59,ON_SITE,Joshua Garcia,Seafood Bilao Feast x1,2400.00,288.00,0.00,2688.00,CASH,PAID,COMPLETED,TXN-CAS-55320495
ORD-20260901-03036-CAE09,2026-09-01 10:40:00,ON_SITE,Ana Reyes,Fresh Calamansi Juice Pitcher x1; Grilled Seafood Platter x1,2380.00,285.60,0.00,2665.60,HYBRID (Cash + GCash),PAID,COMPLETED,TXN-HYB-15305979
ORD-20260901-01260-5F0FD,2026-09-01 10:55:15,ON_SITE,Lisa Manoban,Fresh Calamansi Juice Pitcher x1; Grilled Seafood Platter x1,2380.00,285.60,0.00,2665.60,CASH,PAID,COMPLETED,TXN-CAS-38180795
ORD-20260901-04042-97C5C,2026-09-01 11:01:05,ON_SITE,Dindo Dela Cruz,Garlic Butter Prawns x2; Seafood Cajun Boil x1,4350.00,522.00,0.00,4872.00,MAYA,PAID,COMPLETED,TXN-MAY-41262779
ORD-20260901-04672-73F50,2026-09-01 11:19:26,ON_SITE,Dindo Dela Cruz,Grilled Seafood Platter x1,2100.00,252.00,0.00,2352.00,HYBRID (Cash + GCash),PAID,COMPLETED,TXN-HYB-10173863
ORD-20260901-02314-B8154,2026-09-01 11:25:01,ON_SITE,Clara Dizon,Sweet & Chili Crab Bucket x1; Classic Seafood Paella x1; Grilled Seafood Platter x1,5700.00,684.00,0.00,6384.00,GCASH,REFUNDED,CANCELLED,N/A
ORD-20260901-00298-BB6CB,2026-09-01 11:26:40,ON_SITE,Sarah Geronimo,Grilled Seafood Platter x1,2100.00,252.00,0.00,2352.00,SPLIT (Cash + GCash),PENDING,IN_PROCESS,N/A
ORD-20260901-04805-67CFE,2026-09-01 12:05:11,ON_SITE,Joshua Garcia,Seafood Cajun Boil x1; Garlic Butter Prawns x1; Sweet & Chili Crab Bucket x2,7000.00,840.00,0.00,7840.00,CASH,REFUNDED,CANCELLED,N/A
ORD-20260901-02013-66799,2026-09-01 12:10:13,ONLINE,Juan Tamad,Crispy Seafood Basket x1; Fresh Calamansi Juice Pitcher x3,1820.00,218.40,50.00,2088.40,SPLIT (Cash + GCash),PAID,COMPLETED,TXN-SPL-21891532
ORD-20260901-00534-25D37,2026-09-01 12:14:50,ONLINE,Pedro Penduko,Sweet & Chili Crab Bucket x1; Garlic Butter Prawns x2,4450.00,534.00,60.00,5044.00,COD,PAID,COMPLETED,TXN-COD-65224719
ORD-20260901-02273-62473,2026-09-01 12:14:53,ON_SITE,Lisa Manoban,Sweet & Chili Crab Bucket x1,1950.00,234.00,0.00,2184.00,CASH,PAID,COMPLETED,TXN-CAS-33817738
ORD-20260901-04900-3666C,2026-09-01 12:17:17,ON_SITE,Pedro Penduko,Seafood Cajun Boil x1; Sweet & Chili Crab Bucket x1; Fresh Calamansi Juice Pitcher x2; Crispy Seafood Basket x1,5340.00,640.80,0.00,5980.80,GCASH,PAID,COMPLETED,TXN-GCA-44318181
ORD-20260901-01549-01E71,2026-09-01 12:34:30,ON_SITE,Ana Reyes,Seafood Bilao Feast x1; Garlic Butter Prawns x2; Grilled Seafood Platter x1,7000.00,840.00,0.00,7840.00,SPLIT (Cash + GCash),PENDING,IN_PROCESS,N/A
ORD-20260901-01402-2E8EF,2026-09-01 13:10:36,ON_SITE,Lisa Manoban,Garlic Butter Prawns x1,1250.00,150.00,0.00,1400.00,CASH,PAID,COMPLETED,TXN-CAS-67180516
ORD-20260901-03033-81796,2026-09-01 13:14:56,ON_SITE,Bea Alonzo,Seafood Cajun Boil x1; Fresh Calamansi Juice Pitcher x2; Classic Seafood Paella x1,4060.00,487.20,0.00,4547.20,CASH,PAID,COMPLETED,TXN-CAS-96879205
ORD-20260901-04946-CDD7E,2026-09-01 13:32:37,ONLINE,Mark Bautista,Garlic Butter Prawns x3,3750.00,450.00,60.00,4260.00,GCASH,PAID,COMPLETED,TXN-GCA-68069316
ORD-20260901-01327-995BD,2026-09-01 13:35:48,ON_SITE,Pedro Penduko,Garlic Butter Prawns x1; Seafood Cajun Boil x1; Sweet & Chili Crab Bucket x1,5050.00,606.00,0.00,5656.00,GCASH,PAID,COMPLETED,TXN-GCA-77816397
ORD-20260901-01894-7EBF8,2026-09-01 13:44:06,ON_SITE,Pedro Penduko,Grilled Seafood Platter x2; Seafood Bilao Feast x1; Fresh Calamansi Juice Pitcher x2; Seafood Cajun Boil x2,10860.00,1303.20,0.00,12163.20,MAYA,PAID,COMPLETED,TXN-MAY-72888706
ORD-20260901-00575-1C4E4,2026-09-01 13:47:33,ON_SITE,Juan Tamad,Fresh Calamansi Juice Pitcher x1; Sweet & Chili Crab Bucket x1; Garlic Butter Prawns x2,4730.00,567.60,0.00,5297.60,CASH,PAID,COMPLETED,TXN-CAS-17587847
ORD-20260901-04840-4D112,2026-09-01 13:52:27,ON_SITE,Clara Dizon,Fresh Calamansi Juice Pitcher x2; Garlic Butter Prawns x2,3060.00,367.20,0.00,3427.20,CASH,PAID,COMPLETED,TXN-CAS-85332493
ORD-20260901-04256-73664,2026-09-01 14:02:25,ON_SITE,Juan Tamad,Seafood Cajun Boil x2; Seafood Bilao Feast x1,6100.00,732.00,0.00,6832.00,CASH,PAID,COMPLETED,TXN-CAS-84315256
ORD-20260901-04560-7396B,2026-09-01 14:17:33,ONLINE,Mark Bautista,Garlic Butter Prawns x2; Sweet & Chili Crab Bucket x2; Seafood Cajun Boil x1,8250.00,990.00,75.00,9315.00,HYBRID (Cash + GCash),PAID,COMPLETED,TXN-HYB-62447851
ORD-20260901-04383-6BA25,2026-09-01 14:17:59,ONLINE,Juan Tamad,Grilled Seafood Platter x1; Seafood Cajun Boil x1; Sweet & Chili Crab Bucket x1,5900.00,708.00,120.00,6728.00,MAYA,PAID,COMPLETED,TXN-MAY-81301256
ORD-20260901-01581-F3557,2026-09-01 14:21:43,ONLINE,Lisa Manoban,Classic Seafood Paella x1,1650.00,198.00,120.00,1968.00,HYBRID (Cash + GCash),PAID,COMPLETED,TXN-HYB-73394849
ORD-20260901-03364-85694,2026-09-01 14:25:42,ON_SITE,Lisa Manoban,Seafood Bilao Feast x2; Sweet & Chili Crab Bucket x1,6750.00,810.00,0.00,7560.00,CASH,PAID,COMPLETED,TXN-CAS-72547398
ORD-20260901-04924-ECE58,2026-09-01 14:32:30,ONLINE,Clara Dizon,Garlic Butter Prawns x1; Grilled Seafood Platter x1; Fresh Calamansi Juice Pitcher x1,3630.00,435.60,100.00,4165.60,MAYA,PAID,COMPLETED,TXN-MAY-33243766
ORD-20260901-01629-AFECB,2026-09-01 14:37:58,ONLINE,Pedro Penduko,Garlic Butter Prawns x1,1250.00,150.00,60.00,1460.00,GCASH,PAID,COMPLETED,TXN-GCA-32434236
ORD-20260901-00569-FCD80,2026-09-01 14:49:58,ONLINE,Mark Bautista,Grilled Seafood Platter x1,2100.00,252.00,85.00,2437.00,GCASH,PAID,COMPLETED,TXN-GCA-64616306
ORD-20260901-01438-BFAF0,2026-09-01 14:51:17,ON_SITE,Giselle Hernandez,Garlic Butter Prawns x2; Sweet & Chili Crab Bucket x1,4450.00,534.00,0.00,4984.00,HYBRID (Cash + GCash),PAID,COMPLETED,TXN-HYB-21857900
ORD-20260901-04046-A1C79,2026-09-01 14:55:13,ONLINE,Juan Tamad,Fresh Calamansi Juice Pitcher x1,280.00,33.60,50.00,363.60,SPLIT (Cash + GCash),PAID,COMPLETED,TXN-SPL-41199484
ORD-20260901-01615-2C682,2026-09-01 14:55:53,ONLINE,Lisa Manoban,Garlic Butter Prawns x1; Seafood Bilao Feast x1,3650.00,438.00,85.00,4173.00,MAYA,PAID,COMPLETED,TXN-MAY-47707547
ORD-20260901-02833-A1A5E,2026-09-01 15:18:01,ON_SITE,Mark Bautista,Fresh Calamansi Juice Pitcher x2,560.00,67.20,0.00,627.20,CASH,PAID,COMPLETED,TXN-CAS-22226885
ORD-20260901-00518-55BDB,2026-09-01 15:29:22,ONLINE,Clara Dizon,Grilled Seafood Platter x1,2100.00,252.00,60.00,2412.00,SPLIT (Cash + GCash),PAID,COMPLETED,TXN-SPL-35017191
ORD-20260901-01079-7BAA3,2026-09-01 15:41:56,ONLINE,Lisa Manoban,Garlic Butter Prawns x1; Fresh Calamansi Juice Pitcher x3,2090.00,250.80,120.00,2460.80,HYBRID (Cash + GCash),PAID,COMPLETED,TXN-HYB-99015743
ORD-20260901-03443-3EF26,2026-09-01 15:50:10,ON_SITE,Alden Richards,Fresh Calamansi Juice Pitcher x1,280.00,33.60,0.00,313.60,GCASH,PAID,COMPLETED,TXN-GCA-30275260
ORD-20260901-03172-66931,2026-09-01 15:51:44,ONLINE,Ana Reyes,Seafood Bilao Feast x1,2400.00,288.00,50.00,2738.00,MAYA,PAID,COMPLETED,TXN-MAY-69350635
ORD-20260901-03467-7BC33,2026-09-01 15:53:48,ON_SITE,Ana Reyes,Grilled Seafood Platter x1,2100.00,252.00,0.00,2352.00,CASH,PAID,COMPLETED,TXN-CAS-74040762
ORD-20260901-04811-C81B6,2026-09-01 15:59:28,ONLINE,Lisa Manoban,Classic Seafood Paella x1; Crispy Seafood Basket x1,2630.00,315.60,120.00,3065.60,HYBRID (Cash + GCash),PAID,COMPLETED,TXN-HYB-90546354
ORD-20260901-01977-BB245,2026-09-01 16:01:07,ON_SITE,Mark Bautista,Crispy Seafood Basket x2,1960.00,235.20,0.00,2195.20,GCASH,PAID,COMPLETED,TXN-GCA-74832672
ORD-20260901-02960-B6656,2026-09-01 16:02:11,ON_SITE,Ana Reyes,Garlic Butter Prawns x1; Fresh Calamansi Juice Pitcher x1,1530.00,183.60,0.00,1713.60,CASH,PAID,COMPLETED,TXN-CAS-18015437
ORD-20260901-04914-C41FC,2026-09-01 16:15:57,ONLINE,Ana Reyes,Classic Seafood Paella x1; Crispy Seafood Basket x1,2630.00,315.60,75.00,3020.60,GCASH,PAID,COMPLETED,TXN-GCA-76171641
ORD-20260901-00447-6E093,2026-09-01 16:26:08,ONLINE,Ana Reyes,Seafood Cajun Boil x1; Classic Seafood Paella x1; Garlic Butter Prawns x1,4750.00,570.00,60.00,5380.00,HYBRID (Cash + GCash),PAID,COMPLETED,TXN-HYB-86415945
ORD-20260901-01190-E79C1,2026-09-01 16:37:39,ONLINE,Pedro Penduko,Seafood Cajun Boil x2; Sweet & Chili Crab Bucket x1,5650.00,678.00,85.00,6413.00,CASH,PAID,COMPLETED,TXN-CAS-52040021
ORD-20260901-01193-92D64,2026-09-01 16:56:36,ON_SITE,Bea Alonzo,Fresh Calamansi Juice Pitcher x3,840.00,100.80,0.00,940.80,CASH,PAID,COMPLETED,TXN-CAS-44483197
ORD-20260901-03016-4F4C7,2026-09-01 17:03:25,ON_SITE,Alden Richards,Sweet & Chili Crab Bucket x2; Crispy Seafood Basket x1,4880.00,585.60,0.00,5465.60,CASH,PAID,COMPLETED,TXN-CAS-29287497
ORD-20260901-02545-E13F1,2026-09-01 17:16:45,ONLINE,Clara Dizon,Fresh Calamansi Juice Pitcher x2; Seafood Cajun Boil x1,2410.00,289.20,50.00,2749.20,SPLIT (Cash + GCash),PAID,COMPLETED,TXN-SPL-69988274
ORD-20260901-02709-5BFBF,2026-09-01 17:29:10,ON_SITE,Matteo Guidicelli,Fresh Calamansi Juice Pitcher x1,280.00,33.60,0.00,313.60,GCASH,PAID,COMPLETED,TXN-GCA-69209799
ORD-20260901-03521-CEB48,2026-09-01 17:31:35,ONLINE,Ana Reyes,Garlic Butter Prawns x1; Sweet & Chili Crab Bucket x1; Crispy Seafood Basket x1,4180.00,501.60,120.00,4801.60,SPLIT (Cash + GCash),PAID,COMPLETED,TXN-SPL-66332174
ORD-20260901-04522-3287E,2026-09-01 17:32:35,ONLINE,Ana Reyes,Seafood Bilao Feast x1; Crispy Seafood Basket x1,3380.00,405.60,100.00,3885.60,GCASH,PAID,COMPLETED,TXN-GCA-96810869
ORD-20260901-00063-A3703,2026-09-01 17:34:05,ONLINE,Pedro Penduko,Classic Seafood Paella x1; Seafood Bilao Feast x1,4050.00,486.00,60.00,4596.00,GCASH,PAID,COMPLETED,TXN-GCA-32333767
ORD-20260901-01017-9D2A5,2026-09-01 17:40:21,ONLINE,Clara Dizon,Sweet & Chili Crab Bucket x1; Crispy Seafood Basket x2; Classic Seafood Paella x2; Grilled Seafood Platter x1,9310.00,1117.20,120.00,10547.20,COD,PAID,COMPLETED,TXN-COD-30542100
ORD-20260901-02237-4CCDA,2026-09-01 17:57:24,ONLINE,Juan Tamad,Grilled Seafood Platter x1,2100.00,252.00,85.00,2437.00,GCASH,PAID,COMPLETED,TXN-GCA-20988023
ORD-20260901-04011-90012,2026-09-01 18:18:26,ONLINE,Ana Reyes,Garlic Butter Prawns x1,1250.00,150.00,50.00,1450.00,GCASH,PAID,COMPLETED,TXN-GCA-61552232
ORD-20260901-00536-2397A,2026-09-01 18:44:29,ON_SITE,Marian Rivera,Fresh Calamansi Juice Pitcher x1,280.00,33.60,0.00,313.60,GCASH,FAILED,CANCELLED,N/A
ORD-20260901-03861-B1051,2026-09-01 18:57:16,ONLINE,Pedro Penduko,Garlic Butter Prawns x1,1250.00,150.00,100.00,1500.00,MAYA,PAID,COMPLETED,TXN-MAY-57992399
ORD-20260901-00671-27BDB,2026-09-01 18:59:32,ONLINE,Pedro Penduko,Seafood Bilao Feast x1,2400.00,288.00,85.00,2773.00,MAYA,PAID,COMPLETED,TXN-MAY-64747224
ORD-20260901-01943-59FAB,2026-09-01 19:12:34,ON_SITE,Katrina Halili,Garlic Butter Prawns x1; Fresh Calamansi Juice Pitcher x1,1530.00,183.60,0.00,1713.60,SPLIT (Cash + GCash),PENDING,IN_PROCESS,N/A
ORD-20260901-04771-1A020,2026-09-01 19:23:49,ON_SITE,Pedro Penduko,Seafood Cajun Boil x1,1850.00,222.00,0.00,2072.00,SPLIT (Cash + GCash),FAILED,CANCELLED,N/A
ORD-20260901-01209-E3D5C,2026-09-01 19:24:05,ONLINE,Pedro Penduko,Seafood Cajun Boil x1; Seafood Bilao Feast x1,4250.00,510.00,75.00,4835.00,GCASH,PAID,COMPLETED,TXN-GCA-98915967
ORD-20260901-00166-E7928,2026-09-01 19:28:07,ON_SITE,Matteo Guidicelli,Seafood Cajun Boil x1; Seafood Bilao Feast x1,4250.00,510.00,0.00,4760.00,HYBRID (Cash + GCash),PENDING,IN_PROCESS,N/A
ORD-20260901-03748-5F622,2026-09-01 19:35:45,ONLINE,Pedro Penduko,Seafood Bilao Feast x1; Seafood Cajun Boil x1,4250.00,510.00,50.00,4810.00,GCASH,PAID,COMPLETED,TXN-GCA-89489874
ORD-20260901-03507-43FF7,2026-09-01 20:15:24,ONLINE,Clara Dizon,Seafood Cajun Boil x3,5550.00,666.00,75.00,6291.00,MAYA,PAID,COMPLETED,TXN-MAY-86686266
ORD-20260901-00592-362FF,2026-09-01 20:16:12,ON_SITE,Lisa Manoban,Seafood Bilao Feast x1; Sweet & Chili Crab Bucket x1,4350.00,522.00,0.00,4872.00,GCASH,PAID,COMPLETED,TXN-GCA-12085550
ORD-20260901-03128-6CDB5,2026-09-01 20:17:03,ON_SITE,Joshua Garcia,Seafood Cajun Boil x1,1850.00,222.00,0.00,2072.00,GCASH,PAID,COMPLETED,TXN-GCA-47694768
ORD-20260901-02905-50394,2026-09-01 20:23:35,ON_SITE,Kathryn Bernardo,Classic Seafood Paella x1; Sweet & Chili Crab Bucket x1; Grilled Seafood Platter x2; Crispy Seafood Basket x1,8780.00,1053.60,0.00,9833.60,GCASH,PAID,COMPLETED,TXN-GCA-47387268
ORD-20260901-03049-6F44F,2026-09-01 20:25:23,ONLINE,Clara Dizon,Crispy Seafood Basket x1; Sweet & Chili Crab Bucket x1,2930.00,351.60,60.00,3341.60,GCASH,PAID,COMPLETED,TXN-GCA-37800595
ORD-20260901-02422-9897E,2026-09-01 20:25:43,ONLINE,Mark Bautista,Seafood Bilao Feast x1,2400.00,288.00,60.00,2748.00,HYBRID (Cash + GCash),PAID,COMPLETED,TXN-HYB-41058933
ORD-20260901-01104-F3D60,2026-09-01 20:58:57,ON_SITE,Alden Richards,Seafood Cajun Boil x1; Garlic Butter Prawns x1; Grilled Seafood Platter x1; Seafood Bilao Feast x1,7600.00,912.00,0.00,8512.00,GCASH,PAID,COMPLETED,TXN-GCA-79786748
ORD-20260901-00204-9216E,2026-09-01 21:02:15,ON_SITE,Joshua Garcia,Grilled Seafood Platter x1,2100.00,252.00,0.00,2352.00,CASH,PAID,COMPLETED,TXN-CAS-21919626
ORD-20260901-00194-832D3,2026-09-01 21:03:43,ON_SITE,Katrina Halili,Seafood Cajun Boil x1; Fresh Calamansi Juice Pitcher x1; Garlic Butter Prawns x1,3380.00,405.60,0.00,3785.60,CASH,PAID,COMPLETED,TXN-CAS-70465797
ORD-20260901-01548-BE293,2026-09-01 21:04:28,ON_SITE,Carlos Mendoza,Seafood Cajun Boil x2; Classic Seafood Paella x1,5350.00,642.00,0.00,5992.00,HYBRID (Cash + GCash),PAID,COMPLETED,TXN-HYB-49669356
ORD-20260901-03660-1B06A,2026-09-01 21:16:26,ONLINE,Lisa Manoban,Grilled Seafood Platter x1; Garlic Butter Prawns x1; Fresh Calamansi Juice Pitcher x2; Seafood Bilao Feast x1,6310.00,757.20,100.00,7167.20,SPLIT (Cash + GCash),PAID,IN_PROCESS,TXN-SPL-53317765
ORD-20260901-01850-A5B45,2026-09-01 21:37:42,ONLINE,Lisa Manoban,Crispy Seafood Basket x1,980.00,117.60,50.00,1147.60,GCASH,PAID,COMPLETED,TXN-GCA-22438897
ORD-20260901-01168-976E6,2026-09-01 21:40:36,ON_SITE,Clara Dizon,Crispy Seafood Basket x1; Classic Seafood Paella x1; Seafood Cajun Boil x1,4480.00,537.60,0.00,5017.60,HYBRID (Cash + GCash),PENDING,IN_PROCESS,N/A
ORD-20260901-02336-D4240,2026-09-01 21:44:56,ONLINE,Pedro Penduko,Seafood Bilao Feast x3; Grilled Seafood Platter x1,9300.00,1116.00,100.00,10516.00,MAYA,PAID,COMPLETED,TXN-MAY-75166547
ORD-20260902-02253-9D203,2026-09-02 10:03:42,ON_SITE,Kathryn Bernardo,Grilled Seafood Platter x2,4200.00,504.00,0.00,4704.00,CASH,PAID,COMPLETED,TXN-CAS-10137156
ORD-20260902-02439-BAB0E,2026-09-02 10:13:18,ONLINE,Ana Reyes,Seafood Cajun Boil x1; Sweet & Chili Crab Bucket x1,3800.00,456.00,120.00,4376.00,HYBRID (Cash + GCash),PAID,COMPLETED,TXN-HYB-89372404
ORD-20260902-03160-12A16,2026-09-02 10:26:41,ON_SITE,Ana Reyes,Grilled Seafood Platter x3,6300.00,756.00,0.00,7056.00,GCASH,PAID,COMPLETED,TXN-GCA-16985778
ORD-20260902-00329-D3B77,2026-09-02 10:34:33,ON_SITE,Pedro Penduko,Garlic Butter Prawns x2; Seafood Bilao Feast x1,4900.00,588.00,0.00,5488.00,CASH,PAID,COMPLETED,TXN-CAS-13816732
ORD-20260902-01980-87C21,2026-09-02 10:38:25,ONLINE,Mark Bautista,Grilled Seafood Platter x1,2100.00,252.00,50.00,2402.00,GCASH,PAID,COMPLETED,TXN-GCA-12942091
ORD-20260902-00838-C8CED,2026-09-02 10:40:31,ONLINE,Ana Reyes,Sweet & Chili Crab Bucket x2; Crispy Seafood Basket x1,4880.00,585.60,100.00,5565.60,GCASH,PAID,COMPLETED,TXN-GCA-37786441
ORD-20260902-04001-B97AC,2026-09-02 10:44:04,ONLINE,Ana Reyes,Seafood Cajun Boil x1; Fresh Calamansi Juice Pitcher x1,2130.00,255.60,120.00,2505.60,GCASH,PAID,COMPLETED,TXN-GCA-38560737
ORD-20260902-02716-0A7CF,2026-09-02 10:46:45,ON_SITE,Clara Dizon,Crispy Seafood Basket x1; Fresh Calamansi Juice Pitcher x1; Grilled Seafood Platter x1,3360.00,403.20,0.00,3763.20,CASH,PAID,COMPLETED,TXN-CAS-77908185
ORD-20260902-02486-1498C,2026-09-02 11:06:18,ONLINE,Ana Reyes,Crispy Seafood Basket x1; Seafood Cajun Boil x1,2830.00,339.60,50.00,3219.60,GCASH,PAID,COMPLETED,TXN-GCA-11417204
ORD-20260902-02580-38991,2026-09-02 11:27:34,ONLINE,Lisa Manoban,Grilled Seafood Platter x1; Classic Seafood Paella x1; Sweet & Chili Crab Bucket x1,5700.00,684.00,75.00,6459.00,HYBRID (Cash + GCash),PAID,COMPLETED,TXN-HYB-47944184
ORD-20260902-02110-F2553,2026-09-02 11:40:46,ON_SITE,Sarah Geronimo,Seafood Cajun Boil x1,1850.00,222.00,0.00,2072.00,GCASH,PAID,COMPLETED,TXN-GCA-17574232
ORD-20260902-04719-80075,2026-09-02 11:48:00,ONLINE,Clara Dizon,Seafood Cajun Boil x1; Classic Seafood Paella x1,3500.00,420.00,85.00,4005.00,CASH,PAID,COMPLETED,TXN-CAS-43602754
ORD-20260902-00150-844B0,2026-09-02 11:58:59,ONLINE,Ana Reyes,Crispy Seafood Basket x2,1960.00,235.20,120.00,2315.20,GCASH,PAID,COMPLETED,TXN-GCA-53502348
ORD-20260902-02936-90404,2026-09-02 12:01:59,ON_SITE,Ana Reyes,Sweet & Chili Crab Bucket x2,3900.00,468.00,0.00,4368.00,SPLIT (Cash + GCash),PAID,COMPLETED,TXN-SPL-43068947
ORD-20260902-03795-A4DB6,2026-09-02 12:12:51,ONLINE,Clara Dizon,Garlic Butter Prawns x1; Crispy Seafood Basket x1; Grilled Seafood Platter x1; Fresh Calamansi Juice Pitcher x1,4610.00,553.20,50.00,5213.20,GCASH,PAID,COMPLETED,TXN-GCA-99697238
ORD-20260902-01186-B7AB3,2026-09-02 12:25:25,ON_SITE,Sarah Geronimo,Seafood Cajun Boil x1; Fresh Calamansi Juice Pitcher x1,2130.00,255.60,0.00,2385.60,CASH,PAID,COMPLETED,TXN-CAS-20543843
ORD-20260902-02022-C1B3D,2026-09-02 12:28:26,ON_SITE,Mark Bautista,Crispy Seafood Basket x1; Fresh Calamansi Juice Pitcher x1,1260.00,151.20,0.00,1411.20,CASH,PAID,COMPLETED,TXN-CAS-11023253
ORD-20260902-02547-18132,2026-09-02 12:41:20,ONLINE,Ana Reyes,Seafood Cajun Boil x1; Garlic Butter Prawns x2,4350.00,522.00,50.00,4922.00,GCASH,PAID,COMPLETED,TXN-GCA-23537358
ORD-20260902-02126-7676C,2026-09-02 13:10:06,ONLINE,Lisa Manoban,Grilled Seafood Platter x2,4200.00,504.00,100.00,4804.00,GCASH,PENDING,IN_PROCESS,N/A
ORD-20260902-03975-956A0,2026-09-02 13:11:29,ON_SITE,Alden Richards,Grilled Seafood Platter x1; Garlic Butter Prawns x1; Sweet & Chili Crab Bucket x1,5300.00,636.00,0.00,5936.00,GCASH,PAID,COMPLETED,TXN-GCA-61882722
ORD-20260902-02889-F72C4,2026-09-02 13:19:57,ON_SITE,Matteo Guidicelli,Garlic Butter Prawns x2; Crispy Seafood Basket x1,3480.00,417.60,0.00,3897.60,HYBRID (Cash + GCash),REFUNDED,CANCELLED,N/A
ORD-20260902-00910-C0E67,2026-09-02 13:23:47,ON_SITE,Juan Tamad,Seafood Bilao Feast x1,2400.00,288.00,0.00,2688.00,CASH,PAID,COMPLETED,TXN-CAS-80430282
ORD-20260902-04115-D8E50,2026-09-02 13:24:35,ON_SITE,Pedro Penduko,Fresh Calamansi Juice Pitcher x1; Grilled Seafood Platter x3,6580.00,789.60,0.00,7369.60,GCASH,PAID,COMPLETED,TXN-GCA-37523486
ORD-20260902-04439-734A8,2026-09-02 13:37:56,ON_SITE,Pedro Penduko,Grilled Seafood Platter x3; Classic Seafood Paella x1,7950.00,954.00,0.00,8904.00,CASH,PAID,COMPLETED,TXN-CAS-69072132
ORD-20260902-01024-3B065,2026-09-02 13:44:44,ON_SITE,Bea Alonzo,Fresh Calamansi Juice Pitcher x1; Crispy Seafood Basket x1,1260.00,151.20,0.00,1411.20,CASH,PAID,COMPLETED,TXN-CAS-75753433
ORD-20260902-03488-4C6F3,2026-09-02 13:45:26,ONLINE,Ana Reyes,Crispy Seafood Basket x1,980.00,117.60,100.00,1197.60,GCASH,PAID,COMPLETED,TXN-GCA-20211357
ORD-20260902-02098-D31D1,2026-09-02 14:14:27,ON_SITE,Lisa Manoban,Seafood Cajun Boil x1,1850.00,222.00,0.00,2072.00,CASH,PAID,COMPLETED,TXN-CAS-99299948
ORD-20260902-03940-40855,2026-09-02 14:16:10,ON_SITE,Pedro Penduko,Garlic Butter Prawns x1,1250.00,150.00,0.00,1400.00,SPLIT (Cash + GCash),PAID,COMPLETED,TXN-SPL-80757397
ORD-20260902-04539-23E82,2026-09-02 14:44:55,ONLINE,Lisa Manoban,Crispy Seafood Basket x1; Fresh Calamansi Juice Pitcher x1,1260.00,151.20,75.00,1486.20,SPLIT (Cash + GCash),PAID,COMPLETED,TXN-SPL-92064792
ORD-20260902-01784-6AB52,2026-09-02 14:45:05,ON_SITE,Bea Alonzo,Classic Seafood Paella x3; Crispy Seafood Basket x1; Sweet & Chili Crab Bucket x1,7880.00,945.60,0.00,8825.60,GCASH,PAID,COMPLETED,TXN-GCA-55611449
ORD-20260902-00100-8B725,2026-09-02 14:46:33,ON_SITE,Matteo Guidicelli,Garlic Butter Prawns x2,2500.00,300.00,0.00,2800.00,GCASH,PAID,COMPLETED,TXN-GCA-58294204
ORD-20260902-02121-FF801,2026-09-02 14:55:37,ONLINE,Ana Reyes,Grilled Seafood Platter x1; Garlic Butter Prawns x1,3350.00,402.00,100.00,3852.00,MAYA,PAID,COMPLETED,TXN-MAY-30263680
ORD-20260902-01453-3A553,2026-09-02 14:59:25,ON_SITE,Ramon Magsaysay Jr.,Grilled Seafood Platter x2; Seafood Bilao Feast x1,6600.00,792.00,0.00,7392.00,GCASH,PAID,COMPLETED,TXN-GCA-85213973
ORD-20260902-03068-2DEAE,2026-09-02 15:27:02,ONLINE,Ana Reyes,Sweet & Chili Crab Bucket x2; Fresh Calamansi Juice Pitcher x1; Seafood Cajun Boil x3,9730.00,1167.60,85.00,10982.60,MAYA,PAID,COMPLETED,TXN-MAY-47257358
ORD-20260902-02820-F6C7C,2026-09-02 15:57:04,ON_SITE,Maria Clara Santos,Garlic Butter Prawns x1,1250.00,150.00,0.00,1400.00,CASH,PAID,COMPLETED,TXN-CAS-96022247
ORD-20260902-04492-D5A72,2026-09-02 16:03:22,ON_SITE,Pedro Penduko,Garlic Butter Prawns x1; Crispy Seafood Basket x1,2230.00,267.60,0.00,2497.60,CASH,PAID,COMPLETED,TXN-CAS-94336130
ORD-20260902-02294-195EE,2026-09-02 16:31:01,ONLINE,Clara Dizon,Fresh Calamansi Juice Pitcher x1; Garlic Butter Prawns x2; Crispy Seafood Basket x1; Classic Seafood Paella x1,5410.00,649.20,75.00,6134.20,CASH,PAID,COMPLETED,TXN-CAS-52031657
ORD-20260902-04087-B7D3C,2026-09-02 16:40:34,ONLINE,Mark Bautista,Seafood Bilao Feast x1; Seafood Cajun Boil x1,4250.00,510.00,75.00,4835.00,HYBRID (Cash + GCash),PAID,COMPLETED,TXN-HYB-88549533
ORD-20260902-02245-80F46,2026-09-02 17:20:07,ONLINE,Lisa Manoban,Sweet & Chili Crab Bucket x1; Seafood Bilao Feast x2; Fresh Calamansi Juice Pitcher x1,7030.00,843.60,50.00,7923.60,GCASH,PAID,IN_PROCESS,TXN-GCA-83847826
ORD-20260902-02814-D83A2,2026-09-02 17:23:31,ON_SITE,Ferdinand Marcos,Grilled Seafood Platter x1; Fresh Calamansi Juice Pitcher x1,2380.00,285.60,0.00,2665.60,CASH,PAID,COMPLETED,TXN-CAS-38754795
ORD-20260902-04292-32D79,2026-09-02 17:28:19,ONLINE,Pedro Penduko,Grilled Seafood Platter x1; Sweet & Chili Crab Bucket x1,4050.00,486.00,75.00,4611.00,HYBRID (Cash + GCash),PAID,COMPLETED,TXN-HYB-56412699
ORD-20260902-04667-5284B,2026-09-02 17:35:54,ON_SITE,Mark Bautista,Crispy Seafood Basket x2; Seafood Cajun Boil x1,3810.00,457.20,0.00,4267.20,CASH,PAID,COMPLETED,TXN-CAS-63416777
ORD-20260902-01755-823DF,2026-09-02 17:44:28,ONLINE,Pedro Penduko,Seafood Bilao Feast x1,2400.00,288.00,60.00,2748.00,HYBRID (Cash + GCash),PAID,COMPLETED,TXN-HYB-28394330
ORD-20260902-00002-54513,2026-09-02 17:45:09,ON_SITE,Ana Reyes,Sweet & Chili Crab Bucket x1,1950.00,234.00,0.00,2184.00,CASH,PAID,COMPLETED,TXN-CAS-19935835
ORD-20260902-02232-FDB95,2026-09-02 17:49:34,ONLINE,Clara Dizon,Seafood Cajun Boil x1,1850.00,222.00,75.00,2147.00,GCASH,REFUNDED,CANCELLED,N/A
ORD-20260902-02170-ED529,2026-09-02 17:54:47,ON_SITE,Clara Dizon,Grilled Seafood Platter x1,2100.00,252.00,0.00,2352.00,CASH,PAID,COMPLETED,TXN-CAS-68585127
ORD-20260902-00060-E6B65,2026-09-02 18:03:29,ON_SITE,Ana Reyes,Fresh Calamansi Juice Pitcher x3; Seafood Bilao Feast x1; Seafood Cajun Boil x2,6940.00,832.80,0.00,7772.80,GCASH,PAID,COMPLETED,TXN-GCA-61408669
ORD-20260902-02453-F4E40,2026-09-02 18:05:59,ON_SITE,Carlos Mendoza,Crispy Seafood Basket x2; Fresh Calamansi Juice Pitcher x1,2240.00,268.80,0.00,2508.80,CASH,PAID,COMPLETED,TXN-CAS-39301035
ORD-20260902-04363-ADF77,2026-09-02 18:06:12,ONLINE,Lisa Manoban,Garlic Butter Prawns x1; Grilled Seafood Platter x1; Crispy Seafood Basket x2,5310.00,637.20,100.00,6047.20,GCASH,PAID,COMPLETED,TXN-GCA-80419326
ORD-20260902-00826-EA256,2026-09-02 18:32:44,ONLINE,Mark Bautista,Sweet & Chili Crab Bucket x1,1950.00,234.00,85.00,2269.00,GCASH,PAID,COMPLETED,TXN-GCA-48253798
ORD-20260902-02428-C57BB,2026-09-02 18:59:49,ONLINE,Ana Reyes,Crispy Seafood Basket x1; Fresh Calamansi Juice Pitcher x2,1540.00,184.80,100.00,1824.80,GCASH,PAID,COMPLETED,TXN-GCA-38139045
ORD-20260902-02214-B084B,2026-09-02 19:15:23,ON_SITE,Ramon Magsaysay Jr.,Crispy Seafood Basket x1; Garlic Butter Prawns x1; Seafood Cajun Boil x1,4080.00,489.60,0.00,4569.60,CASH,PAID,COMPLETED,TXN-CAS-77589965
ORD-20260902-00492-BC5A7,2026-09-02 19:17:57,ON_SITE,Matteo Guidicelli,Fresh Calamansi Juice Pitcher x1; Crispy Seafood Basket x1; Grilled Seafood Platter x1,3360.00,403.20,0.00,3763.20,HYBRID (Cash + GCash),PAID,COMPLETED,TXN-HYB-53209095
ORD-20260902-03426-9D802,2026-09-02 19:55:47,ON_SITE,Carlos Mendoza,Seafood Bilao Feast x1; Seafood Cajun Boil x1; Sweet & Chili Crab Bucket x1,6200.00,744.00,0.00,6944.00,GCASH,PAID,COMPLETED,TXN-GCA-21607789
ORD-20260902-03567-0FF63,2026-09-02 19:56:28,ON_SITE,Pedro Penduko,Crispy Seafood Basket x1,980.00,117.60,0.00,1097.60,CASH,PAID,COMPLETED,TXN-CAS-35563054
ORD-20260902-03760-18697,2026-09-02 20:04:59,ON_SITE,Marian Rivera,Seafood Cajun Boil x1; Seafood Bilao Feast x1; Fresh Calamansi Juice Pitcher x1; Classic Seafood Paella x1,6180.00,741.60,0.00,6921.60,GCASH,PAID,COMPLETED,TXN-GCA-98863497
ORD-20260902-03933-7DB39,2026-09-02 20:31:29,ONLINE,Lisa Manoban,Seafood Bilao Feast x1,2400.00,288.00,120.00,2808.00,GCASH,PENDING,IN_PROCESS,N/A
ORD-20260902-02553-1A06A,2026-09-02 20:40:22,ON_SITE,Giselle Hernandez,Sweet & Chili Crab Bucket x1; Grilled Seafood Platter x2,6150.00,738.00,0.00,6888.00,CASH,PAID,COMPLETED,TXN-CAS-34888623
ORD-20260902-04769-18DE7,2026-09-02 20:48:12,ON_SITE,Pedro Penduko,Seafood Cajun Boil x1; Grilled Seafood Platter x2,6050.00,726.00,0.00,6776.00,CASH,PAID,COMPLETED,TXN-CAS-31761675
ORD-20260902-04224-FD81B,2026-09-02 20:51:48,ON_SITE,Lisa Manoban,Sweet & Chili Crab Bucket x1; Crispy Seafood Basket x1,2930.00,351.60,0.00,3281.60,GCASH,PAID,COMPLETED,TXN-GCA-48018162
ORD-20260902-01228-D73A1,2026-09-02 21:03:40,ONLINE,Juan Tamad,Sweet & Chili Crab Bucket x1,1950.00,234.00,75.00,2259.00,GCASH,PAID,COMPLETED,TXN-GCA-69401677
ORD-20260902-00586-1355E,2026-09-02 21:09:47,ON_SITE,Juan Tamad,Crispy Seafood Basket x1,980.00,117.60,0.00,1097.60,GCASH,PAID,COMPLETED,TXN-GCA-14347592
ORD-20260902-02807-7A8BA,2026-09-02 21:10:35,ON_SITE,Giselle Hernandez,Fresh Calamansi Juice Pitcher x1,280.00,33.60,0.00,313.60,GCASH,PAID,COMPLETED,TXN-GCA-87976610
ORD-20260902-00074-EB37D,2026-09-02 21:12:18,ON_SITE,Alden Richards,Classic Seafood Paella x3; Fresh Calamansi Juice Pitcher x1,5230.00,627.60,0.00,5857.60,CASH,PAID,COMPLETED,TXN-CAS-28690006
ORD-20260902-00523-4C59D,2026-09-02 21:22:08,ONLINE,Mark Bautista,Seafood Bilao Feast x1; Fresh Calamansi Juice Pitcher x1,2680.00,321.60,120.00,3121.60,GCASH,PAID,COMPLETED,TXN-GCA-77311230
ORD-20260902-02935-C31D3,2026-09-02 21:23:25,ONLINE,Ana Reyes,Crispy Seafood Basket x1,980.00,117.60,50.00,1147.60,GCASH,PAID,IN_PROCESS,TXN-GCA-24013557
ORD-20260902-04094-C360E,2026-09-02 21:48:13,ON_SITE,Matteo Guidicelli,Sweet & Chili Crab Bucket x2; Fresh Calamansi Juice Pitcher x1; Classic Seafood Paella x1,5830.00,699.60,0.00,6529.60,GCASH,PAID,COMPLETED,TXN-GCA-56579769
ORD-20260903-00796-F37A4,2026-09-03 10:08:46,ONLINE,Mark Bautista,Seafood Cajun Boil x1; Classic Seafood Paella x1,3500.00,420.00,85.00,4005.00,HYBRID (Cash + GCash),PAID,COMPLETED,TXN-HYB-76753350
ORD-20260903-01449-404A7,2026-09-03 10:31:16,ON_SITE,Mark Bautista,Garlic Butter Prawns x1; Seafood Cajun Boil x1,3100.00,372.00,0.00,3472.00,HYBRID (Cash + GCash),PAID,COMPLETED,TXN-HYB-24366969
ORD-20260903-04921-241BE,2026-09-03 10:35:54,ONLINE,Pedro Penduko,Garlic Butter Prawns x1; Classic Seafood Paella x1; Seafood Cajun Boil x1; Crispy Seafood Basket x1,5730.00,687.60,50.00,6467.60,GCASH,PAID,COMPLETED,TXN-GCA-30642011
ORD-20260903-04023-3C584,2026-09-03 10:39:02,ON_SITE,Joshua Garcia,Seafood Bilao Feast x2; Crispy Seafood Basket x1,5780.00,693.60,0.00,6473.60,CASH,PAID,COMPLETED,TXN-CAS-48012673
ORD-20260903-02264-F7753,2026-09-03 10:51:35,ON_SITE,Dingdong Dantes,Garlic Butter Prawns x1; Classic Seafood Paella x1,2900.00,348.00,0.00,3248.00,GCASH,PAID,COMPLETED,TXN-GCA-67378595
ORD-20260903-01436-D7B7B,2026-09-03 10:53:22,ON_SITE,Lisa Manoban,Crispy Seafood Basket x1; Seafood Cajun Boil x2,4680.00,561.60,0.00,5241.60,GCASH,PENDING,CANCELLED,N/A
ORD-20260903-03341-8F202,2026-09-03 10:59:42,ONLINE,Lisa Manoban,Seafood Bilao Feast x2; Garlic Butter Prawns x1,6050.00,726.00,75.00,6851.00,SPLIT (Cash + GCash),PAID,COMPLETED,TXN-SPL-41546676
ORD-20260903-03419-4C074,2026-09-03 11:07:13,ON_SITE,Daniel Padilla,Seafood Bilao Feast x1,2400.00,288.00,0.00,2688.00,CASH,PAID,COMPLETED,TXN-CAS-30700470
ORD-20260903-04207-EB7FC,2026-09-03 11:08:31,ON_SITE,Clara Dizon,Sweet & Chili Crab Bucket x1,1950.00,234.00,0.00,2184.00,CASH,PAID,COMPLETED,TXN-CAS-88478994
ORD-20260903-03522-F2153,2026-09-03 11:13:40,ONLINE,Juan Tamad,Sweet & Chili Crab Bucket x1; Seafood Bilao Feast x1,4350.00,522.00,85.00,4957.00,MAYA,PAID,COMPLETED,TXN-MAY-81784013
ORD-20260903-01310-F780F,2026-09-03 11:28:10,ONLINE,Lisa Manoban,Garlic Butter Prawns x1; Fresh Calamansi Juice Pitcher x1; Sweet & Chili Crab Bucket x1,3480.00,417.60,60.00,3957.60,GCASH,PAID,COMPLETED,TXN-GCA-47515551
ORD-20260903-04076-5DC28,2026-09-03 11:38:48,ONLINE,Pedro Penduko,Fresh Calamansi Juice Pitcher x1; Seafood Bilao Feast x1,2680.00,321.60,50.00,3051.60,SPLIT (Cash + GCash),PAID,COMPLETED,TXN-SPL-67811419
ORD-20260903-01254-38257,2026-09-03 11:39:47,ON_SITE,Clara Dizon,Sweet & Chili Crab Bucket x2,3900.00,468.00,0.00,4368.00,SPLIT (Cash + GCash),PAID,COMPLETED,TXN-SPL-80322504
ORD-20260903-03351-A691C,2026-09-03 11:44:59,ONLINE,Ana Reyes,Classic Seafood Paella x1; Fresh Calamansi Juice Pitcher x3,2490.00,298.80,50.00,2838.80,GCASH,PAID,COMPLETED,TXN-GCA-80405973
ORD-20260903-01056-09A20,2026-09-03 11:51:30,ONLINE,Clara Dizon,Grilled Seafood Platter x1,2100.00,252.00,75.00,2427.00,MAYA,PAID,COMPLETED,TXN-MAY-14455141
ORD-20260903-00823-FD6CA,2026-09-03 12:02:39,ONLINE,Lisa Manoban,Grilled Seafood Platter x1,2100.00,252.00,60.00,2412.00,SPLIT (Cash + GCash),PAID,COMPLETED,TXN-SPL-32394792
ORD-20260903-02883-F4D05,2026-09-03 12:10:22,ON_SITE,Maria Clara Santos,Classic Seafood Paella x2; Sweet & Chili Crab Bucket x1,5250.00,630.00,0.00,5880.00,SPLIT (Cash + GCash),PAID,COMPLETED,TXN-SPL-13876978
ORD-20260903-03809-DE43C,2026-09-03 12:12:19,ON_SITE,Clara Dizon,Crispy Seafood Basket x1,980.00,117.60,0.00,1097.60,SPLIT (Cash + GCash),PAID,COMPLETED,TXN-SPL-18239916
ORD-20260903-01441-286AC,2026-09-03 12:26:33,ON_SITE,Ferdinand Marcos,Fresh Calamansi Juice Pitcher x1; Grilled Seafood Platter x1; Sweet & Chili Crab Bucket x1,4330.00,519.60,0.00,4849.60,SPLIT (Cash + GCash),PAID,COMPLETED,TXN-SPL-22417907
ORD-20260903-04944-10EB5,2026-09-03 12:33:49,ON_SITE,Clara Dizon,Grilled Seafood Platter x2,4200.00,504.00,0.00,4704.00,CASH,PAID,COMPLETED,TXN-CAS-19106758
ORD-20260903-00297-E0168,2026-09-03 12:37:17,ON_SITE,Bea Alonzo,Sweet & Chili Crab Bucket x1; Crispy Seafood Basket x2; Garlic Butter Prawns x1,5160.00,619.20,0.00,5779.20,HYBRID (Cash + GCash),PAID,COMPLETED,TXN-HYB-79537980
ORD-20260903-03458-A7835,2026-09-03 12:37:55,ONLINE,Lisa Manoban,Grilled Seafood Platter x1; Crispy Seafood Basket x1; Garlic Butter Prawns x1; Classic Seafood Paella x1,5980.00,717.60,50.00,6747.60,GCASH,PAID,COMPLETED,TXN-GCA-68400512
ORD-20260903-00024-9E94D,2026-09-03 12:48:45,ON_SITE,Clara Dizon,Sweet & Chili Crab Bucket x2; Crispy Seafood Basket x1,4880.00,585.60,0.00,5465.60,GCASH,PAID,COMPLETED,TXN-GCA-55392146
ORD-20260903-02878-D0796,2026-09-03 12:54:48,ONLINE,Pedro Penduko,Sweet & Chili Crab Bucket x1; Seafood Cajun Boil x1,3800.00,456.00,60.00,4316.00,SPLIT (Cash + GCash),PENDING,IN_PROCESS,N/A
ORD-20260903-03434-8DD9C,2026-09-03 12:59:10,ON_SITE,Matteo Guidicelli,Fresh Calamansi Juice Pitcher x1,280.00,33.60,0.00,313.60,CASH,PAID,COMPLETED,TXN-CAS-13348430
ORD-20260903-03645-48E9B,2026-09-03 13:12:05,ONLINE,Lisa Manoban,Seafood Cajun Boil x1,1850.00,222.00,60.00,2132.00,COD,PENDING,CANCELLED,N/A
ORD-20260903-01305-ABC44,2026-09-03 13:12:37,ON_SITE,Pedro Penduko,Crispy Seafood Basket x1,980.00,117.60,0.00,1097.60,CASH,PAID,COMPLETED,TXN-CAS-53468615
ORD-20260903-03072-3B74F,2026-09-03 13:36:13,ONLINE,Mark Bautista,Seafood Bilao Feast x1; Sweet & Chili Crab Bucket x1,4350.00,522.00,85.00,4957.00,GCASH,PAID,COMPLETED,TXN-GCA-75127110
ORD-20260903-04131-0FA37,2026-09-03 13:40:13,ONLINE,Clara Dizon,Fresh Calamansi Juice Pitcher x1,280.00,33.60,60.00,373.60,GCASH,PAID,COMPLETED,TXN-GCA-19575731
ORD-20260903-04176-A777B,2026-09-03 14:07:41,ON_SITE,Pedro Penduko,Fresh Calamansi Juice Pitcher x2; Sweet & Chili Crab Bucket x1; Garlic Butter Prawns x2,5010.00,601.20,0.00,5611.20,SPLIT (Cash + GCash),PAID,COMPLETED,TXN-SPL-17516611
ORD-20260903-02437-6341B,2026-09-03 14:09:40,ON_SITE,Katrina Halili,Crispy Seafood Basket x1; Seafood Cajun Boil x1; Seafood Bilao Feast x2; Fresh Calamansi Juice Pitcher x1,7910.00,949.20,0.00,8859.20,GCASH,PAID,COMPLETED,TXN-GCA-28932590
ORD-20260903-00883-15F91,2026-09-03 14:12:17,ONLINE,Ana Reyes,Fresh Calamansi Juice Pitcher x1,280.00,33.60,85.00,398.60,HYBRID (Cash + GCash),PAID,COMPLETED,TXN-HYB-51581574
ORD-20260903-02219-D038B,2026-09-03 14:23:41,ON_SITE,Juan Tamad,Fresh Calamansi Juice Pitcher x1,280.00,33.60,0.00,313.60,GCASH,PAID,COMPLETED,TXN-GCA-23855081
ORD-20260903-03893-27051,2026-09-03 14:31:36,ONLINE,Pedro Penduko,Seafood Bilao Feast x1,2400.00,288.00,100.00,2788.00,GCASH,PAID,COMPLETED,TXN-GCA-70932969
ORD-20260903-01813-B55A8,2026-09-03 14:54:50,ONLINE,Mark Bautista,Crispy Seafood Basket x1,980.00,117.60,85.00,1182.60,MAYA,PAID,COMPLETED,TXN-MAY-32455846
ORD-20260903-00811-479C0,2026-09-03 14:59:58,ON_SITE,Lisa Manoban,Classic Seafood Paella x1,1650.00,198.00,0.00,1848.00,GCASH,PAID,COMPLETED,TXN-GCA-28449828
ORD-20260903-04625-3A670,2026-09-03 15:01:12,ON_SITE,Lisa Manoban,Garlic Butter Prawns x1; Fresh Calamansi Juice Pitcher x2,1810.00,217.20,0.00,2027.20,SPLIT (Cash + GCash),PAID,COMPLETED,TXN-SPL-85447444
ORD-20260903-04892-C69FE,2026-09-03 15:23:46,ONLINE,Juan Tamad,Sweet & Chili Crab Bucket x1; Garlic Butter Prawns x1; Classic Seafood Paella x1,4850.00,582.00,120.00,5552.00,SPLIT (Cash + GCash),PAID,IN_PROCESS,TXN-SPL-11796669
ORD-20260903-00525-7349F,2026-09-03 15:27:28,ONLINE,Mark Bautista,Seafood Cajun Boil x2,3700.00,444.00,120.00,4264.00,COD,PAID,COMPLETED,TXN-COD-28778695
ORD-20260903-01656-FCE7F,2026-09-03 15:33:42,ONLINE,Ana Reyes,Classic Seafood Paella x1; Fresh Calamansi Juice Pitcher x3,2490.00,298.80,120.00,2908.80,GCASH,PAID,COMPLETED,TXN-GCA-48284322
ORD-20260903-00813-597F6,2026-09-03 15:53:48,ON_SITE,Bea Alonzo,Grilled Seafood Platter x1,2100.00,252.00,0.00,2352.00,GCASH,PAID,COMPLETED,TXN-GCA-74618874
ORD-20260903-01192-84840,2026-09-03 15:59:30,ON_SITE,Dingdong Dantes,Seafood Bilao Feast x1; Crispy Seafood Basket x1; Sweet & Chili Crab Bucket x1; Seafood Cajun Boil x1,7180.00,861.60,0.00,8041.60,SPLIT (Cash + GCash),PAID,COMPLETED,TXN-SPL-21765644
ORD-20260903-00276-29CAB,2026-09-03 16:15:52,ON_SITE,Dindo Dela Cruz,Crispy Seafood Basket x2; Fresh Calamansi Juice Pitcher x2,2520.00,302.40,0.00,2822.40,GCASH,PAID,IN_PROCESS,TXN-GCA-44597542
ORD-20260903-04465-2156F,2026-09-03 16:20:45,ON_SITE,Juan Tamad,Seafood Bilao Feast x1; Grilled Seafood Platter x1,4500.00,540.00,0.00,5040.00,CASH,PAID,COMPLETED,TXN-CAS-68035601
ORD-20260903-02673-DBB97,2026-09-03 16:28:52,ONLINE,Mark Bautista,Seafood Bilao Feast x3,7200.00,864.00,85.00,8149.00,GCASH,PAID,COMPLETED,TXN-GCA-40565632
ORD-20260903-01779-E2CB8,2026-09-03 16:31:57,ONLINE,Juan Tamad,Grilled Seafood Platter x1,2100.00,252.00,50.00,2402.00,GCASH,PAID,COMPLETED,TXN-GCA-65675788
ORD-20260903-03895-ACBF5,2026-09-03 17:09:02,ON_SITE,Dindo Dela Cruz,Sweet & Chili Crab Bucket x1; Fresh Calamansi Juice Pitcher x1,2230.00,267.60,0.00,2497.60,CASH,PAID,COMPLETED,TXN-CAS-55464956
ORD-20260903-04324-25AA3,2026-09-03 17:10:09,ONLINE,Pedro Penduko,Crispy Seafood Basket x1,980.00,117.60,60.00,1157.60,GCASH,PAID,COMPLETED,TXN-GCA-86992199
ORD-20260903-03100-C4927,2026-09-03 17:16:39,ON_SITE,Lisa Manoban,Garlic Butter Prawns x1; Seafood Cajun Boil x2,4950.00,594.00,0.00,5544.00,CASH,PAID,COMPLETED,TXN-CAS-14098426
ORD-20260903-02180-F4DF5,2026-09-03 17:45:24,ONLINE,Lisa Manoban,Sweet & Chili Crab Bucket x1,1950.00,234.00,50.00,2234.00,GCASH,PAID,COMPLETED,TXN-GCA-74096802
ORD-20260903-02674-ABA2C,2026-09-03 17:49:24,ONLINE,Ana Reyes,Classic Seafood Paella x1; Sweet & Chili Crab Bucket x1; Crispy Seafood Basket x1,4580.00,549.60,75.00,5204.60,GCASH,PAID,COMPLETED,TXN-GCA-67001121
ORD-20260903-01243-C739B,2026-09-03 17:52:15,ONLINE,Mark Bautista,Sweet & Chili Crab Bucket x1; Crispy Seafood Basket x1,2930.00,351.60,100.00,3381.60,CASH,PAID,COMPLETED,TXN-CAS-47365982
ORD-20260903-04060-D6D06,2026-09-03 18:02:19,ONLINE,Clara Dizon,Classic Seafood Paella x2; Seafood Cajun Boil x1,5150.00,618.00,60.00,5828.00,CASH,PAID,COMPLETED,TXN-CAS-69765391
ORD-20260903-02841-A6E2C,2026-09-03 18:07:43,ONLINE,Lisa Manoban,Sweet & Chili Crab Bucket x1,1950.00,234.00,120.00,2304.00,GCASH,PAID,COMPLETED,TXN-GCA-23657629
ORD-20260903-04128-BBFC2,2026-09-03 18:08:32,ON_SITE,Matteo Guidicelli,Seafood Cajun Boil x1; Seafood Bilao Feast x1,4250.00,510.00,0.00,4760.00,CASH,PAID,COMPLETED,TXN-CAS-40152987
ORD-20260903-01576-77DD1,2026-09-03 18:11:59,ONLINE,Ana Reyes,Crispy Seafood Basket x1; Fresh Calamansi Juice Pitcher x1,1260.00,151.20,60.00,1471.20,GCASH,PAID,COMPLETED,TXN-GCA-21264412
ORD-20260903-03941-727DE,2026-09-03 18:38:39,ONLINE,Clara Dizon,Seafood Cajun Boil x1; Seafood Bilao Feast x1,4250.00,510.00,85.00,4845.00,HYBRID (Cash + GCash),PAID,COMPLETED,TXN-HYB-46335884
ORD-20260903-04523-DF99F,2026-09-03 18:51:24,ON_SITE,Pedro Penduko,Seafood Cajun Boil x2,3700.00,444.00,0.00,4144.00,CASH,PAID,COMPLETED,TXN-CAS-65148553
ORD-20260903-02592-87EEA,2026-09-03 18:52:38,ONLINE,Mark Bautista,Fresh Calamansi Juice Pitcher x1; Classic Seafood Paella x1; Sweet & Chili Crab Bucket x1,3880.00,465.60,85.00,4430.60,GCASH,PAID,COMPLETED,TXN-GCA-78122323
ORD-20260903-02175-D19BE,2026-09-03 19:18:30,ON_SITE,Lisa Manoban,Garlic Butter Prawns x1,1250.00,150.00,0.00,1400.00,CASH,PAID,COMPLETED,TXN-CAS-15429917
ORD-20260903-04902-54006,2026-09-03 19:20:27,ON_SITE,Juan Tamad,Garlic Butter Prawns x2; Seafood Bilao Feast x1,4900.00,588.00,0.00,5488.00,GCASH,PAID,COMPLETED,TXN-GCA-90473171
ORD-20260903-00093-AED2B,2026-09-03 19:27:41,ONLINE,Lisa Manoban,Garlic Butter Prawns x1,1250.00,150.00,85.00,1485.00,MAYA,PAID,COMPLETED,TXN-MAY-11761405
ORD-20260903-01110-70852,2026-09-03 19:30:45,ONLINE,Juan Tamad,Garlic Butter Prawns x1; Grilled Seafood Platter x1; Crispy Seafood Basket x1,4330.00,519.60,50.00,4899.60,HYBRID (Cash + GCash),PENDING,CANCELLED,N/A
ORD-20260903-01595-FF130,2026-09-03 19:32:38,ON_SITE,Katrina Halili,Classic Seafood Paella x3; Grilled Seafood Platter x1,7050.00,846.00,0.00,7896.00,MAYA,PAID,COMPLETED,TXN-MAY-67637611
ORD-20260903-02923-37ADF,2026-09-03 19:36:11,ONLINE,Ana Reyes,Classic Seafood Paella x2; Sweet & Chili Crab Bucket x1; Crispy Seafood Basket x1,6230.00,747.60,100.00,7077.60,GCASH,PAID,COMPLETED,TXN-GCA-37979312
ORD-20260903-02277-AF78B,2026-09-03 19:47:59,ON_SITE,Clara Dizon,Classic Seafood Paella x1; Seafood Cajun Boil x1,3500.00,420.00,0.00,3920.00,HYBRID (Cash + GCash),PAID,COMPLETED,TXN-HYB-96241776
ORD-20260903-00319-2AD73,2026-09-03 19:49:42,ON_SITE,Pedro Penduko,Garlic Butter Prawns x1,1250.00,150.00,0.00,1400.00,HYBRID (Cash + GCash),PAID,COMPLETED,TXN-HYB-73810034
ORD-20260903-01258-FE27B,2026-09-03 19:55:17,ON_SITE,Marian Rivera,Grilled Seafood Platter x1; Sweet & Chili Crab Bucket x1,4050.00,486.00,0.00,4536.00,MAYA,PAID,COMPLETED,TXN-MAY-68727178
ORD-20260903-00725-2B231,2026-09-03 19:56:08,ON_SITE,Joshua Garcia,Crispy Seafood Basket x2,1960.00,235.20,0.00,2195.20,CASH,PAID,COMPLETED,TXN-CAS-13793239
ORD-20260903-01745-C6BD9,2026-09-03 20:11:23,ON_SITE,Sarah Geronimo,Seafood Bilao Feast x2; Grilled Seafood Platter x2,9000.00,1080.00,0.00,10080.00,GCASH,PAID,COMPLETED,TXN-GCA-95344311
ORD-20260903-02094-BF888,2026-09-03 20:13:03,ONLINE,Ana Reyes,Seafood Cajun Boil x1,1850.00,222.00,60.00,2132.00,HYBRID (Cash + GCash),PENDING,IN_PROCESS,N/A
ORD-20260903-02848-889E1,2026-09-03 20:51:02,ONLINE,Ana Reyes,Crispy Seafood Basket x1,980.00,117.60,85.00,1182.60,GCASH,PAID,COMPLETED,TXN-GCA-63928744
ORD-20260903-04361-6EEB5,2026-09-03 21:00:11,ONLINE,Ana Reyes,Seafood Cajun Boil x1,1850.00,222.00,120.00,2192.00,MAYA,PAID,COMPLETED,TXN-MAY-29666411
ORD-20260903-04733-82977,2026-09-03 21:11:07,ONLINE,Ana Reyes,Seafood Cajun Boil x1; Classic Seafood Paella x1,3500.00,420.00,60.00,3980.00,CASH,PAID,COMPLETED,TXN-CAS-15149596
ORD-20260903-02011-26935,2026-09-03 21:16:32,ONLINE,Clara Dizon,Garlic Butter Prawns x1; Grilled Seafood Platter x1,3350.00,402.00,60.00,3812.00,HYBRID (Cash + GCash),PAID,COMPLETED,TXN-HYB-53660637
ORD-20260903-04246-6BF25,2026-09-03 21:23:46,ONLINE,Clara Dizon,Crispy Seafood Basket x1,980.00,117.60,50.00,1147.60,GCASH,PAID,COMPLETED,TXN-GCA-28400862
ORD-20260903-04849-1E7F1,2026-09-03 21:30:50,ON_SITE,Giselle Hernandez,Fresh Calamansi Juice Pitcher x1; Seafood Cajun Boil x1,2130.00,255.60,0.00,2385.60,GCASH,PAID,COMPLETED,TXN-GCA-97653959
ORD-20260903-02816-FA3D3,2026-09-03 21:35:36,ON_SITE,Marian Rivera,Crispy Seafood Basket x2,1960.00,235.20,0.00,2195.20,GCASH,PAID,COMPLETED,TXN-GCA-85759061
ORD-20260903-04776-E781A,2026-09-03 21:40:48,ONLINE,Mark Bautista,Fresh Calamansi Juice Pitcher x1,280.00,33.60,75.00,388.60,HYBRID (Cash + GCash),PAID,COMPLETED,TXN-HYB-40275776
ORD-20260904-01029-96E1B,2026-09-04 10:02:22,ONLINE,Clara Dizon,Crispy Seafood Basket x1; Fresh Calamansi Juice Pitcher x1,1260.00,151.20,50.00,1461.20,MAYA,PAID,COMPLETED,TXN-MAY-39714794
ORD-20260904-03517-F4289,2026-09-04 10:13:40,ONLINE,Juan Tamad,Fresh Calamansi Juice Pitcher x1,280.00,33.60,120.00,433.60,HYBRID (Cash + GCash),PAID,COMPLETED,TXN-HYB-83918643
ORD-20260904-00806-FF394,2026-09-04 10:16:11,ON_SITE,Maria Clara Santos,Garlic Butter Prawns x1; Seafood Cajun Boil x1; Crispy Seafood Basket x1,4080.00,489.60,0.00,4569.60,GCASH,PAID,COMPLETED,TXN-GCA-17251944
ORD-20260904-04926-F5408,2026-09-04 10:17:40,ONLINE,Mark Bautista,Sweet & Chili Crab Bucket x1,1950.00,234.00,100.00,2284.00,COD,PAID,COMPLETED,TXN-COD-12631735
ORD-20260904-04969-F1413,2026-09-04 10:19:33,ON_SITE,Mark Bautista,Garlic Butter Prawns x1,1250.00,150.00,0.00,1400.00,GCASH,PAID,COMPLETED,TXN-GCA-28709050
ORD-20260904-03295-F71C4,2026-09-04 10:21:42,ONLINE,Mark Bautista,Classic Seafood Paella x1,1650.00,198.00,85.00,1933.00,CASH,PAID,COMPLETED,TXN-CAS-69084086
ORD-20260904-04475-8DBC8,2026-09-04 10:33:13,ONLINE,Lisa Manoban,Crispy Seafood Basket x2; Garlic Butter Prawns x1; Sweet & Chili Crab Bucket x3,9060.00,1087.20,100.00,10247.20,SPLIT (Cash + GCash),PAID,COMPLETED,TXN-SPL-21646630
ORD-20260904-04949-B709A,2026-09-04 10:51:40,ONLINE,Clara Dizon,Seafood Bilao Feast x1,2400.00,288.00,100.00,2788.00,COD,PAID,COMPLETED,TXN-COD-66427419
ORD-20260904-02661-C38A4,2026-09-04 11:35:35,ON_SITE,Lisa Manoban,Garlic Butter Prawns x1; Sweet & Chili Crab Bucket x1,3200.00,384.00,0.00,3584.00,CASH,PAID,COMPLETED,TXN-CAS-41740544
ORD-20260904-03719-8F8D6,2026-09-04 11:38:42,ONLINE,Juan Tamad,Classic Seafood Paella x1,1650.00,198.00,120.00,1968.00,HYBRID (Cash + GCash),PAID,IN_PROCESS,TXN-HYB-60166717
ORD-20260904-04461-C102E,2026-09-04 11:40:20,ON_SITE,Ferdinand Marcos,Classic Seafood Paella x1,1650.00,198.00,0.00,1848.00,CASH,PAID,COMPLETED,TXN-CAS-77426013
ORD-20260904-01664-062A3,2026-09-04 11:43:55,ON_SITE,Pedro Penduko,Seafood Cajun Boil x1; Fresh Calamansi Juice Pitcher x1; Grilled Seafood Platter x2; Classic Seafood Paella x1,7980.00,957.60,0.00,8937.60,CASH,PAID,COMPLETED,TXN-CAS-24441693
ORD-20260904-04804-DBB45,2026-09-04 11:54:35,ON_SITE,Mark Bautista,Garlic Butter Prawns x1; Sweet & Chili Crab Bucket x2,5150.00,618.00,0.00,5768.00,CASH,PAID,COMPLETED,TXN-CAS-21381546
ORD-20260904-00861-9D545,2026-09-04 11:54:56,ONLINE,Mark Bautista,Seafood Cajun Boil x1,1850.00,222.00,85.00,2157.00,GCASH,PAID,COMPLETED,TXN-GCA-74809683
ORD-20260904-04414-D91AC,2026-09-04 11:56:04,ONLINE,Pedro Penduko,Sweet & Chili Crab Bucket x1; Classic Seafood Paella x1,3600.00,432.00,75.00,4107.00,MAYA,PAID,COMPLETED,TXN-MAY-75093074
ORD-20260904-02228-DACF7,2026-09-04 12:18:31,ONLINE,Pedro Penduko,Crispy Seafood Basket x1; Fresh Calamansi Juice Pitcher x1; Seafood Bilao Feast x1,3660.00,439.20,85.00,4184.20,GCASH,PAID,COMPLETED,TXN-GCA-29783130
ORD-20260904-03306-2A0E2,2026-09-04 12:24:45,ON_SITE,Ana Reyes,Sweet & Chili Crab Bucket x1,1950.00,234.00,0.00,2184.00,GCASH,PAID,COMPLETED,TXN-GCA-23860106
ORD-20260904-00422-3D384,2026-09-04 12:31:16,ONLINE,Clara Dizon,Crispy Seafood Basket x1; Classic Seafood Paella x3,5930.00,711.60,120.00,6761.60,GCASH,PAID,COMPLETED,TXN-GCA-32657032
ORD-20260904-00529-FF7CD,2026-09-04 12:38:01,ON_SITE,Maria Clara Santos,Seafood Cajun Boil x1,1850.00,222.00,0.00,2072.00,GCASH,PAID,COMPLETED,TXN-GCA-24281874
ORD-20260904-03159-E8153,2026-09-04 12:42:19,ONLINE,Ana Reyes,Grilled Seafood Platter x1,2100.00,252.00,60.00,2412.00,GCASH,PAID,COMPLETED,TXN-GCA-41170754
ORD-20260904-04174-0C4E3,2026-09-04 12:44:32,ON_SITE,Maria Clara Santos,Seafood Cajun Boil x1,1850.00,222.00,0.00,2072.00,SPLIT (Cash + GCash),PAID,COMPLETED,TXN-SPL-27964169
ORD-20260904-04155-84013,2026-09-04 12:44:50,ON_SITE,Carlos Mendoza,Grilled Seafood Platter x1,2100.00,252.00,0.00,2352.00,CASH,PAID,COMPLETED,TXN-CAS-19133884
ORD-20260904-03611-E1ECD,2026-09-04 13:11:28,ONLINE,Lisa Manoban,Sweet & Chili Crab Bucket x1; Garlic Butter Prawns x1,3200.00,384.00,60.00,3644.00,GCASH,PAID,COMPLETED,TXN-GCA-45805330
ORD-20260904-01790-C4A02,2026-09-04 13:13:30,ON_SITE,Alden Richards,Sweet & Chili Crab Bucket x2,3900.00,468.00,0.00,4368.00,CASH,PAID,COMPLETED,TXN-CAS-21324431
ORD-20260904-03131-7C654,2026-09-04 13:19:53,ONLINE,Mark Bautista,Garlic Butter Prawns x3,3750.00,450.00,85.00,4285.00,GCASH,PAID,COMPLETED,TXN-GCA-69305821
ORD-20260904-04070-A2583,2026-09-04 13:20:27,ON_SITE,Lisa Manoban,Seafood Bilao Feast x1; Fresh Calamansi Juice Pitcher x2; Classic Seafood Paella x2,6260.00,751.20,0.00,7011.20,GCASH,PAID,COMPLETED,TXN-GCA-88304119
ORD-20260904-00189-BA95F,2026-09-04 13:21:02,ON_SITE,Lisa Manoban,Crispy Seafood Basket x2,1960.00,235.20,0.00,2195.20,HYBRID (Cash + GCash),PAID,COMPLETED,TXN-HYB-92707765
ORD-20260904-01919-8AF7D,2026-09-04 13:23:30,ONLINE,Ana Reyes,Crispy Seafood Basket x1; Grilled Seafood Platter x1,3080.00,369.60,85.00,3534.60,CASH,PAID,COMPLETED,TXN-CAS-56903092
ORD-20260904-01724-C959A,2026-09-04 13:27:41,ONLINE,Clara Dizon,Seafood Bilao Feast x1,2400.00,288.00,120.00,2808.00,GCASH,PAID,COMPLETED,TXN-GCA-91060569
ORD-20260904-01154-CF772,2026-09-04 13:28:33,ONLINE,Mark Bautista,Garlic Butter Prawns x2; Classic Seafood Paella x1; Grilled Seafood Platter x2; Fresh Calamansi Juice Pitcher x2,8910.00,1069.20,120.00,10099.20,HYBRID (Cash + GCash),PAID,COMPLETED,TXN-HYB-36348429
ORD-20260904-03451-9B9F3,2026-09-04 13:37:24,ONLINE,Ana Reyes,Seafood Bilao Feast x1; Grilled Seafood Platter x1,4500.00,540.00,120.00,5160.00,HYBRID (Cash + GCash),PENDING,IN_PROCESS,N/A
ORD-20260904-03394-62685,2026-09-04 13:44:20,ONLINE,Juan Tamad,Seafood Bilao Feast x1,2400.00,288.00,60.00,2748.00,MAYA,PAID,COMPLETED,TXN-MAY-87962607
ORD-20260904-01902-C62D7,2026-09-04 14:52:01,ON_SITE,Marian Rivera,Classic Seafood Paella x1,1650.00,198.00,0.00,1848.00,GCASH,PAID,COMPLETED,TXN-GCA-26948734
ORD-20260904-02035-16DEA,2026-09-04 14:55:18,ON_SITE,Maria Clara Santos,Sweet & Chili Crab Bucket x3; Seafood Bilao Feast x1,8250.00,990.00,0.00,9240.00,GCASH,PAID,COMPLETED,TXN-GCA-68696805
ORD-20260904-03114-F54E9,2026-09-04 15:02:09,ON_SITE,Lisa Manoban,Garlic Butter Prawns x3; Crispy Seafood Basket x1,4730.00,567.60,0.00,5297.60,GCASH,PAID,COMPLETED,TXN-GCA-94835141
ORD-20260904-02308-68804,2026-09-04 15:12:37,ONLINE,Lisa Manoban,Fresh Calamansi Juice Pitcher x1,280.00,33.60,120.00,433.60,GCASH,PAID,COMPLETED,TXN-GCA-15209939
ORD-20260904-00606-3711B,2026-09-04 15:22:13,ON_SITE,Ramon Magsaysay Jr.,Crispy Seafood Basket x1; Fresh Calamansi Juice Pitcher x1,1260.00,151.20,0.00,1411.20,MAYA,PAID,COMPLETED,TXN-MAY-70075598
ORD-20260904-02776-BB348,2026-09-04 15:25:24,ONLINE,Ana Reyes,Fresh Calamansi Juice Pitcher x1; Sweet & Chili Crab Bucket x1; Grilled Seafood Platter x1,4330.00,519.60,120.00,4969.60,GCASH,PAID,COMPLETED,TXN-GCA-73424521
ORD-20260904-04100-2AC72,2026-09-04 15:34:19,ON_SITE,Alden Richards,Crispy Seafood Basket x1; Garlic Butter Prawns x1,2230.00,267.60,0.00,2497.60,GCASH,PAID,COMPLETED,TXN-GCA-54295850
ORD-20260904-01881-CB5EE,2026-09-04 16:03:54,ONLINE,Lisa Manoban,Grilled Seafood Platter x2; Sweet & Chili Crab Bucket x1; Classic Seafood Paella x1,7800.00,936.00,85.00,8821.00,GCASH,PAID,COMPLETED,TXN-GCA-24530823
ORD-20260904-04083-25E73,2026-09-04 16:04:01,ON_SITE,Matteo Guidicelli,Classic Seafood Paella x1,1650.00,198.00,0.00,1848.00,HYBRID (Cash + GCash),PAID,COMPLETED,TXN-HYB-39094333
ORD-20260904-00183-EA329,2026-09-04 16:04:56,ON_SITE,Lisa Manoban,Seafood Bilao Feast x1; Fresh Calamansi Juice Pitcher x1; Sweet & Chili Crab Bucket x1,4630.00,555.60,0.00,5185.60,SPLIT (Cash + GCash),PAID,COMPLETED,TXN-SPL-45879765
ORD-20260904-04352-B6581,2026-09-04 16:14:02,ON_SITE,Joshua Garcia,Sweet & Chili Crab Bucket x1,1950.00,234.00,0.00,2184.00,CASH,PAID,COMPLETED,TXN-CAS-91162827
ORD-20260904-04541-B0AAC,2026-09-04 16:33:32,ONLINE,Clara Dizon,Seafood Cajun Boil x1,1850.00,222.00,50.00,2122.00,SPLIT (Cash + GCash),PAID,COMPLETED,TXN-SPL-17545169
ORD-20260904-03779-A3B7C,2026-09-04 16:34:43,ONLINE,Clara Dizon,Seafood Cajun Boil x1; Garlic Butter Prawns x3,5600.00,672.00,120.00,6392.00,GCASH,PAID,COMPLETED,TXN-GCA-62870740
ORD-20260904-02200-E3A2C,2026-09-04 16:36:37,ON_SITE,Marian Rivera,Sweet & Chili Crab Bucket x1; Grilled Seafood Platter x2,6150.00,738.00,0.00,6888.00,MAYA,PAID,COMPLETED,TXN-MAY-73735371
ORD-20260904-02480-F8C81,2026-09-04 17:10:41,ON_SITE,Kathryn Bernardo,Crispy Seafood Basket x1,980.00,117.60,0.00,1097.60,CASH,PAID,COMPLETED,TXN-CAS-78309542
ORD-20260904-02928-D49B2,2026-09-04 17:16:23,ONLINE,Clara Dizon,Classic Seafood Paella x1; Garlic Butter Prawns x1,2900.00,348.00,100.00,3348.00,GCASH,PAID,COMPLETED,TXN-GCA-42852295
ORD-20260904-02620-449E3,2026-09-04 17:49:52,ON_SITE,Ferdinand Marcos,Crispy Seafood Basket x1; Garlic Butter Prawns x2; Seafood Bilao Feast x3; Seafood Cajun Boil x1,12530.00,1503.60,0.00,14033.60,CASH,PAID,COMPLETED,TXN-CAS-41527718
ORD-20260904-01780-A34A7,2026-09-04 17:50:01,ON_SITE,Joshua Garcia,Grilled Seafood Platter x2; Fresh Calamansi Juice Pitcher x1; Garlic Butter Prawns x1,5730.00,687.60,0.00,6417.60,CASH,PAID,COMPLETED,TXN-CAS-94039463
ORD-20260904-02828-4EDA5,2026-09-04 17:58:00,ON_SITE,Dingdong Dantes,Sweet & Chili Crab Bucket x1; Grilled Seafood Platter x1,4050.00,486.00,0.00,4536.00,HYBRID (Cash + GCash),REFUNDED,CANCELLED,N/A
ORD-20260904-04742-0DD6B,2026-09-04 18:04:30,ON_SITE,Giselle Hernandez,Seafood Cajun Boil x1,1850.00,222.00,0.00,2072.00,GCASH,PAID,COMPLETED,TXN-GCA-44687452
ORD-20260904-04378-41976,2026-09-04 18:08:07,ON_SITE,Giselle Hernandez,Grilled Seafood Platter x2,4200.00,504.00,0.00,4704.00,CASH,PAID,COMPLETED,TXN-CAS-57002251
ORD-20260904-03235-4C59F,2026-09-04 18:13:02,ONLINE,Lisa Manoban,Fresh Calamansi Juice Pitcher x1,280.00,33.60,50.00,363.60,SPLIT (Cash + GCash),REFUNDED,CANCELLED,N/A
ORD-20260904-03945-FAFC7,2026-09-04 18:19:11,ONLINE,Ana Reyes,Classic Seafood Paella x1,1650.00,198.00,100.00,1948.00,HYBRID (Cash + GCash),PAID,COMPLETED,TXN-HYB-98883982
ORD-20260904-03876-88772,2026-09-04 18:25:25,ONLINE,Clara Dizon,Seafood Bilao Feast x1; Sweet & Chili Crab Bucket x1; Fresh Calamansi Juice Pitcher x2,4910.00,589.20,120.00,5619.20,HYBRID (Cash + GCash),PAID,COMPLETED,TXN-HYB-89434992
ORD-20260904-04051-68FF6,2026-09-04 18:36:36,ONLINE,Juan Tamad,Grilled Seafood Platter x1,2100.00,252.00,85.00,2437.00,CASH,PAID,COMPLETED,TXN-CAS-65118510
ORD-20260904-00354-B2416,2026-09-04 18:50:25,ONLINE,Clara Dizon,Crispy Seafood Basket x1; Grilled Seafood Platter x1,3080.00,369.60,85.00,3534.60,GCASH,PAID,COMPLETED,TXN-GCA-13891919
ORD-20260904-04854-FAEDD,2026-09-04 18:52:36,ONLINE,Juan Tamad,Fresh Calamansi Juice Pitcher x2; Garlic Butter Prawns x1,1810.00,217.20,75.00,2102.20,GCASH,PAID,COMPLETED,TXN-GCA-26547374
ORD-20260904-01072-F5EE1,2026-09-04 19:00:43,ON_SITE,Ana Reyes,Sweet & Chili Crab Bucket x1; Garlic Butter Prawns x1; Fresh Calamansi Juice Pitcher x3; Classic Seafood Paella x1,5690.00,682.80,0.00,6372.80,CASH,PAID,COMPLETED,TXN-CAS-64636270
ORD-20260904-03110-C0710,2026-09-04 19:07:52,ON_SITE,Pedro Penduko,Garlic Butter Prawns x1,1250.00,150.00,0.00,1400.00,CASH,PAID,COMPLETED,TXN-CAS-32174325
ORD-20260904-02036-F4574,2026-09-04 19:09:40,ONLINE,Juan Tamad,Garlic Butter Prawns x1; Seafood Cajun Boil x1,3100.00,372.00,75.00,3547.00,SPLIT (Cash + GCash),PAID,COMPLETED,TXN-SPL-18631801
ORD-20260904-04014-1CFAA,2026-09-04 19:45:56,ON_SITE,Sarah Geronimo,Fresh Calamansi Juice Pitcher x2; Seafood Bilao Feast x1,2960.00,355.20,0.00,3315.20,CASH,PAID,COMPLETED,TXN-CAS-99559372
ORD-20260904-04876-32448,2026-09-04 19:55:51,ONLINE,Pedro Penduko,Crispy Seafood Basket x1,980.00,117.60,85.00,1182.60,HYBRID (Cash + GCash),PAID,COMPLETED,TXN-HYB-61509601
ORD-20260904-03301-75EA1,2026-09-04 20:01:58,ON_SITE,Matteo Guidicelli,Classic Seafood Paella x1; Crispy Seafood Basket x1,2630.00,315.60,0.00,2945.60,GCASH,PAID,COMPLETED,TXN-GCA-85930667
ORD-20260904-02740-C2297,2026-09-04 20:05:03,ONLINE,Lisa Manoban,Crispy Seafood Basket x1,980.00,117.60,50.00,1147.60,SPLIT (Cash + GCash),PAID,COMPLETED,TXN-SPL-95712481
ORD-20260904-01446-0B811,2026-09-04 20:18:51,ON_SITE,Joshua Garcia,Fresh Calamansi Juice Pitcher x1; Seafood Bilao Feast x1,2680.00,321.60,0.00,3001.60,CASH,PAID,COMPLETED,TXN-CAS-28966359
ORD-20260904-04502-31C15,2026-09-04 20:29:35,ON_SITE,Mark Bautista,Classic Seafood Paella x1; Seafood Cajun Boil x1; Seafood Bilao Feast x1,5900.00,708.00,0.00,6608.00,HYBRID (Cash + GCash),PAID,COMPLETED,TXN-HYB-72791493
ORD-20260904-02611-ED396,2026-09-04 20:45:58,ONLINE,Pedro Penduko,Crispy Seafood Basket x1; Grilled Seafood Platter x1,3080.00,369.60,75.00,3524.60,GCASH,PAID,COMPLETED,TXN-GCA-61961237
ORD-20260904-02992-FCA5C,2026-09-04 20:50:20,ONLINE,Lisa Manoban,Garlic Butter Prawns x2; Seafood Cajun Boil x1,4350.00,522.00,60.00,4932.00,CASH,PAID,COMPLETED,TXN-CAS-90938030
ORD-20260904-01328-69E16,2026-09-04 21:07:58,ON_SITE,Alden Richards,Fresh Calamansi Juice Pitcher x1; Grilled Seafood Platter x1,2380.00,285.60,0.00,2665.60,CASH,PAID,COMPLETED,TXN-CAS-76752008
ORD-20260904-04110-8319C,2026-09-04 21:10:20,ON_SITE,Maria Clara Santos,Fresh Calamansi Juice Pitcher x2,560.00,67.20,0.00,627.20,CASH,PAID,COMPLETED,TXN-CAS-51181258
ORD-20260904-04376-937E7,2026-09-04 21:17:04,ONLINE,Lisa Manoban,Garlic Butter Prawns x1; Seafood Cajun Boil x1; Sweet & Chili Crab Bucket x2,7000.00,840.00,100.00,7940.00,GCASH,PAID,COMPLETED,TXN-GCA-98327440
ORD-20260904-00114-D337E,2026-09-04 21:41:35,ONLINE,Lisa Manoban,Classic Seafood Paella x1; Fresh Calamansi Juice Pitcher x1,1930.00,231.60,75.00,2236.60,MAYA,PAID,COMPLETED,TXN-MAY-42605972
ORD-20260904-02762-EE9C4,2026-09-04 21:47:46,ON_SITE,Ramon Magsaysay Jr.,Classic Seafood Paella x1; Garlic Butter Prawns x1; Fresh Calamansi Juice Pitcher x2; Sweet & Chili Crab Bucket x1,5410.00,649.20,0.00,6059.20,HYBRID (Cash + GCash),PAID,COMPLETED,TXN-HYB-40157179
ORD-20260905-01896-2B4CE,2026-09-05 10:16:26,ONLINE,Pedro Penduko,Fresh Calamansi Juice Pitcher x1,280.00,33.60,85.00,398.60,GCASH,PAID,COMPLETED,TXN-GCA-20016156
ORD-20260905-00551-DE275,2026-09-05 10:18:57,ON_SITE,Bea Alonzo,Garlic Butter Prawns x1; Grilled Seafood Platter x1,3350.00,402.00,0.00,3752.00,HYBRID (Cash + GCash),PAID,COMPLETED,TXN-HYB-51661955
ORD-20260905-04518-6315F,2026-09-05 10:24:14,ON_SITE,Juan Tamad,Sweet & Chili Crab Bucket x1; Seafood Bilao Feast x1,4350.00,522.00,0.00,4872.00,GCASH,PAID,COMPLETED,TXN-GCA-48045713
ORD-20260905-00201-A1596,2026-09-05 10:31:57,ONLINE,Mark Bautista,Fresh Calamansi Juice Pitcher x1,280.00,33.60,120.00,433.60,GCASH,PAID,COMPLETED,TXN-GCA-89882536
ORD-20260905-04039-3A4D3,2026-09-05 10:34:20,ON_SITE,Pedro Penduko,Garlic Butter Prawns x1; Sweet & Chili Crab Bucket x1,3200.00,384.00,0.00,3584.00,CASH,PAID,COMPLETED,TXN-CAS-31568041
ORD-20260905-02725-BD389,2026-09-05 10:38:40,ON_SITE,Giselle Hernandez,Grilled Seafood Platter x1,2100.00,252.00,0.00,2352.00,CASH,PAID,COMPLETED,TXN-CAS-70648709
ORD-20260905-01416-D1E7F,2026-09-05 10:40:29,ON_SITE,Dindo Dela Cruz,Crispy Seafood Basket x1,980.00,117.60,0.00,1097.60,CASH,REFUNDED,CANCELLED,N/A
ORD-20260905-00341-E8B95,2026-09-05 10:46:41,ONLINE,Juan Tamad,Seafood Bilao Feast x1; Sweet & Chili Crab Bucket x2; Grilled Seafood Platter x1; Garlic Butter Prawns x1,9650.00,1158.00,100.00,10908.00,HYBRID (Cash + GCash),PAID,COMPLETED,TXN-HYB-63812093
ORD-20260905-04870-E401C,2026-09-05 10:50:57,ON_SITE,Dingdong Dantes,Seafood Bilao Feast x1; Grilled Seafood Platter x1,4500.00,540.00,0.00,5040.00,SPLIT (Cash + GCash),PAID,COMPLETED,TXN-SPL-13883358
ORD-20260905-04122-727E7,2026-09-05 10:52:05,ON_SITE,Marian Rivera,Crispy Seafood Basket x1; Sweet & Chili Crab Bucket x2; Fresh Calamansi Juice Pitcher x1; Grilled Seafood Platter x2,9360.00,1123.20,0.00,10483.20,GCASH,PAID,COMPLETED,TXN-GCA-21219705
ORD-20260905-04732-4FBA7,2026-09-05 10:54:06,ONLINE,Clara Dizon,Seafood Bilao Feast x1,2400.00,288.00,85.00,2773.00,GCASH,PAID,COMPLETED,TXN-GCA-64848032
ORD-20260905-00244-1112C,2026-09-05 10:54:31,ON_SITE,Lisa Manoban,Seafood Cajun Boil x1; Sweet & Chili Crab Bucket x2; Seafood Bilao Feast x1; Grilled Seafood Platter x1,10250.00,1230.00,0.00,11480.00,HYBRID (Cash + GCash),PAID,COMPLETED,TXN-HYB-38965119
ORD-20260905-04716-3C483,2026-09-05 10:59:13,ONLINE,Juan Tamad,Fresh Calamansi Juice Pitcher x2; Classic Seafood Paella x1,2210.00,265.20,60.00,2535.20,GCASH,PAID,COMPLETED,TXN-GCA-94314026
ORD-20260905-01152-C343B,2026-09-05 11:09:25,ONLINE,Pedro Penduko,Sweet & Chili Crab Bucket x1,1950.00,234.00,85.00,2269.00,GCASH,PAID,COMPLETED,TXN-GCA-68673343
ORD-20260905-00898-CCDA7,2026-09-05 11:20:15,ON_SITE,Daniel Padilla,Seafood Bilao Feast x2; Seafood Cajun Boil x1,6650.00,798.00,0.00,7448.00,HYBRID (Cash + GCash),PAID,COMPLETED,TXN-HYB-53769355
ORD-20260905-04143-E049E,2026-09-05 11:29:42,ONLINE,Pedro Penduko,Garlic Butter Prawns x1; Classic Seafood Paella x1,2900.00,348.00,120.00,3368.00,GCASH,PAID,COMPLETED,TXN-GCA-30761847
ORD-20260905-03964-8BC2B,2026-09-05 11:40:11,ON_SITE,Ana Reyes,Grilled Seafood Platter x2; Classic Seafood Paella x1,5850.00,702.00,0.00,6552.00,SPLIT (Cash + GCash),PAID,COMPLETED,TXN-SPL-83217445
ORD-20260905-03014-B4D76,2026-09-05 11:51:07,ON_SITE,Giselle Hernandez,Classic Seafood Paella x1; Sweet & Chili Crab Bucket x1,3600.00,432.00,0.00,4032.00,SPLIT (Cash + GCash),PAID,COMPLETED,TXN-SPL-25655361
ORD-20260905-03453-BC372,2026-09-05 11:52:20,ON_SITE,Carlos Mendoza,Seafood Bilao Feast x1; Seafood Cajun Boil x3,7950.00,954.00,0.00,8904.00,CASH,PAID,COMPLETED,TXN-CAS-34647829
ORD-20260905-03018-0DC9B,2026-09-05 11:56:50,ONLINE,Ana Reyes,Seafood Cajun Boil x1; Grilled Seafood Platter x1; Classic Seafood Paella x3,8900.00,1068.00,75.00,10043.00,GCASH,PAID,COMPLETED,TXN-GCA-11652797
ORD-20260905-01583-8BABD,2026-09-05 12:05:14,ON_SITE,Mark Bautista,Seafood Cajun Boil x1; Garlic Butter Prawns x1,3100.00,372.00,0.00,3472.00,GCASH,PAID,COMPLETED,TXN-GCA-71947775
ORD-20260905-02609-274B4,2026-09-05 12:14:45,ONLINE,Ana Reyes,Seafood Bilao Feast x1; Grilled Seafood Platter x1; Sweet & Chili Crab Bucket x1,6450.00,774.00,75.00,7299.00,GCASH,PAID,COMPLETED,TXN-GCA-57748023
ORD-20260905-04741-BE622,2026-09-05 12:40:48,ONLINE,Ana Reyes,Crispy Seafood Basket x2; Sweet & Chili Crab Bucket x1,3910.00,469.20,100.00,4479.20,GCASH,PAID,COMPLETED,TXN-GCA-87279930
ORD-20260905-01802-238AB,2026-09-05 12:41:23,ON_SITE,Daniel Padilla,Fresh Calamansi Juice Pitcher x1; Crispy Seafood Basket x1,1260.00,151.20,0.00,1411.20,MAYA,PAID,COMPLETED,TXN-MAY-85887567
ORD-20260905-02193-E3304,2026-09-05 12:51:48,ON_SITE,Lisa Manoban,Seafood Cajun Boil x1; Fresh Calamansi Juice Pitcher x3,2690.00,322.80,0.00,3012.80,HYBRID (Cash + GCash),PAID,COMPLETED,TXN-HYB-74587231
ORD-20260905-04528-CA9B9,2026-09-05 12:56:11,ONLINE,Lisa Manoban,Seafood Bilao Feast x1,2400.00,288.00,50.00,2738.00,GCASH,PAID,IN_PROCESS,TXN-GCA-23399115
ORD-20260905-03745-B2613,2026-09-05 12:59:37,ONLINE,Clara Dizon,Garlic Butter Prawns x1; Seafood Cajun Boil x2,4950.00,594.00,50.00,5594.00,HYBRID (Cash + GCash),PAID,COMPLETED,TXN-HYB-97644719
ORD-20260905-00097-F2C87,2026-09-05 13:01:15,ON_SITE,Matteo Guidicelli,Fresh Calamansi Juice Pitcher x2,560.00,67.20,0.00,627.20,SPLIT (Cash + GCash),PAID,COMPLETED,TXN-SPL-76920097
ORD-20260905-00498-F5F74,2026-09-05 13:01:37,ONLINE,Mark Bautista,Grilled Seafood Platter x1; Seafood Cajun Boil x1; Classic Seafood Paella x1,5600.00,672.00,50.00,6322.00,SPLIT (Cash + GCash),PAID,COMPLETED,TXN-SPL-58051765
ORD-20260905-04662-82A96,2026-09-05 13:07:03,ONLINE,Clara Dizon,Seafood Bilao Feast x3,7200.00,864.00,85.00,8149.00,GCASH,PAID,COMPLETED,TXN-GCA-27260391
ORD-20260905-02621-02B7C,2026-09-05 13:20:50,ONLINE,Lisa Manoban,Seafood Bilao Feast x1; Classic Seafood Paella x1; Seafood Cajun Boil x1,5900.00,708.00,85.00,6693.00,MAYA,PAID,COMPLETED,TXN-MAY-80650603
ORD-20260905-01871-BFF05,2026-09-05 13:34:18,ONLINE,Lisa Manoban,Crispy Seafood Basket x1; Garlic Butter Prawns x1,2230.00,267.60,120.00,2617.60,HYBRID (Cash + GCash),PAID,COMPLETED,TXN-HYB-10056038
ORD-20260905-04177-1DA85,2026-09-05 13:39:08,ONLINE,Lisa Manoban,Garlic Butter Prawns x1; Seafood Bilao Feast x1,3650.00,438.00,60.00,4148.00,GCASH,PAID,COMPLETED,TXN-GCA-22071399
ORD-20260905-01526-56780,2026-09-05 13:45:31,ONLINE,Mark Bautista,Seafood Bilao Feast x1,2400.00,288.00,120.00,2808.00,COD,PAID,COMPLETED,TXN-COD-36029471
ORD-20260905-00009-36E13,2026-09-05 13:48:20,ONLINE,Ana Reyes,Fresh Calamansi Juice Pitcher x1; Sweet & Chili Crab Bucket x1; Garlic Butter Prawns x1; Seafood Bilao Feast x1,5880.00,705.60,120.00,6705.60,CASH,PAID,COMPLETED,TXN-CAS-44493008
ORD-20260905-00136-C068D,2026-09-05 14:07:04,ONLINE,Pedro Penduko,Grilled Seafood Platter x3; Seafood Bilao Feast x1; Seafood Cajun Boil x2,12400.00,1488.00,60.00,13948.00,GCASH,PAID,COMPLETED,TXN-GCA-89276072
ORD-20260905-00737-4542C,2026-09-05 14:16:41,ON_SITE,Joshua Garcia,Sweet & Chili Crab Bucket x1; Seafood Cajun Boil x2,5650.00,678.00,0.00,6328.00,SPLIT (Cash + GCash),PAID,COMPLETED,TXN-SPL-89012001
ORD-20260905-03746-4C1B1,2026-09-05 14:19:00,ONLINE,Clara Dizon,Garlic Butter Prawns x1,1250.00,150.00,120.00,1520.00,MAYA,PAID,COMPLETED,TXN-MAY-84298990
ORD-20260905-00768-E4C16,2026-09-05 14:20:44,ONLINE,Mark Bautista,Sweet & Chili Crab Bucket x1; Seafood Bilao Feast x1; Classic Seafood Paella x1,6000.00,720.00,120.00,6840.00,GCASH,PAID,COMPLETED,TXN-GCA-42685289
ORD-20260905-04980-B3687,2026-09-05 14:23:38,ONLINE,Ana Reyes,Grilled Seafood Platter x2; Crispy Seafood Basket x1; Garlic Butter Prawns x1,6430.00,771.60,100.00,7301.60,MAYA,PENDING,CANCELLED,N/A
ORD-20260905-00250-67BBD,2026-09-05 14:26:12,ONLINE,Juan Tamad,Grilled Seafood Platter x1,2100.00,252.00,120.00,2472.00,HYBRID (Cash + GCash),PAID,COMPLETED,TXN-HYB-36972461
ORD-20260905-02980-BF665,2026-09-05 14:27:23,ONLINE,Juan Tamad,Classic Seafood Paella x1; Fresh Calamansi Juice Pitcher x1,1930.00,231.60,120.00,2281.60,HYBRID (Cash + GCash),PAID,COMPLETED,TXN-HYB-26784205
ORD-20260905-00628-A54A6,2026-09-05 14:34:54,ON_SITE,Mark Bautista,Crispy Seafood Basket x1; Grilled Seafood Platter x1; Classic Seafood Paella x2; Fresh Calamansi Juice Pitcher x2,6940.00,832.80,0.00,7772.80,HYBRID (Cash + GCash),PAID,COMPLETED,TXN-HYB-47073305
ORD-20260905-01240-88530,2026-09-05 14:35:32,ON_SITE,Matteo Guidicelli,Grilled Seafood Platter x1,2100.00,252.00,0.00,2352.00,CASH,PAID,COMPLETED,TXN-CAS-12070014
ORD-20260905-00997-02FE0,2026-09-05 14:38:03,ON_SITE,Dingdong Dantes,Seafood Cajun Boil x2; Crispy Seafood Basket x1; Seafood Bilao Feast x2; Garlic Butter Prawns x2,11980.00,1437.60,0.00,13417.60,CASH,PAID,COMPLETED,TXN-CAS-20762231
ORD-20260905-04772-C5378,2026-09-05 14:39:30,ONLINE,Clara Dizon,Seafood Bilao Feast x1; Crispy Seafood Basket x1; Grilled Seafood Platter x1; Seafood Cajun Boil x1,7330.00,879.60,75.00,8284.60,GCASH,PAID,COMPLETED,TXN-GCA-31104442
ORD-20260905-04794-5C4A1,2026-09-05 14:55:25,ONLINE,Clara Dizon,Grilled Seafood Platter x1,2100.00,252.00,120.00,2472.00,SPLIT (Cash + GCash),PAID,COMPLETED,TXN-SPL-21152777
ORD-20260905-02598-88037,2026-09-05 15:06:23,ONLINE,Mark Bautista,Sweet & Chili Crab Bucket x2; Garlic Butter Prawns x2; Classic Seafood Paella x1,8050.00,966.00,85.00,9101.00,GCASH,PAID,COMPLETED,TXN-GCA-33019294
ORD-20260905-00719-A12B7,2026-09-05 15:12:38,ON_SITE,Carlos Mendoza,Garlic Butter Prawns x2; Classic Seafood Paella x1,4150.00,498.00,0.00,4648.00,CASH,PAID,COMPLETED,TXN-CAS-68126006
ORD-20260905-02020-9E8E3,2026-09-05 15:28:33,ONLINE,Clara Dizon,Fresh Calamansi Juice Pitcher x1; Seafood Bilao Feast x1; Seafood Cajun Boil x1,4530.00,543.60,50.00,5123.60,MAYA,PAID,COMPLETED,TXN-MAY-63735564
ORD-20260905-03991-A547B,2026-09-05 15:32:01,ONLINE,Pedro Penduko,Garlic Butter Prawns x1; Classic Seafood Paella x1,2900.00,348.00,60.00,3308.00,GCASH,PAID,COMPLETED,TXN-GCA-35183034
ORD-20260905-00285-F9BC0,2026-09-05 15:36:45,ON_SITE,Clara Dizon,Seafood Bilao Feast x1; Seafood Cajun Boil x1,4250.00,510.00,0.00,4760.00,CASH,PAID,COMPLETED,TXN-CAS-18198137
ORD-20260905-04159-4CF55,2026-09-05 15:53:14,ON_SITE,Clara Dizon,Garlic Butter Prawns x1; Fresh Calamansi Juice Pitcher x2,1810.00,217.20,0.00,2027.20,CASH,PAID,COMPLETED,TXN-CAS-11664478
ORD-20260905-00080-B580E,2026-09-05 16:10:28,ONLINE,Lisa Manoban,Garlic Butter Prawns x1,1250.00,150.00,120.00,1520.00,HYBRID (Cash + GCash),PAID,COMPLETED,TXN-HYB-93980843
ORD-20260905-01586-E5628,2026-09-05 16:21:03,ON_SITE,Maria Clara Santos,Fresh Calamansi Juice Pitcher x1; Classic Seafood Paella x1,1930.00,231.60,0.00,2161.60,HYBRID (Cash + GCash),PAID,COMPLETED,TXN-HYB-24629499
ORD-20260905-01796-F253D,2026-09-05 16:38:27,ONLINE,Ana Reyes,Seafood Cajun Boil x1; Classic Seafood Paella x1,3500.00,420.00,50.00,3970.00,GCASH,PAID,COMPLETED,TXN-GCA-69312458
ORD-20260905-02544-76FA9,2026-09-05 16:42:04,ONLINE,Ana Reyes,Classic Seafood Paella x1,1650.00,198.00,85.00,1933.00,SPLIT (Cash + GCash),PAID,COMPLETED,TXN-SPL-30917036
ORD-20260905-04698-5C212,2026-09-05 16:53:45,ON_SITE,Clara Dizon,Seafood Bilao Feast x1,2400.00,288.00,0.00,2688.00,CASH,PAID,COMPLETED,TXN-CAS-40128226
ORD-20260905-04309-A80F1,2026-09-05 17:07:51,ONLINE,Mark Bautista,Garlic Butter Prawns x1; Fresh Calamansi Juice Pitcher x1,1530.00,183.60,60.00,1773.60,GCASH,PAID,COMPLETED,TXN-GCA-28725840
ORD-20260905-00296-DE82D,2026-09-05 17:22:57,ON_SITE,Clara Dizon,Sweet & Chili Crab Bucket x1; Grilled Seafood Platter x1; Classic Seafood Paella x2,7350.00,882.00,0.00,8232.00,HYBRID (Cash + GCash),PAID,COMPLETED,TXN-HYB-62994258
ORD-20260905-03163-694F9,2026-09-05 17:30:23,ON_SITE,Lisa Manoban,Crispy Seafood Basket x2; Seafood Cajun Boil x1,3810.00,457.20,0.00,4267.20,MAYA,PAID,COMPLETED,TXN-MAY-36805488
ORD-20260905-02179-A5F8F,2026-09-05 17:38:02,ONLINE,Ana Reyes,Seafood Bilao Feast x1,2400.00,288.00,50.00,2738.00,GCASH,PAID,COMPLETED,TXN-GCA-60854373
ORD-20260905-01886-42386,2026-09-05 18:01:16,ON_SITE,Maria Clara Santos,Classic Seafood Paella x1,1650.00,198.00,0.00,1848.00,GCASH,PAID,COMPLETED,TXN-GCA-38397914
ORD-20260905-01803-EF523,2026-09-05 18:15:33,ON_SITE,Lisa Manoban,Grilled Seafood Platter x1; Sweet & Chili Crab Bucket x1; Fresh Calamansi Juice Pitcher x1,4330.00,519.60,0.00,4849.60,GCASH,PAID,COMPLETED,TXN-GCA-97770597
ORD-20260905-00866-526A7,2026-09-05 18:20:50,ONLINE,Ana Reyes,Garlic Butter Prawns x1,1250.00,150.00,100.00,1500.00,GCASH,PAID,COMPLETED,TXN-GCA-29392788
ORD-20260905-01048-20D86,2026-09-05 18:25:02,ON_SITE,Maria Clara Santos,Classic Seafood Paella x2; Sweet & Chili Crab Bucket x2; Fresh Calamansi Juice Pitcher x1,7480.00,897.60,0.00,8377.60,CASH,PAID,COMPLETED,TXN-CAS-77971348
ORD-20260905-01833-301AC,2026-09-05 18:32:50,ONLINE,Mark Bautista,Garlic Butter Prawns x1,1250.00,150.00,85.00,1485.00,SPLIT (Cash + GCash),PAID,COMPLETED,TXN-SPL-33291655
ORD-20260905-04591-993FA,2026-09-05 18:33:06,ONLINE,Pedro Penduko,Grilled Seafood Platter x1; Sweet & Chili Crab Bucket x1,4050.00,486.00,50.00,4586.00,CASH,PAID,COMPLETED,TXN-CAS-97798800
ORD-20260905-02573-F3EBC,2026-09-05 18:41:31,ONLINE,Clara Dizon,Seafood Bilao Feast x1,2400.00,288.00,75.00,2763.00,SPLIT (Cash + GCash),PAID,COMPLETED,TXN-SPL-36753959
ORD-20260905-02659-C8C88,2026-09-05 18:45:44,ON_SITE,Ferdinand Marcos,Fresh Calamansi Juice Pitcher x2; Grilled Seafood Platter x1,2660.00,319.20,0.00,2979.20,HYBRID (Cash + GCash),PAID,COMPLETED,TXN-HYB-95849101
ORD-20260905-00324-F7B9C,2026-09-05 18:51:10,ON_SITE,Ana Reyes,Crispy Seafood Basket x1; Classic Seafood Paella x1,2630.00,315.60,0.00,2945.60,CASH,PAID,COMPLETED,TXN-CAS-35241634
ORD-20260905-02718-9E4CF,2026-09-05 19:06:07,ON_SITE,Ferdinand Marcos,Classic Seafood Paella x1; Sweet & Chili Crab Bucket x2; Fresh Calamansi Juice Pitcher x1; Grilled Seafood Platter x1,7930.00,951.60,0.00,8881.60,GCASH,PAID,COMPLETED,TXN-GCA-15894881
ORD-20260905-00965-D7E02,2026-09-05 19:07:26,ON_SITE,Pedro Penduko,Sweet & Chili Crab Bucket x3; Seafood Cajun Boil x1,7700.00,924.00,0.00,8624.00,HYBRID (Cash + GCash),PAID,COMPLETED,TXN-HYB-56813739
ORD-20260905-04397-3DC20,2026-09-05 19:29:59,ON_SITE,Lisa Manoban,Classic Seafood Paella x2; Crispy Seafood Basket x1,4280.00,513.60,0.00,4793.60,CASH,PAID,COMPLETED,TXN-CAS-54521086
ORD-20260905-00944-74093,2026-09-05 19:45:12,ONLINE,Ana Reyes,Grilled Seafood Platter x1; Seafood Bilao Feast x1,4500.00,540.00,85.00,5125.00,HYBRID (Cash + GCash),PAID,COMPLETED,TXN-HYB-22731957
ORD-20260905-02900-DD3B4,2026-09-05 19:45:39,ONLINE,Lisa Manoban,Classic Seafood Paella x1,1650.00,198.00,50.00,1898.00,CASH,PAID,COMPLETED,TXN-CAS-19841531
ORD-20260905-00696-0CFA8,2026-09-05 19:58:23,ONLINE,Lisa Manoban,Fresh Calamansi Juice Pitcher x1,280.00,33.60,120.00,433.60,GCASH,PAID,COMPLETED,TXN-GCA-89647883
ORD-20260905-03535-E76CE,2026-09-05 19:58:29,ON_SITE,Bea Alonzo,Sweet & Chili Crab Bucket x1,1950.00,234.00,0.00,2184.00,CASH,PAID,COMPLETED,TXN-CAS-59953938
ORD-20260905-00744-38731,2026-09-05 19:58:39,ONLINE,Clara Dizon,Seafood Bilao Feast x2; Classic Seafood Paella x2,8100.00,972.00,100.00,9172.00,GCASH,PAID,COMPLETED,TXN-GCA-13197777
ORD-20260905-03292-4BBFF,2026-09-05 20:24:16,ON_SITE,Pedro Penduko,Grilled Seafood Platter x1,2100.00,252.00,0.00,2352.00,CASH,PAID,COMPLETED,TXN-CAS-15967832
ORD-20260905-03193-C8253,2026-09-05 20:59:42,ON_SITE,Giselle Hernandez,Fresh Calamansi Juice Pitcher x1,280.00,33.60,0.00,313.60,HYBRID (Cash + GCash),PAID,COMPLETED,TXN-HYB-42460587
ORD-20260905-00503-3C114,2026-09-05 21:08:29,ON_SITE,Ramon Magsaysay Jr.,Garlic Butter Prawns x1,1250.00,150.00,0.00,1400.00,MAYA,PAID,COMPLETED,TXN-MAY-32221650
ORD-20260905-00746-D3AA3,2026-09-05 21:18:30,ONLINE,Mark Bautista,Garlic Butter Prawns x1; Seafood Cajun Boil x1,3100.00,372.00,120.00,3592.00,GCASH,PAID,COMPLETED,TXN-GCA-15718213
ORD-20260905-01537-5A2AF,2026-09-05 21:39:02,ONLINE,Juan Tamad,Fresh Calamansi Juice Pitcher x1; Sweet & Chili Crab Bucket x1; Crispy Seafood Basket x1; Garlic Butter Prawns x1,4460.00,535.20,60.00,5055.20,GCASH,PAID,COMPLETED,TXN-GCA-96399479
ORD-20260906-04084-F143D,2026-09-06 10:01:00,ONLINE,Mark Bautista,Grilled Seafood Platter x1; Seafood Bilao Feast x2; Seafood Cajun Boil x1; Sweet & Chili Crab Bucket x1,10700.00,1284.00,60.00,12044.00,MAYA,PAID,COMPLETED,TXN-MAY-16642014
ORD-20260906-02449-97793,2026-09-06 10:11:31,ON_SITE,Katrina Halili,Crispy Seafood Basket x2; Fresh Calamansi Juice Pitcher x2; Garlic Butter Prawns x1,3770.00,452.40,0.00,4222.40,SPLIT (Cash + GCash),PAID,COMPLETED,TXN-SPL-51925753
ORD-20260906-01679-66901,2026-09-06 10:21:18,ONLINE,Lisa Manoban,Seafood Bilao Feast x1; Grilled Seafood Platter x2,6600.00,792.00,85.00,7477.00,GCASH,PAID,COMPLETED,TXN-GCA-82683276
ORD-20260906-04162-54FD0,2026-09-06 10:34:22,ONLINE,Mark Bautista,Seafood Bilao Feast x2; Seafood Cajun Boil x1,6650.00,798.00,100.00,7548.00,CASH,PAID,COMPLETED,TXN-CAS-32057941
ORD-20260906-01601-29E6C,2026-09-06 10:35:02,ON_SITE,Ana Reyes,Grilled Seafood Platter x3; Classic Seafood Paella x2,9600.00,1152.00,0.00,10752.00,GCASH,PAID,COMPLETED,TXN-GCA-39458320
ORD-20260906-04603-BC528,2026-09-06 10:38:17,ON_SITE,Mark Bautista,Fresh Calamansi Juice Pitcher x1; Garlic Butter Prawns x1; Grilled Seafood Platter x3,7830.00,939.60,0.00,8769.60,CASH,PAID,COMPLETED,TXN-CAS-70294153
ORD-20260906-00392-C2277,2026-09-06 10:44:53,ONLINE,Juan Tamad,Crispy Seafood Basket x1; Grilled Seafood Platter x1; Fresh Calamansi Juice Pitcher x1,3360.00,403.20,50.00,3813.20,GCASH,PAID,COMPLETED,TXN-GCA-78585614
ORD-20260906-02946-52FBB,2026-09-06 11:02:20,ON_SITE,Dindo Dela Cruz,Fresh Calamansi Juice Pitcher x1,280.00,33.60,0.00,313.60,GCASH,PAID,COMPLETED,TXN-GCA-65947396
ORD-20260906-01389-49F60,2026-09-06 11:07:53,ON_SITE,Dingdong Dantes,Grilled Seafood Platter x1; Garlic Butter Prawns x2,4600.00,552.00,0.00,5152.00,GCASH,PAID,COMPLETED,TXN-GCA-36254494
ORD-20260906-02337-43AD0,2026-09-06 11:10:42,ON_SITE,Juan Tamad,Garlic Butter Prawns x2; Seafood Cajun Boil x1,4350.00,522.00,0.00,4872.00,GCASH,PAID,COMPLETED,TXN-GCA-28546384
ORD-20260906-02427-A903C,2026-09-06 11:15:12,ONLINE,Ana Reyes,Sweet & Chili Crab Bucket x2; Seafood Cajun Boil x1,5750.00,690.00,50.00,6490.00,MAYA,PAID,COMPLETED,TXN-MAY-29255873
ORD-20260906-02012-2788A,2026-09-06 11:16:33,ONLINE,Mark Bautista,Seafood Bilao Feast x2; Grilled Seafood Platter x1,6900.00,828.00,50.00,7778.00,HYBRID (Cash + GCash),PAID,COMPLETED,TXN-HYB-72628467
ORD-20260906-02372-A66FE,2026-09-06 11:22:29,ON_SITE,Juan Tamad,Grilled Seafood Platter x1; Fresh Calamansi Juice Pitcher x1; Crispy Seafood Basket x1; Sweet & Chili Crab Bucket x2,7260.00,871.20,0.00,8131.20,CASH,PAID,COMPLETED,TXN-CAS-12709829
ORD-20260906-04557-D8AB9,2026-09-06 11:28:26,ON_SITE,Juan Tamad,Classic Seafood Paella x1; Grilled Seafood Platter x1; Sweet & Chili Crab Bucket x1,5700.00,684.00,0.00,6384.00,GCASH,PAID,COMPLETED,TXN-GCA-33927424
ORD-20260906-01642-5CE8C,2026-09-06 12:25:00,ON_SITE,Lisa Manoban,Crispy Seafood Basket x1; Seafood Bilao Feast x2; Garlic Butter Prawns x1; Fresh Calamansi Juice Pitcher x1,7310.00,877.20,0.00,8187.20,CASH,PENDING,IN_PROCESS,N/A
ORD-20260906-00343-D4B1A,2026-09-06 12:27:18,ONLINE,Juan Tamad,Grilled Seafood Platter x1,2100.00,252.00,60.00,2412.00,GCASH,PAID,COMPLETED,TXN-GCA-67192899
ORD-20260906-00350-5DE41,2026-09-06 12:50:57,ONLINE,Mark Bautista,Classic Seafood Paella x1; Grilled Seafood Platter x3; Seafood Bilao Feast x1,10350.00,1242.00,85.00,11677.00,GCASH,PAID,COMPLETED,TXN-GCA-84939505
ORD-20260906-03539-36099,2026-09-06 12:56:07,ONLINE,Juan Tamad,Garlic Butter Prawns x2,2500.00,300.00,60.00,2860.00,HYBRID (Cash + GCash),PENDING,IN_PROCESS,N/A
ORD-20260906-04885-7F256,2026-09-06 13:04:32,ONLINE,Clara Dizon,Seafood Bilao Feast x1; Classic Seafood Paella x1,4050.00,486.00,120.00,4656.00,COD,REFUNDED,CANCELLED,N/A
ORD-20260906-00362-9ABD7,2026-09-06 13:19:17,ONLINE,Ana Reyes,Fresh Calamansi Juice Pitcher x1; Crispy Seafood Basket x1; Seafood Bilao Feast x1; Classic Seafood Paella x1,5310.00,637.20,100.00,6047.20,HYBRID (Cash + GCash),PAID,IN_PROCESS,TXN-HYB-90936655
ORD-20260906-00873-39AE3,2026-09-06 13:41:54,ONLINE,Ana Reyes,Crispy Seafood Basket x1,980.00,117.60,75.00,1172.60,HYBRID (Cash + GCash),PAID,COMPLETED,TXN-HYB-57515543
ORD-20260906-02529-213CC,2026-09-06 13:42:56,ONLINE,Mark Bautista,Sweet & Chili Crab Bucket x2; Seafood Cajun Boil x1,5750.00,690.00,75.00,6515.00,HYBRID (Cash + GCash),REFUNDED,CANCELLED,N/A
ORD-20260906-02970-0A469,2026-09-06 13:43:02,ONLINE,Juan Tamad,Grilled Seafood Platter x2,4200.00,504.00,120.00,4824.00,HYBRID (Cash + GCash),PAID,COMPLETED,TXN-HYB-27425345
ORD-20260906-03325-DB5D0,2026-09-06 13:48:27,ON_SITE,Sarah Geronimo,Classic Seafood Paella x1; Seafood Cajun Boil x1,3500.00,420.00,0.00,3920.00,SPLIT (Cash + GCash),PAID,COMPLETED,TXN-SPL-52415348
ORD-20260906-00786-536AE,2026-09-06 13:49:50,ON_SITE,Dindo Dela Cruz,Garlic Butter Prawns x1,1250.00,150.00,0.00,1400.00,HYBRID (Cash + GCash),PAID,COMPLETED,TXN-HYB-92979130
ORD-20260906-04028-55E44,2026-09-06 13:50:11,ONLINE,Ana Reyes,Grilled Seafood Platter x3; Classic Seafood Paella x1,7950.00,954.00,85.00,8989.00,SPLIT (Cash + GCash),REFUNDED,CANCELLED,N/A
ORD-20260906-03286-08DB1,2026-09-06 13:53:05,ONLINE,Mark Bautista,Garlic Butter Prawns x1,1250.00,150.00,85.00,1485.00,GCASH,PAID,COMPLETED,TXN-GCA-61425010
ORD-20260906-03037-24CF7,2026-09-06 13:55:11,ON_SITE,Clara Dizon,Grilled Seafood Platter x1,2100.00,252.00,0.00,2352.00,HYBRID (Cash + GCash),PAID,COMPLETED,TXN-HYB-85628946
ORD-20260906-03538-2E87D,2026-09-06 13:56:49,ON_SITE,Mark Bautista,Seafood Cajun Boil x2; Seafood Bilao Feast x1; Classic Seafood Paella x2,9400.00,1128.00,0.00,10528.00,MAYA,PAID,COMPLETED,TXN-MAY-23917735
ORD-20260906-01900-3606F,2026-09-06 14:00:55,ON_SITE,Ana Reyes,Garlic Butter Prawns x1; Crispy Seafood Basket x1,2230.00,267.60,0.00,2497.60,HYBRID (Cash + GCash),REFUNDED,CANCELLED,N/A
ORD-20260906-04612-79F99,2026-09-06 14:15:23,ONLINE,Pedro Penduko,Seafood Bilao Feast x2; Grilled Seafood Platter x1,6900.00,828.00,100.00,7828.00,HYBRID (Cash + GCash),PAID,COMPLETED,TXN-HYB-19968542
ORD-20260906-03418-5A728,2026-09-06 14:19:08,ON_SITE,Maria Clara Santos,Classic Seafood Paella x1; Garlic Butter Prawns x1,2900.00,348.00,0.00,3248.00,GCASH,PAID,COMPLETED,TXN-GCA-25577972
ORD-20260906-04313-9D0BE,2026-09-06 14:45:52,ONLINE,Juan Tamad,Seafood Cajun Boil x1; Crispy Seafood Basket x2,3810.00,457.20,85.00,4352.20,HYBRID (Cash + GCash),PAID,COMPLETED,TXN-HYB-31553821
ORD-20260906-02001-B1418,2026-09-06 15:06:40,ON_SITE,Dingdong Dantes,Seafood Cajun Boil x2; Garlic Butter Prawns x2; Sweet & Chili Crab Bucket x1,8150.00,978.00,0.00,9128.00,GCASH,PAID,COMPLETED,TXN-GCA-24177431
ORD-20260906-01574-A8C95,2026-09-06 15:18:46,ON_SITE,Dingdong Dantes,Classic Seafood Paella x1; Grilled Seafood Platter x1; Seafood Bilao Feast x1,6150.00,738.00,0.00,6888.00,GCASH,PAID,COMPLETED,TXN-GCA-78188947
ORD-20260906-04729-8D7CE,2026-09-06 15:22:37,ON_SITE,Alden Richards,Grilled Seafood Platter x1,2100.00,252.00,0.00,2352.00,CASH,PAID,COMPLETED,TXN-CAS-40784939
ORD-20260906-03436-A8AC0,2026-09-06 15:27:42,ON_SITE,Lisa Manoban,Fresh Calamansi Juice Pitcher x1; Classic Seafood Paella x2,3580.00,429.60,0.00,4009.60,GCASH,REFUNDED,CANCELLED,N/A
ORD-20260906-04127-A9D70,2026-09-06 15:28:43,ON_SITE,Marian Rivera,Grilled Seafood Platter x1,2100.00,252.00,0.00,2352.00,SPLIT (Cash + GCash),PAID,COMPLETED,TXN-SPL-14013954
ORD-20260906-03888-6BA27,2026-09-06 15:56:42,ONLINE,Juan Tamad,Fresh Calamansi Juice Pitcher x1; Seafood Bilao Feast x2; Crispy Seafood Basket x1; Sweet & Chili Crab Bucket x1,8010.00,961.20,75.00,9046.20,SPLIT (Cash + GCash),REFUNDED,CANCELLED,N/A
ORD-20260906-00717-88F6A,2026-09-06 16:11:34,ON_SITE,Juan Tamad,Fresh Calamansi Juice Pitcher x1,280.00,33.60,0.00,313.60,CASH,PAID,COMPLETED,TXN-CAS-92083362
ORD-20260906-04196-4432E,2026-09-06 16:25:38,ONLINE,Clara Dizon,Grilled Seafood Platter x1,2100.00,252.00,85.00,2437.00,GCASH,PAID,COMPLETED,TXN-GCA-44697431
ORD-20260906-00893-91F7B,2026-09-06 16:34:02,ON_SITE,Joshua Garcia,Fresh Calamansi Juice Pitcher x2,560.00,67.20,0.00,627.20,HYBRID (Cash + GCash),PAID,COMPLETED,TXN-HYB-86233160
ORD-20260906-04837-DB98F,2026-09-06 16:42:27,ON_SITE,Juan Tamad,Crispy Seafood Basket x2,1960.00,235.20,0.00,2195.20,CASH,FAILED,CANCELLED,N/A
ORD-20260906-03478-0208A,2026-09-06 16:53:51,ON_SITE,Lisa Manoban,Seafood Bilao Feast x2,4800.00,576.00,0.00,5376.00,CASH,PAID,COMPLETED,TXN-CAS-92353360
ORD-20260906-04544-2CB44,2026-09-06 16:58:10,ON_SITE,Juan Tamad,Seafood Bilao Feast x2,4800.00,576.00,0.00,5376.00,GCASH,PAID,COMPLETED,TXN-GCA-72861007
ORD-20260906-03936-934A6,2026-09-06 17:11:05,ONLINE,Juan Tamad,Fresh Calamansi Juice Pitcher x1; Sweet & Chili Crab Bucket x1,2230.00,267.60,120.00,2617.60,HYBRID (Cash + GCash),PAID,COMPLETED,TXN-HYB-77986886
ORD-20260906-04215-5C644,2026-09-06 17:27:21,ON_SITE,Dingdong Dantes,Seafood Cajun Boil x1,1850.00,222.00,0.00,2072.00,GCASH,PAID,COMPLETED,TXN-GCA-38273356
ORD-20260906-02010-3E782,2026-09-06 17:32:37,ONLINE,Mark Bautista,Sweet & Chili Crab Bucket x1; Seafood Cajun Boil x1; Garlic Butter Prawns x1,5050.00,606.00,85.00,5741.00,GCASH,PAID,COMPLETED,TXN-GCA-22879605
ORD-20260906-04510-CED25,2026-09-06 17:52:43,ON_SITE,Joshua Garcia,Seafood Bilao Feast x1; Grilled Seafood Platter x1,4500.00,540.00,0.00,5040.00,MAYA,PAID,COMPLETED,TXN-MAY-72830578
ORD-20260906-01892-8057E,2026-09-06 17:54:44,ONLINE,Juan Tamad,Garlic Butter Prawns x1,1250.00,150.00,75.00,1475.00,GCASH,PAID,COMPLETED,TXN-GCA-79289760
ORD-20260906-02394-B6F45,2026-09-06 18:01:45,ON_SITE,Pedro Penduko,Classic Seafood Paella x1; Fresh Calamansi Juice Pitcher x1,1930.00,231.60,0.00,2161.60,GCASH,PAID,COMPLETED,TXN-GCA-80418584
ORD-20260906-03012-8571F,2026-09-06 18:26:55,ONLINE,Ana Reyes,Crispy Seafood Basket x1; Sweet & Chili Crab Bucket x1,2930.00,351.60,60.00,3341.60,MAYA,PAID,COMPLETED,TXN-MAY-34058450
ORD-20260906-00799-7C387,2026-09-06 18:32:49,ON_SITE,Alden Richards,Garlic Butter Prawns x1,1250.00,150.00,0.00,1400.00,CASH,PAID,COMPLETED,TXN-CAS-99508093
ORD-20260906-03118-CC893,2026-09-06 18:52:27,ON_SITE,Maria Clara Santos,Fresh Calamansi Juice Pitcher x1; Sweet & Chili Crab Bucket x3,6130.00,735.60,0.00,6865.60,GCASH,PAID,COMPLETED,TXN-GCA-85919679
ORD-20260906-01666-88AD6,2026-09-06 18:54:59,ONLINE,Pedro Penduko,Fresh Calamansi Juice Pitcher x2; Seafood Cajun Boil x1,2410.00,289.20,85.00,2784.20,GCASH,PAID,COMPLETED,TXN-GCA-36557449
ORD-20260906-04499-7EEC0,2026-09-06 19:04:23,ONLINE,Lisa Manoban,Garlic Butter Prawns x1,1250.00,150.00,50.00,1450.00,CASH,PAID,COMPLETED,TXN-CAS-13394121
ORD-20260906-01855-3E3ED,2026-09-06 19:11:24,ONLINE,Pedro Penduko,Sweet & Chili Crab Bucket x1,1950.00,234.00,75.00,2259.00,GCASH,PAID,COMPLETED,TXN-GCA-34289448
ORD-20260906-02727-296A5,2026-09-06 19:19:21,ON_SITE,Dindo Dela Cruz,Garlic Butter Prawns x1,1250.00,150.00,0.00,1400.00,CASH,PAID,COMPLETED,TXN-CAS-67298628
ORD-20260906-04484-EAD20,2026-09-06 19:23:18,ONLINE,Lisa Manoban,Seafood Bilao Feast x1,2400.00,288.00,120.00,2808.00,MAYA,PAID,COMPLETED,TXN-MAY-79850963
ORD-20260906-04453-3973C,2026-09-06 19:26:10,ONLINE,Mark Bautista,Seafood Cajun Boil x1; Fresh Calamansi Juice Pitcher x1,2130.00,255.60,50.00,2435.60,GCASH,PAID,COMPLETED,TXN-GCA-78201232
ORD-20260906-00394-9B897,2026-09-06 19:40:08,ON_SITE,Clara Dizon,Fresh Calamansi Juice Pitcher x2; Seafood Bilao Feast x2,5360.00,643.20,0.00,6003.20,CASH,PAID,COMPLETED,TXN-CAS-17217955
ORD-20260906-01709-B45FD,2026-09-06 19:42:46,ON_SITE,Pedro Penduko,Seafood Cajun Boil x1; Sweet & Chili Crab Bucket x1,3800.00,456.00,0.00,4256.00,CASH,PAID,COMPLETED,TXN-CAS-57181383
ORD-20260906-04877-5325E,2026-09-06 19:50:43,ON_SITE,Sarah Geronimo,Fresh Calamansi Juice Pitcher x2; Sweet & Chili Crab Bucket x2,4460.00,535.20,0.00,4995.20,GCASH,PAID,COMPLETED,TXN-GCA-53502320
ORD-20260906-00596-11DC3,2026-09-06 20:00:58,ONLINE,Lisa Manoban,Seafood Cajun Boil x1,1850.00,222.00,100.00,2172.00,GCASH,PAID,COMPLETED,TXN-GCA-88111028
ORD-20260906-04486-7F546,2026-09-06 20:18:19,ON_SITE,Marian Rivera,Grilled Seafood Platter x1; Garlic Butter Prawns x1,3350.00,402.00,0.00,3752.00,SPLIT (Cash + GCash),PAID,COMPLETED,TXN-SPL-50773127
ORD-20260906-04435-6137F,2026-09-06 20:24:53,ON_SITE,Juan Tamad,Sweet & Chili Crab Bucket x1; Grilled Seafood Platter x1; Seafood Bilao Feast x2,8850.00,1062.00,0.00,9912.00,GCASH,PAID,COMPLETED,TXN-GCA-54188806
ORD-20260906-00971-697FC,2026-09-06 20:38:37,ONLINE,Ana Reyes,Crispy Seafood Basket x1,980.00,117.60,60.00,1157.60,MAYA,PAID,COMPLETED,TXN-MAY-84442422
ORD-20260906-01493-DD99B,2026-09-06 21:03:44,ON_SITE,Dingdong Dantes,Crispy Seafood Basket x1; Seafood Bilao Feast x1,3380.00,405.60,0.00,3785.60,CASH,PAID,COMPLETED,TXN-CAS-30716499
ORD-20260906-00117-6DFDA,2026-09-06 21:04:42,ONLINE,Mark Bautista,Garlic Butter Prawns x3,3750.00,450.00,60.00,4260.00,GCASH,PAID,COMPLETED,TXN-GCA-76011771
ORD-20260906-04095-90563,2026-09-06 21:18:55,ON_SITE,Matteo Guidicelli,Garlic Butter Prawns x1,1250.00,150.00,0.00,1400.00,CASH,PAID,COMPLETED,TXN-CAS-72940265
ORD-20260906-00876-D5138,2026-09-06 21:22:27,ONLINE,Lisa Manoban,Classic Seafood Paella x1,1650.00,198.00,85.00,1933.00,COD,PAID,COMPLETED,TXN-COD-42978461
ORD-20260906-04375-A52D8,2026-09-06 21:26:09,ON_SITE,Sarah Geronimo,Classic Seafood Paella x1; Fresh Calamansi Juice Pitcher x1; Sweet & Chili Crab Bucket x1,3880.00,465.60,0.00,4345.60,HYBRID (Cash + GCash),PAID,COMPLETED,TXN-HYB-99030884
ORD-20260906-03620-65607,2026-09-06 21:37:16,ON_SITE,Ferdinand Marcos,Seafood Cajun Boil x1,1850.00,222.00,0.00,2072.00,GCASH,PAID,COMPLETED,TXN-GCA-98209202
ORD-20260906-01733-5EAE8,2026-09-06 21:40:32,ON_SITE,Ferdinand Marcos,Grilled Seafood Platter x1; Seafood Cajun Boil x1,3950.00,474.00,0.00,4424.00,SPLIT (Cash + GCash),PAID,COMPLETED,TXN-SPL-23527676
ORD-20260906-02142-A8D3B,2026-09-06 21:47:12,ONLINE,Ana Reyes,Garlic Butter Prawns x2,2500.00,300.00,50.00,2850.00,GCASH,PAID,COMPLETED,TXN-GCA-83609612
ORD-20260906-00089-5C626,2026-09-06 21:49:33,ONLINE,Pedro Penduko,Seafood Cajun Boil x1; Sweet & Chili Crab Bucket x1,3800.00,456.00,50.00,4306.00,HYBRID (Cash + GCash),PAID,COMPLETED,TXN-HYB-59252001
ORD-20260906-00043-02F79,2026-09-06 21:50:40,ON_SITE,Marian Rivera,Garlic Butter Prawns x1,1250.00,150.00,0.00,1400.00,SPLIT (Cash + GCash),PAID,COMPLETED,TXN-SPL-27597013
ORD-20260907-01772-9FD6B,2026-09-07 10:12:08,ON_SITE,Joshua Garcia,Seafood Bilao Feast x1,2400.00,288.00,0.00,2688.00,SPLIT (Cash + GCash),PAID,COMPLETED,TXN-SPL-12891109
ORD-20260907-03802-2E1E1,2026-09-07 10:28:58,ON_SITE,Clara Dizon,Fresh Calamansi Juice Pitcher x1; Sweet & Chili Crab Bucket x1,2230.00,267.60,0.00,2497.60,CASH,PAID,COMPLETED,TXN-CAS-76955691
ORD-20260907-03214-220FE,2026-09-07 10:29:45,ONLINE,Pedro Penduko,Crispy Seafood Basket x1; Garlic Butter Prawns x1,2230.00,267.60,60.00,2557.60,CASH,PAID,COMPLETED,TXN-CAS-94533814
ORD-20260907-03552-E29BB,2026-09-07 10:42:24,ONLINE,Lisa Manoban,Garlic Butter Prawns x3,3750.00,450.00,120.00,4320.00,HYBRID (Cash + GCash),PAID,IN_PROCESS,TXN-HYB-48770058
ORD-20260907-04677-02E12,2026-09-07 11:10:52,ON_SITE,Ana Reyes,Seafood Bilao Feast x1; Classic Seafood Paella x1,4050.00,486.00,0.00,4536.00,GCASH,PAID,COMPLETED,TXN-GCA-72440071
ORD-20260907-04750-54AA0,2026-09-07 11:12:29,ONLINE,Ana Reyes,Seafood Bilao Feast x1,2400.00,288.00,60.00,2748.00,HYBRID (Cash + GCash),PAID,COMPLETED,TXN-HYB-21629058
ORD-20260907-01323-63916,2026-09-07 11:17:02,ON_SITE,Juan Tamad,Seafood Cajun Boil x1,1850.00,222.00,0.00,2072.00,HYBRID (Cash + GCash),PAID,COMPLETED,TXN-HYB-22426405
ORD-20260907-03157-8728D,2026-09-07 11:35:40,ONLINE,Juan Tamad,Classic Seafood Paella x1; Fresh Calamansi Juice Pitcher x1; Grilled Seafood Platter x2,6130.00,735.60,85.00,6950.60,MAYA,PAID,COMPLETED,TXN-MAY-96204462
ORD-20260907-00393-3B48F,2026-09-07 11:40:32,ON_SITE,Ramon Magsaysay Jr.,Seafood Cajun Boil x1,1850.00,222.00,0.00,2072.00,CASH,PAID,COMPLETED,TXN-CAS-28147783
ORD-20260907-04248-11AE8,2026-09-07 11:41:12,ONLINE,Mark Bautista,Fresh Calamansi Juice Pitcher x1; Seafood Bilao Feast x1,2680.00,321.60,100.00,3101.60,HYBRID (Cash + GCash),PAID,COMPLETED,TXN-HYB-63782218
ORD-20260907-04447-1C437,2026-09-07 11:48:04,ONLINE,Ana Reyes,Seafood Bilao Feast x1,2400.00,288.00,75.00,2763.00,SPLIT (Cash + GCash),PAID,COMPLETED,TXN-SPL-45267638
ORD-20260907-02114-C7D84,2026-09-07 11:56:04,ON_SITE,Ana Reyes,Classic Seafood Paella x1; Grilled Seafood Platter x1; Crispy Seafood Basket x1; Fresh Calamansi Juice Pitcher x1,5010.00,601.20,0.00,5611.20,CASH,PAID,COMPLETED,TXN-CAS-72404943
ORD-20260907-00748-632C9,2026-09-07 12:15:36,ON_SITE,Katrina Halili,Seafood Cajun Boil x1,1850.00,222.00,0.00,2072.00,CASH,PAID,COMPLETED,TXN-CAS-70732253
ORD-20260907-04634-9D50C,2026-09-07 12:27:57,ON_SITE,Katrina Halili,Grilled Seafood Platter x2; Garlic Butter Prawns x1; Crispy Seafood Basket x1; Seafood Bilao Feast x1,8830.00,1059.60,0.00,9889.60,CASH,PAID,COMPLETED,TXN-CAS-34671163
ORD-20260907-02169-97BE8,2026-09-07 12:30:01,ONLINE,Mark Bautista,Seafood Cajun Boil x2; Fresh Calamansi Juice Pitcher x1,3980.00,477.60,75.00,4532.60,GCASH,PAID,COMPLETED,TXN-GCA-44997398
ORD-20260907-03071-66A99,2026-09-07 12:39:21,ON_SITE,Alden Richards,Crispy Seafood Basket x1,980.00,117.60,0.00,1097.60,CASH,PAID,COMPLETED,TXN-CAS-80294457
ORD-20260907-01942-7864D,2026-09-07 12:43:55,ON_SITE,Kathryn Bernardo,Sweet & Chili Crab Bucket x2; Grilled Seafood Platter x2; Fresh Calamansi Juice Pitcher x1,8380.00,1005.60,0.00,9385.60,CASH,PAID,COMPLETED,TXN-CAS-86255069
ORD-20260907-00502-52EBE,2026-09-07 13:00:51,ONLINE,Ana Reyes,Fresh Calamansi Juice Pitcher x1; Sweet & Chili Crab Bucket x1; Seafood Bilao Feast x1,4630.00,555.60,120.00,5305.60,MAYA,PAID,COMPLETED,TXN-MAY-99171748
ORD-20260907-02793-DDC57,2026-09-07 13:11:09,ON_SITE,Matteo Guidicelli,Grilled Seafood Platter x2; Seafood Bilao Feast x1,6600.00,792.00,0.00,7392.00,GCASH,PAID,COMPLETED,TXN-GCA-61196492
ORD-20260907-04935-6CA5A,2026-09-07 13:36:50,ON_SITE,Kathryn Bernardo,Seafood Bilao Feast x1,2400.00,288.00,0.00,2688.00,CASH,PAID,COMPLETED,TXN-CAS-19027128
ORD-20260907-00209-FA5EB,2026-09-07 13:36:55,ON_SITE,Carlos Mendoza,Seafood Bilao Feast x2; Garlic Butter Prawns x1,6050.00,726.00,0.00,6776.00,CASH,PAID,COMPLETED,TXN-CAS-82029763
ORD-20260907-01701-04209,2026-09-07 13:40:39,ONLINE,Mark Bautista,Garlic Butter Prawns x1; Grilled Seafood Platter x1,3350.00,402.00,50.00,3802.00,GCASH,PAID,COMPLETED,TXN-GCA-33054290
ORD-20260907-01931-905F5,2026-09-07 13:45:49,ON_SITE,Kathryn Bernardo,Fresh Calamansi Juice Pitcher x1; Seafood Bilao Feast x1,2680.00,321.60,0.00,3001.60,CASH,PAID,COMPLETED,TXN-CAS-94192796
ORD-20260907-02023-31E2D,2026-09-07 13:56:19,ONLINE,Lisa Manoban,Garlic Butter Prawns x1; Crispy Seafood Basket x2; Seafood Bilao Feast x1,5610.00,673.20,100.00,6383.20,GCASH,PAID,COMPLETED,TXN-GCA-51360125
ORD-20260907-00973-82C53,2026-09-07 14:02:26,ONLINE,Pedro Penduko,Crispy Seafood Basket x1,980.00,117.60,60.00,1157.60,SPLIT (Cash + GCash),PAID,COMPLETED,TXN-SPL-87754341
ORD-20260907-04048-81B0B,2026-09-07 14:22:23,ON_SITE,Pedro Penduko,Classic Seafood Paella x2; Garlic Butter Prawns x1; Crispy Seafood Basket x1,5530.00,663.60,0.00,6193.60,SPLIT (Cash + GCash),PAID,COMPLETED,TXN-SPL-70193597
ORD-20260907-02358-217AA,2026-09-07 14:24:34,ONLINE,Mark Bautista,Seafood Cajun Boil x1,1850.00,222.00,75.00,2147.00,MAYA,REFUNDED,CANCELLED,N/A
ORD-20260907-00795-535D3,2026-09-07 14:42:16,ON_SITE,Sarah Geronimo,Grilled Seafood Platter x1; Sweet & Chili Crab Bucket x1,4050.00,486.00,0.00,4536.00,GCASH,PAID,COMPLETED,TXN-GCA-63328449
ORD-20260907-03773-38B93,2026-09-07 14:47:38,ON_SITE,Clara Dizon,Crispy Seafood Basket x1,980.00,117.60,0.00,1097.60,GCASH,PAID,COMPLETED,TXN-GCA-37603420
ORD-20260907-04079-AB061,2026-09-07 15:08:50,ONLINE,Ana Reyes,Sweet & Chili Crab Bucket x1; Crispy Seafood Basket x2; Seafood Cajun Boil x1; Fresh Calamansi Juice Pitcher x1,6040.00,724.80,75.00,6839.80,HYBRID (Cash + GCash),PAID,COMPLETED,TXN-HYB-19432540
ORD-20260907-01350-4154E,2026-09-07 15:15:38,ONLINE,Clara Dizon,Fresh Calamansi Juice Pitcher x1; Seafood Bilao Feast x2,5080.00,609.60,75.00,5764.60,GCASH,PAID,COMPLETED,TXN-GCA-75261770
ORD-20260907-04566-42D3A,2026-09-07 15:16:33,ON_SITE,Marian Rivera,Seafood Bilao Feast x1; Grilled Seafood Platter x1,4500.00,540.00,0.00,5040.00,GCASH,PAID,COMPLETED,TXN-GCA-85243723
ORD-20260907-04464-A75E1,2026-09-07 15:19:28,ONLINE,Ana Reyes,Garlic Butter Prawns x1,1250.00,150.00,60.00,1460.00,GCASH,PAID,COMPLETED,TXN-GCA-15981842
ORD-20260907-04589-83928,2026-09-07 15:24:43,ONLINE,Ana Reyes,Garlic Butter Prawns x2; Sweet & Chili Crab Bucket x2; Seafood Cajun Boil x1,8250.00,990.00,50.00,9290.00,GCASH,PAID,COMPLETED,TXN-GCA-17791544
ORD-20260907-04622-87A44,2026-09-07 15:42:06,ONLINE,Lisa Manoban,Seafood Bilao Feast x1,2400.00,288.00,85.00,2773.00,COD,PENDING,IN_PROCESS,N/A
ORD-20260907-04564-61899,2026-09-07 16:00:16,ON_SITE,Marian Rivera,Seafood Bilao Feast x2,4800.00,576.00,0.00,5376.00,SPLIT (Cash + GCash),PAID,COMPLETED,TXN-SPL-24598180
ORD-20260907-00561-C879D,2026-09-07 16:04:00,ONLINE,Mark Bautista,Classic Seafood Paella x1; Garlic Butter Prawns x1,2900.00,348.00,120.00,3368.00,MAYA,PAID,COMPLETED,TXN-MAY-85451842
ORD-20260907-02832-93DA1,2026-09-07 16:08:39,ONLINE,Juan Tamad,Fresh Calamansi Juice Pitcher x2,560.00,67.20,60.00,687.20,MAYA,PAID,COMPLETED,TXN-MAY-24999190
ORD-20260907-04266-BA526,2026-09-07 16:52:57,ONLINE,Mark Bautista,Sweet & Chili Crab Bucket x1; Garlic Butter Prawns x1; Classic Seafood Paella x1; Crispy Seafood Basket x1,5830.00,699.60,60.00,6589.60,GCASH,PAID,COMPLETED,TXN-GCA-45837818
ORD-20260907-00834-CE1F8,2026-09-07 16:59:55,ONLINE,Pedro Penduko,Classic Seafood Paella x1,1650.00,198.00,75.00,1923.00,HYBRID (Cash + GCash),PAID,COMPLETED,TXN-HYB-67219705
ORD-20260907-00828-3F284,2026-09-07 17:05:59,ON_SITE,Mark Bautista,Crispy Seafood Basket x1; Grilled Seafood Platter x1,3080.00,369.60,0.00,3449.60,HYBRID (Cash + GCash),PAID,COMPLETED,TXN-HYB-86543136
ORD-20260907-04399-79326,2026-09-07 17:16:09,ONLINE,Pedro Penduko,Crispy Seafood Basket x2,1960.00,235.20,120.00,2315.20,GCASH,PAID,COMPLETED,TXN-GCA-84197762
ORD-20260907-00972-9AE26,2026-09-07 17:24:59,ON_SITE,Juan Tamad,Garlic Butter Prawns x2; Classic Seafood Paella x1,4150.00,498.00,0.00,4648.00,CASH,PAID,COMPLETED,TXN-CAS-98407039
ORD-20260907-00793-1C588,2026-09-07 17:29:39,ON_SITE,Sarah Geronimo,Grilled Seafood Platter x1; Classic Seafood Paella x1; Seafood Bilao Feast x1,6150.00,738.00,0.00,6888.00,HYBRID (Cash + GCash),PAID,COMPLETED,TXN-HYB-36001995
ORD-20260907-03663-CEDBD,2026-09-07 17:40:42,ONLINE,Clara Dizon,Fresh Calamansi Juice Pitcher x3; Classic Seafood Paella x2; Crispy Seafood Basket x1,5120.00,614.40,60.00,5794.40,GCASH,PAID,COMPLETED,TXN-GCA-35191933
ORD-20260907-01138-A74B0,2026-09-07 18:03:42,ON_SITE,Lisa Manoban,Seafood Bilao Feast x1,2400.00,288.00,0.00,2688.00,CASH,PAID,COMPLETED,TXN-CAS-37793559
ORD-20260907-01137-AC57B,2026-09-07 18:09:24,ONLINE,Ana Reyes,Grilled Seafood Platter x1,2100.00,252.00,75.00,2427.00,GCASH,PAID,COMPLETED,TXN-GCA-51366667
ORD-20260907-01969-E484B,2026-09-07 18:10:13,ONLINE,Ana Reyes,Seafood Bilao Feast x3; Classic Seafood Paella x1,8850.00,1062.00,75.00,9987.00,GCASH,FAILED,CANCELLED,N/A
ORD-20260907-04702-7572A,2026-09-07 18:11:28,ONLINE,Lisa Manoban,Seafood Cajun Boil x2; Garlic Butter Prawns x1,4950.00,594.00,100.00,5644.00,MAYA,PAID,COMPLETED,TXN-MAY-34871796
ORD-20260907-04368-BCAF4,2026-09-07 18:12:49,ON_SITE,Alden Richards,Classic Seafood Paella x2; Crispy Seafood Basket x1; Seafood Bilao Feast x1; Fresh Calamansi Juice Pitcher x2,7240.00,868.80,0.00,8108.80,GCASH,PAID,COMPLETED,TXN-GCA-17224716
ORD-20260907-00906-132F2,2026-09-07 18:28:27,ONLINE,Clara Dizon,Sweet & Chili Crab Bucket x1; Seafood Cajun Boil x1,3800.00,456.00,75.00,4331.00,SPLIT (Cash + GCash),PAID,COMPLETED,TXN-SPL-82295896
ORD-20260907-00396-43D83,2026-09-07 19:11:26,ONLINE,Mark Bautista,Seafood Cajun Boil x1; Crispy Seafood Basket x1; Sweet & Chili Crab Bucket x1,4780.00,573.60,50.00,5403.60,SPLIT (Cash + GCash),PAID,COMPLETED,TXN-SPL-22647702
ORD-20260907-03956-61673,2026-09-07 19:14:30,ONLINE,Juan Tamad,Grilled Seafood Platter x1,2100.00,252.00,120.00,2472.00,MAYA,PAID,COMPLETED,TXN-MAY-53438829
ORD-20260907-01391-ED91B,2026-09-07 19:39:53,ONLINE,Juan Tamad,Fresh Calamansi Juice Pitcher x1; Crispy Seafood Basket x1,1260.00,151.20,75.00,1486.20,HYBRID (Cash + GCash),PAID,IN_PROCESS,TXN-HYB-90214374
ORD-20260907-00003-B53C1,2026-09-07 19:47:59,ON_SITE,Katrina Halili,Classic Seafood Paella x1,1650.00,198.00,0.00,1848.00,HYBRID (Cash + GCash),PAID,COMPLETED,TXN-HYB-19249152
ORD-20260907-03875-1123C,2026-09-07 19:48:58,ONLINE,Lisa Manoban,Crispy Seafood Basket x1; Garlic Butter Prawns x1,2230.00,267.60,100.00,2597.60,SPLIT (Cash + GCash),PAID,COMPLETED,TXN-SPL-53433666
ORD-20260907-01331-1A60A,2026-09-07 19:55:08,ONLINE,Lisa Manoban,Sweet & Chili Crab Bucket x2,3900.00,468.00,85.00,4453.00,MAYA,PAID,COMPLETED,TXN-MAY-92130784
ORD-20260907-01543-20A95,2026-09-07 20:38:30,ON_SITE,Alden Richards,Sweet & Chili Crab Bucket x1; Grilled Seafood Platter x1; Crispy Seafood Basket x1,5030.00,603.60,0.00,5633.60,CASH,PAID,COMPLETED,TXN-CAS-62902853
ORD-20260907-04057-30E93,2026-09-07 20:46:24,ONLINE,Lisa Manoban,Seafood Cajun Boil x1,1850.00,222.00,50.00,2122.00,MAYA,PAID,COMPLETED,TXN-MAY-35768451
ORD-20260907-01067-C7A94,2026-09-07 20:46:55,ONLINE,Mark Bautista,Crispy Seafood Basket x2,1960.00,235.20,50.00,2245.20,GCASH,PAID,COMPLETED,TXN-GCA-45852413
ORD-20260907-02897-B0526,2026-09-07 21:18:19,ONLINE,Mark Bautista,Seafood Bilao Feast x1; Garlic Butter Prawns x2,4900.00,588.00,85.00,5573.00,SPLIT (Cash + GCash),PAID,COMPLETED,TXN-SPL-39457337
ORD-20260907-01495-7E31A,2026-09-07 21:30:59,ONLINE,Juan Tamad,Garlic Butter Prawns x1; Crispy Seafood Basket x2; Seafood Cajun Boil x2,6910.00,829.20,75.00,7814.20,GCASH,PAID,COMPLETED,TXN-GCA-67015517
ORD-20260907-02341-805B2,2026-09-07 21:49:33,ONLINE,Juan Tamad,Fresh Calamansi Juice Pitcher x1; Garlic Butter Prawns x1,1530.00,183.60,85.00,1798.60,HYBRID (Cash + GCash),PAID,COMPLETED,TXN-HYB-72939884
ORD-20260908-01162-56B63,2026-09-08 10:04:19,ONLINE,Lisa Manoban,Seafood Cajun Boil x1; Fresh Calamansi Juice Pitcher x1,2130.00,255.60,100.00,2485.60,HYBRID (Cash + GCash),PAID,COMPLETED,TXN-HYB-24695276
ORD-20260908-03775-E2792,2026-09-08 10:05:00,ON_SITE,Juan Tamad,Classic Seafood Paella x1; Seafood Cajun Boil x2,5350.00,642.00,0.00,5992.00,HYBRID (Cash + GCash),PAID,IN_PROCESS,TXN-HYB-13573782
ORD-20260908-02520-8FFA3,2026-09-08 10:43:22,ON_SITE,Ferdinand Marcos,Classic Seafood Paella x1,1650.00,198.00,0.00,1848.00,GCASH,PAID,IN_PROCESS,TXN-GCA-93914358
ORD-20260908-03817-02FB0,2026-09-08 10:48:06,ON_SITE,Katrina Halili,Grilled Seafood Platter x1; Classic Seafood Paella x2,5400.00,648.00,0.00,6048.00,CASH,PAID,COMPLETED,TXN-CAS-63996996
ORD-20260908-01316-409EF,2026-09-08 10:48:48,ONLINE,Clara Dizon,Seafood Bilao Feast x1; Seafood Cajun Boil x1; Classic Seafood Paella x3,9200.00,1104.00,60.00,10364.00,GCASH,PAID,IN_PROCESS,TXN-GCA-54804956
ORD-20260908-03261-11E16,2026-09-08 10:50:03,ON_SITE,Joshua Garcia,Grilled Seafood Platter x1,2100.00,252.00,0.00,2352.00,HYBRID (Cash + GCash),PAID,COMPLETED,TXN-HYB-75113385
ORD-20260908-01827-D5318,2026-09-08 11:06:33,ONLINE,Lisa Manoban,Grilled Seafood Platter x1; Seafood Bilao Feast x3,9300.00,1116.00,50.00,10466.00,CASH,PAID,COMPLETED,TXN-CAS-84205313
ORD-20260908-00587-65713,2026-09-08 11:21:50,ON_SITE,Dingdong Dantes,Garlic Butter Prawns x2,2500.00,300.00,0.00,2800.00,CASH,PAID,COMPLETED,TXN-CAS-53856768
ORD-20260908-03853-8A6E5,2026-09-08 11:34:21,ON_SITE,Joshua Garcia,Garlic Butter Prawns x1; Grilled Seafood Platter x2,5450.00,654.00,0.00,6104.00,GCASH,PAID,COMPLETED,TXN-GCA-10271792
ORD-20260908-04112-B58AD,2026-09-08 11:34:52,ONLINE,Juan Tamad,Seafood Bilao Feast x1,2400.00,288.00,100.00,2788.00,CASH,PAID,COMPLETED,TXN-CAS-19013725
ORD-20260908-01499-52DFB,2026-09-08 12:01:55,ON_SITE,Marian Rivera,Garlic Butter Prawns x1; Crispy Seafood Basket x2,3210.00,385.20,0.00,3595.20,GCASH,PAID,COMPLETED,TXN-GCA-49617192
ORD-20260908-00277-2A184,2026-09-08 12:09:02,ON_SITE,Joshua Garcia,Fresh Calamansi Juice Pitcher x1; Classic Seafood Paella x1,1930.00,231.60,0.00,2161.60,CASH,PENDING,IN_PROCESS,N/A
ORD-20260908-04888-94A17,2026-09-08 12:23:22,ONLINE,Juan Tamad,Crispy Seafood Basket x1,980.00,117.60,120.00,1217.60,GCASH,PAID,COMPLETED,TXN-GCA-32798548
ORD-20260908-03284-0E5F3,2026-09-08 12:32:29,ON_SITE,Mark Bautista,Seafood Bilao Feast x1; Seafood Cajun Boil x1; Grilled Seafood Platter x1; Garlic Butter Prawns x1,7600.00,912.00,0.00,8512.00,GCASH,PAID,COMPLETED,TXN-GCA-23726215
ORD-20260908-02472-6E5A4,2026-09-08 12:48:23,ONLINE,Mark Bautista,Seafood Bilao Feast x3; Seafood Cajun Boil x1,9050.00,1086.00,60.00,10196.00,HYBRID (Cash + GCash),PAID,COMPLETED,TXN-HYB-19802013
ORD-20260908-00373-04AE6,2026-09-08 12:55:29,ON_SITE,Matteo Guidicelli,Seafood Bilao Feast x3; Grilled Seafood Platter x1; Seafood Cajun Boil x1,11150.00,1338.00,0.00,12488.00,CASH,FAILED,CANCELLED,N/A
ORD-20260908-02457-1C036,2026-09-08 12:55:57,ONLINE,Pedro Penduko,Classic Seafood Paella x2,3300.00,396.00,85.00,3781.00,GCASH,PAID,COMPLETED,TXN-GCA-77964509
ORD-20260908-02069-B15ED,2026-09-08 13:05:14,ONLINE,Mark Bautista,Crispy Seafood Basket x1; Fresh Calamansi Juice Pitcher x2,1540.00,184.80,60.00,1784.80,MAYA,PAID,IN_PROCESS,TXN-MAY-92243844
ORD-20260908-01345-69564,2026-09-08 13:05:28,ONLINE,Clara Dizon,Sweet & Chili Crab Bucket x1; Crispy Seafood Basket x1,2930.00,351.60,60.00,3341.60,GCASH,PAID,COMPLETED,TXN-GCA-26869836
ORD-20260908-02987-94E3F,2026-09-08 13:49:30,ONLINE,Mark Bautista,Seafood Bilao Feast x1,2400.00,288.00,100.00,2788.00,GCASH,PENDING,IN_PROCESS,N/A
ORD-20260908-02561-E79B2,2026-09-08 14:12:10,ONLINE,Lisa Manoban,Classic Seafood Paella x1,1650.00,198.00,50.00,1898.00,GCASH,PAID,COMPLETED,TXN-GCA-92301115
ORD-20260908-02689-9036E,2026-09-08 14:14:46,ONLINE,Mark Bautista,Sweet & Chili Crab Bucket x2,3900.00,468.00,60.00,4428.00,GCASH,PENDING,IN_PROCESS,N/A
ORD-20260908-04832-4FAD5,2026-09-08 14:50:51,ONLINE,Pedro Penduko,Classic Seafood Paella x1; Crispy Seafood Basket x1,2630.00,315.60,50.00,2995.60,MAYA,PAID,COMPLETED,TXN-MAY-12244297
ORD-20260908-01825-7C8F0,2026-09-08 15:00:45,ONLINE,Ana Reyes,Seafood Cajun Boil x1,1850.00,222.00,85.00,2157.00,GCASH,PENDING,CANCELLED,N/A
ORD-20260908-00617-F0A2A,2026-09-08 15:03:26,ON_SITE,Ana Reyes,Grilled Seafood Platter x2; Seafood Bilao Feast x1,6600.00,792.00,0.00,7392.00,CASH,PAID,COMPLETED,TXN-CAS-78051695
ORD-20260908-01515-95DC1,2026-09-08 15:29:40,ONLINE,Pedro Penduko,Grilled Seafood Platter x1; Sweet & Chili Crab Bucket x1; Seafood Bilao Feast x1,6450.00,774.00,60.00,7284.00,HYBRID (Cash + GCash),PAID,COMPLETED,TXN-HYB-51218990
ORD-20260908-04389-3AFB9,2026-09-08 15:33:37,ONLINE,Lisa Manoban,Fresh Calamansi Juice Pitcher x1; Classic Seafood Paella x1,1930.00,231.60,85.00,2246.60,SPLIT (Cash + GCash),PAID,COMPLETED,TXN-SPL-18734104
ORD-20260908-04989-A0514,2026-09-08 15:51:59,ON_SITE,Maria Clara Santos,Garlic Butter Prawns x1,1250.00,150.00,0.00,1400.00,GCASH,PAID,COMPLETED,TXN-GCA-75781346
ORD-20260908-04222-91E9F,2026-09-08 15:55:36,ON_SITE,Mark Bautista,Grilled Seafood Platter x1,2100.00,252.00,0.00,2352.00,CASH,PAID,COMPLETED,TXN-CAS-16083817
ORD-20260908-02562-C3CA1,2026-09-08 15:56:40,ON_SITE,Matteo Guidicelli,Crispy Seafood Basket x2; Garlic Butter Prawns x1,3210.00,385.20,0.00,3595.20,SPLIT (Cash + GCash),PAID,COMPLETED,TXN-SPL-38061654
ORD-20260908-01561-E8FA0,2026-09-08 16:04:25,ON_SITE,Joshua Garcia,Grilled Seafood Platter x1; Seafood Bilao Feast x1; Seafood Cajun Boil x1; Garlic Butter Prawns x1,7600.00,912.00,0.00,8512.00,HYBRID (Cash + GCash),PAID,COMPLETED,TXN-HYB-69444383
ORD-20260908-02075-D5413,2026-09-08 16:08:24,ONLINE,Juan Tamad,Seafood Cajun Boil x2; Sweet & Chili Crab Bucket x2,7600.00,912.00,120.00,8632.00,GCASH,PAID,COMPLETED,TXN-GCA-31772015
ORD-20260908-02756-63489,2026-09-08 16:13:36,ONLINE,Pedro Penduko,Crispy Seafood Basket x2; Seafood Cajun Boil x1,3810.00,457.20,85.00,4352.20,CASH,PAID,COMPLETED,TXN-CAS-70974485
ORD-20260908-02000-8CCE7,2026-09-08 16:29:24,ON_SITE,Mark Bautista,Sweet & Chili Crab Bucket x2; Garlic Butter Prawns x1; Seafood Cajun Boil x1,7000.00,840.00,0.00,7840.00,HYBRID (Cash + GCash),PAID,COMPLETED,TXN-HYB-34728053
ORD-20260908-00399-88C6B,2026-09-08 16:31:14,ON_SITE,Joshua Garcia,Seafood Bilao Feast x1; Garlic Butter Prawns x1; Sweet & Chili Crab Bucket x2; Classic Seafood Paella x1,9200.00,1104.00,0.00,10304.00,MAYA,PAID,COMPLETED,TXN-MAY-17450791
ORD-20260908-01893-09B61,2026-09-08 16:41:12,ON_SITE,Marian Rivera,Garlic Butter Prawns x1; Seafood Bilao Feast x1; Classic Seafood Paella x1,5300.00,636.00,0.00,5936.00,GCASH,PAID,COMPLETED,TXN-GCA-29057378
ORD-20260908-00425-B1AD1,2026-09-08 17:05:46,ON_SITE,Clara Dizon,Seafood Cajun Boil x2; Garlic Butter Prawns x1,4950.00,594.00,0.00,5544.00,GCASH,PAID,COMPLETED,TXN-GCA-33790526
ORD-20260908-00214-F1C8A,2026-09-08 17:07:29,ON_SITE,Pedro Penduko,Seafood Cajun Boil x2; Classic Seafood Paella x2,7000.00,840.00,0.00,7840.00,CASH,PENDING,CANCELLED,N/A
ORD-20260908-00386-3198B,2026-09-08 17:27:31,ONLINE,Ana Reyes,Garlic Butter Prawns x1; Seafood Cajun Boil x1,3100.00,372.00,50.00,3522.00,HYBRID (Cash + GCash),PAID,COMPLETED,TXN-HYB-96524077
ORD-20260908-02858-5F6DD,2026-09-08 17:28:39,ONLINE,Lisa Manoban,Seafood Bilao Feast x1; Grilled Seafood Platter x2; Crispy Seafood Basket x1; Fresh Calamansi Juice Pitcher x1,7860.00,943.20,120.00,8923.20,HYBRID (Cash + GCash),PAID,COMPLETED,TXN-HYB-84687475
ORD-20260908-00690-D5E24,2026-09-08 17:54:10,ON_SITE,Sarah Geronimo,Seafood Cajun Boil x2; Seafood Bilao Feast x2; Classic Seafood Paella x2; Fresh Calamansi Juice Pitcher x1,12080.00,1449.60,0.00,13529.60,HYBRID (Cash + GCash),PENDING,CANCELLED,N/A
ORD-20260908-04232-85EDE,2026-09-08 18:23:42,ON_SITE,Clara Dizon,Grilled Seafood Platter x2,4200.00,504.00,0.00,4704.00,HYBRID (Cash + GCash),PAID,COMPLETED,TXN-HYB-20523332
ORD-20260908-01782-61A90,2026-09-08 18:30:59,ON_SITE,Sarah Geronimo,Garlic Butter Prawns x2,2500.00,300.00,0.00,2800.00,HYBRID (Cash + GCash),PAID,COMPLETED,TXN-HYB-12462798
ORD-20260908-01713-743F3,2026-09-08 18:50:56,ONLINE,Juan Tamad,Garlic Butter Prawns x2; Classic Seafood Paella x1; Seafood Bilao Feast x1,6550.00,786.00,75.00,7411.00,SPLIT (Cash + GCash),PAID,COMPLETED,TXN-SPL-31274464
ORD-20260908-01220-53997,2026-09-08 18:54:12,ON_SITE,Ana Reyes,Crispy Seafood Basket x1; Garlic Butter Prawns x1; Sweet & Chili Crab Bucket x1; Seafood Bilao Feast x1,6580.00,789.60,0.00,7369.60,CASH,PAID,COMPLETED,TXN-CAS-87515821
ORD-20260908-04762-8D465,2026-09-08 19:05:28,ONLINE,Pedro Penduko,Fresh Calamansi Juice Pitcher x1; Sweet & Chili Crab Bucket x1,2230.00,267.60,100.00,2597.60,MAYA,PAID,COMPLETED,TXN-MAY-99079006
ORD-20260908-01360-56230,2026-09-08 19:23:24,ONLINE,Pedro Penduko,Crispy Seafood Basket x1; Grilled Seafood Platter x1,3080.00,369.60,60.00,3509.60,HYBRID (Cash + GCash),PAID,COMPLETED,TXN-HYB-43767749
ORD-20260908-01622-7525D,2026-09-08 19:41:20,ON_SITE,Mark Bautista,Garlic Butter Prawns x1; Seafood Cajun Boil x1,3100.00,372.00,0.00,3472.00,HYBRID (Cash + GCash),PAID,COMPLETED,TXN-HYB-80175045
ORD-20260908-01423-F5E97,2026-09-08 19:45:31,ONLINE,Pedro Penduko,Seafood Cajun Boil x1,1850.00,222.00,60.00,2132.00,SPLIT (Cash + GCash),PAID,COMPLETED,TXN-SPL-89786523
ORD-20260908-02979-9B89B,2026-09-08 19:50:29,ONLINE,Lisa Manoban,Grilled Seafood Platter x1,2100.00,252.00,75.00,2427.00,CASH,PAID,COMPLETED,TXN-CAS-71457852
ORD-20260908-00721-07AC8,2026-09-08 19:59:02,ON_SITE,Pedro Penduko,Fresh Calamansi Juice Pitcher x2; Classic Seafood Paella x1,2210.00,265.20,0.00,2475.20,GCASH,PAID,COMPLETED,TXN-GCA-75783449
ORD-20260908-03588-03FB0,2026-09-08 19:59:34,ONLINE,Pedro Penduko,Seafood Bilao Feast x1; Sweet & Chili Crab Bucket x1,4350.00,522.00,120.00,4992.00,SPLIT (Cash + GCash),PAID,COMPLETED,TXN-SPL-69595796
ORD-20260908-01968-82E36,2026-09-08 19:59:41,ONLINE,Ana Reyes,Crispy Seafood Basket x1,980.00,117.60,60.00,1157.60,HYBRID (Cash + GCash),PAID,COMPLETED,TXN-HYB-29442899
ORD-20260908-00171-B56B2,2026-09-08 20:22:04,ONLINE,Ana Reyes,Garlic Butter Prawns x2,2500.00,300.00,100.00,2900.00,COD,PAID,COMPLETED,TXN-COD-51136794
ORD-20260908-00951-3182A,2026-09-08 20:27:27,ONLINE,Clara Dizon,Garlic Butter Prawns x1; Seafood Cajun Boil x1,3100.00,372.00,75.00,3547.00,MAYA,PAID,COMPLETED,TXN-MAY-96396393
ORD-20260908-01028-06A2F,2026-09-08 20:29:12,ON_SITE,Katrina Halili,Garlic Butter Prawns x2; Sweet & Chili Crab Bucket x1,4450.00,534.00,0.00,4984.00,CASH,PAID,COMPLETED,TXN-CAS-66732646
ORD-20260908-01007-8FEAA,2026-09-08 20:41:27,ON_SITE,Maria Clara Santos,Fresh Calamansi Juice Pitcher x2,560.00,67.20,0.00,627.20,CASH,PAID,COMPLETED,TXN-CAS-93807215
ORD-20260908-00377-9863B,2026-09-08 21:04:22,ONLINE,Lisa Manoban,Classic Seafood Paella x1; Garlic Butter Prawns x1,2900.00,348.00,75.00,3323.00,HYBRID (Cash + GCash),PAID,COMPLETED,TXN-HYB-76206429
ORD-20260908-01164-5B51B,2026-09-08 21:06:39,ON_SITE,Juan Tamad,Garlic Butter Prawns x2; Sweet & Chili Crab Bucket x1; Seafood Bilao Feast x3,11650.00,1398.00,0.00,13048.00,CASH,PAID,COMPLETED,TXN-CAS-84002092
ORD-20260908-00672-366C5,2026-09-08 21:27:16,ONLINE,Mark Bautista,Classic Seafood Paella x1; Grilled Seafood Platter x1; Fresh Calamansi Juice Pitcher x1,4030.00,483.60,50.00,4563.60,CASH,PAID,COMPLETED,TXN-CAS-20517661
ORD-20260908-01808-7CB9D,2026-09-08 21:31:25,ONLINE,Juan Tamad,Sweet & Chili Crab Bucket x2; Seafood Bilao Feast x2,8700.00,1044.00,50.00,9794.00,COD,PAID,COMPLETED,TXN-COD-80376722
ORD-20260908-04551-2CC43,2026-09-08 21:37:08,ONLINE,Juan Tamad,Classic Seafood Paella x2; Seafood Bilao Feast x1,5700.00,684.00,75.00,6459.00,MAYA,PAID,COMPLETED,TXN-MAY-81941977
ORD-20260908-04296-D2E49,2026-09-08 21:53:18,ON_SITE,Giselle Hernandez,Seafood Bilao Feast x1; Classic Seafood Paella x2; Fresh Calamansi Juice Pitcher x1; Grilled Seafood Platter x1,8080.00,969.60,0.00,9049.60,HYBRID (Cash + GCash),PAID,COMPLETED,TXN-HYB-25552348
ORD-20260909-03334-4E24E,2026-09-09 10:13:03,ONLINE,Clara Dizon,Crispy Seafood Basket x1; Sweet & Chili Crab Bucket x1,2930.00,351.60,75.00,3356.60,MAYA,PAID,COMPLETED,TXN-MAY-99318739
ORD-20260909-03647-9B7A7,2026-09-09 10:18:28,ONLINE,Mark Bautista,Fresh Calamansi Juice Pitcher x1; Garlic Butter Prawns x1; Classic Seafood Paella x1,3180.00,381.60,120.00,3681.60,GCASH,PAID,COMPLETED,TXN-GCA-74131056
ORD-20260909-01212-F3E11,2026-09-09 10:25:32,ON_SITE,Dingdong Dantes,Classic Seafood Paella x1,1650.00,198.00,0.00,1848.00,CASH,PAID,COMPLETED,TXN-CAS-75458170
ORD-20260909-00505-E465E,2026-09-09 10:25:34,ON_SITE,Ferdinand Marcos,Fresh Calamansi Juice Pitcher x2,560.00,67.20,0.00,627.20,CASH,PAID,COMPLETED,TXN-CAS-98577755
ORD-20260909-04884-5F6D6,2026-09-09 10:29:16,ON_SITE,Lisa Manoban,Seafood Cajun Boil x1,1850.00,222.00,0.00,2072.00,GCASH,PAID,COMPLETED,TXN-GCA-19699562
ORD-20260909-02533-48585,2026-09-09 10:32:58,ONLINE,Ana Reyes,Seafood Cajun Boil x1,1850.00,222.00,85.00,2157.00,GCASH,PAID,COMPLETED,TXN-GCA-94957133
ORD-20260909-00754-9DB44,2026-09-09 10:38:49,ON_SITE,Ana Reyes,Fresh Calamansi Juice Pitcher x2; Sweet & Chili Crab Bucket x1,2510.00,301.20,0.00,2811.20,GCASH,PAID,COMPLETED,TXN-GCA-53981491
ORD-20260909-02655-D82D5,2026-09-09 10:46:36,ONLINE,Pedro Penduko,Seafood Bilao Feast x1,2400.00,288.00,50.00,2738.00,GCASH,PAID,COMPLETED,TXN-GCA-79733505
ORD-20260909-03220-3C815,2026-09-09 10:59:57,ON_SITE,Lisa Manoban,Crispy Seafood Basket x1,980.00,117.60,0.00,1097.60,HYBRID (Cash + GCash),PAID,COMPLETED,TXN-HYB-57965014
ORD-20260909-02350-6CFB0,2026-09-09 11:04:01,ONLINE,Ana Reyes,Grilled Seafood Platter x1; Seafood Cajun Boil x2,5800.00,696.00,75.00,6571.00,GCASH,PAID,COMPLETED,TXN-GCA-85378108
ORD-20260909-02575-7BC53,2026-09-09 11:11:31,ONLINE,Pedro Penduko,Grilled Seafood Platter x1; Seafood Bilao Feast x1,4500.00,540.00,50.00,5090.00,MAYA,PAID,COMPLETED,TXN-MAY-40438421
ORD-20260909-01653-D2885,2026-09-09 11:14:25,ONLINE,Pedro Penduko,Sweet & Chili Crab Bucket x1,1950.00,234.00,60.00,2244.00,COD,PENDING,IN_PROCESS,N/A
ORD-20260909-01545-15DB3,2026-09-09 11:24:07,ON_SITE,Dindo Dela Cruz,Classic Seafood Paella x1,1650.00,198.00,0.00,1848.00,GCASH,PAID,COMPLETED,TXN-GCA-58197087
ORD-20260909-02652-A172F,2026-09-09 11:42:03,ON_SITE,Katrina Halili,Fresh Calamansi Juice Pitcher x1; Crispy Seafood Basket x2,2240.00,268.80,0.00,2508.80,CASH,PAID,COMPLETED,TXN-CAS-89705239
ORD-20260909-01777-C4EC6,2026-09-09 11:49:29,ON_SITE,Alden Richards,Garlic Butter Prawns x1; Seafood Cajun Boil x1,3100.00,372.00,0.00,3472.00,MAYA,PAID,COMPLETED,TXN-MAY-40599515
ORD-20260909-02315-AAEB2,2026-09-09 11:53:07,ONLINE,Clara Dizon,Classic Seafood Paella x1,1650.00,198.00,100.00,1948.00,COD,PENDING,IN_PROCESS,N/A
ORD-20260909-04548-7BB7A,2026-09-09 11:54:47,ON_SITE,Bea Alonzo,Classic Seafood Paella x2; Fresh Calamansi Juice Pitcher x1; Sweet & Chili Crab Bucket x1,5530.00,663.60,0.00,6193.60,GCASH,PAID,COMPLETED,TXN-GCA-15642518
ORD-20260909-04213-9683E,2026-09-09 12:03:32,ON_SITE,Lisa Manoban,Classic Seafood Paella x1,1650.00,198.00,0.00,1848.00,CASH,PAID,COMPLETED,TXN-CAS-53202229
ORD-20260909-03706-B1D14,2026-09-09 12:07:08,ON_SITE,Lisa Manoban,Seafood Bilao Feast x1,2400.00,288.00,0.00,2688.00,GCASH,PAID,COMPLETED,TXN-GCA-81714744
ORD-20260909-04284-BBEAB,2026-09-09 12:13:09,ON_SITE,Carlos Mendoza,Seafood Cajun Boil x1; Classic Seafood Paella x1,3500.00,420.00,0.00,3920.00,GCASH,PAID,COMPLETED,TXN-GCA-56511371
ORD-20260909-02151-32B5D,2026-09-09 12:22:54,ONLINE,Clara Dizon,Sweet & Chili Crab Bucket x1,1950.00,234.00,120.00,2304.00,HYBRID (Cash + GCash),PAID,COMPLETED,TXN-HYB-32360097
ORD-20260909-03780-5D975,2026-09-09 12:29:13,ONLINE,Ana Reyes,Seafood Cajun Boil x1; Fresh Calamansi Juice Pitcher x1,2130.00,255.60,50.00,2435.60,GCASH,PAID,COMPLETED,TXN-GCA-45859255
ORD-20260909-02246-837AF,2026-09-09 12:31:58,ON_SITE,Ferdinand Marcos,Sweet & Chili Crab Bucket x1; Classic Seafood Paella x1,3600.00,432.00,0.00,4032.00,GCASH,PAID,COMPLETED,TXN-GCA-26728703
ORD-20260909-04506-72485,2026-09-09 12:42:38,ON_SITE,Marian Rivera,Classic Seafood Paella x1,1650.00,198.00,0.00,1848.00,GCASH,PAID,COMPLETED,TXN-GCA-52502986
ORD-20260909-00730-A3CD5,2026-09-09 12:53:16,ON_SITE,Clara Dizon,Sweet & Chili Crab Bucket x1; Classic Seafood Paella x1,3600.00,432.00,0.00,4032.00,GCASH,PAID,COMPLETED,TXN-GCA-67719310
ORD-20260909-01362-4C5F7,2026-09-09 12:59:49,ONLINE,Pedro Penduko,Classic Seafood Paella x1,1650.00,198.00,85.00,1933.00,CASH,PAID,COMPLETED,TXN-CAS-86837493
ORD-20260909-01426-41E24,2026-09-09 13:11:24,ON_SITE,Carlos Mendoza,Seafood Bilao Feast x2; Sweet & Chili Crab Bucket x2; Seafood Cajun Boil x1,10550.00,1266.00,0.00,11816.00,CASH,PAID,COMPLETED,TXN-CAS-26618771
ORD-20260909-00374-072DA,2026-09-09 13:14:06,ONLINE,Juan Tamad,Seafood Bilao Feast x2,4800.00,576.00,60.00,5436.00,CASH,PAID,COMPLETED,TXN-CAS-20680702
ORD-20260909-03362-C18D3,2026-09-09 13:15:07,ON_SITE,Joshua Garcia,Seafood Cajun Boil x3,5550.00,666.00,0.00,6216.00,GCASH,PAID,COMPLETED,TXN-GCA-68922014
ORD-20260909-00991-0BA5E,2026-09-09 13:17:55,ONLINE,Pedro Penduko,Seafood Cajun Boil x1; Crispy Seafood Basket x1; Garlic Butter Prawns x1; Classic Seafood Paella x1,5730.00,687.60,120.00,6537.60,COD,PAID,COMPLETED,TXN-COD-58741875
ORD-20260909-00170-76EE0,2026-09-09 13:22:16,ONLINE,Juan Tamad,Seafood Bilao Feast x2; Classic Seafood Paella x1; Seafood Cajun Boil x1,8300.00,996.00,120.00,9416.00,CASH,PAID,COMPLETED,TXN-CAS-50210212
ORD-20260909-01917-389F3,2026-09-09 13:22:50,ON_SITE,Maria Clara Santos,Sweet & Chili Crab Bucket x1; Grilled Seafood Platter x1,4050.00,486.00,0.00,4536.00,SPLIT (Cash + GCash),PAID,COMPLETED,TXN-SPL-76168684
ORD-20260909-02797-0A50E,2026-09-09 13:28:19,ON_SITE,Marian Rivera,Grilled Seafood Platter x1,2100.00,252.00,0.00,2352.00,SPLIT (Cash + GCash),PAID,COMPLETED,TXN-SPL-93342860
ORD-20260909-04928-F2E0B,2026-09-09 13:35:11,ONLINE,Clara Dizon,Seafood Cajun Boil x1,1850.00,222.00,85.00,2157.00,SPLIT (Cash + GCash),PAID,COMPLETED,TXN-SPL-10724681
ORD-20260909-03492-D1D14,2026-09-09 13:44:13,ON_SITE,Dingdong Dantes,Sweet & Chili Crab Bucket x1; Seafood Cajun Boil x1,3800.00,456.00,0.00,4256.00,CASH,PAID,COMPLETED,TXN-CAS-11676920
ORD-20260909-01594-2C84A,2026-09-09 14:05:52,ONLINE,Mark Bautista,Seafood Cajun Boil x1; Garlic Butter Prawns x2; Classic Seafood Paella x1,6000.00,720.00,60.00,6780.00,GCASH,PAID,COMPLETED,TXN-GCA-77502763
ORD-20260909-04537-E5BDC,2026-09-09 14:14:02,ON_SITE,Ramon Magsaysay Jr.,Garlic Butter Prawns x2,2500.00,300.00,0.00,2800.00,SPLIT (Cash + GCash),PAID,COMPLETED,TXN-SPL-59909440
ORD-20260909-02579-F1454,2026-09-09 14:20:39,ON_SITE,Pedro Penduko,Seafood Cajun Boil x2,3700.00,444.00,0.00,4144.00,CASH,PAID,COMPLETED,TXN-CAS-15397049
ORD-20260909-04411-DE96D,2026-09-09 14:23:23,ONLINE,Mark Bautista,Grilled Seafood Platter x1; Garlic Butter Prawns x2; Seafood Cajun Boil x2; Sweet & Chili Crab Bucket x1,10250.00,1230.00,50.00,11530.00,MAYA,PAID,IN_PROCESS,TXN-MAY-84379665
ORD-20260909-00781-DAA56,2026-09-09 14:24:26,ON_SITE,Carlos Mendoza,Seafood Bilao Feast x1,2400.00,288.00,0.00,2688.00,GCASH,PAID,COMPLETED,TXN-GCA-77020855
ORD-20260909-01319-CEC66,2026-09-09 14:35:33,ONLINE,Mark Bautista,Fresh Calamansi Juice Pitcher x1; Classic Seafood Paella x3,5230.00,627.60,120.00,5977.60,GCASH,PAID,COMPLETED,TXN-GCA-64337550
ORD-20260909-03070-35DB1,2026-09-09 14:36:28,ONLINE,Juan Tamad,Crispy Seafood Basket x1; Sweet & Chili Crab Bucket x1; Seafood Bilao Feast x1; Classic Seafood Paella x1,6980.00,837.60,75.00,7892.60,MAYA,PAID,COMPLETED,TXN-MAY-53362177
ORD-20260909-00553-BC57B,2026-09-09 14:43:13,ON_SITE,Matteo Guidicelli,Sweet & Chili Crab Bucket x1; Fresh Calamansi Juice Pitcher x2; Classic Seafood Paella x1,4160.00,499.20,0.00,4659.20,HYBRID (Cash + GCash),PAID,COMPLETED,TXN-HYB-72106640
ORD-20260909-03195-4A247,2026-09-09 14:55:43,ON_SITE,Katrina Halili,Garlic Butter Prawns x1; Seafood Bilao Feast x1; Seafood Cajun Boil x3,9200.00,1104.00,0.00,10304.00,CASH,PENDING,IN_PROCESS,N/A
ORD-20260909-02054-51F8C,2026-09-09 15:01:36,ON_SITE,Maria Clara Santos,Fresh Calamansi Juice Pitcher x1,280.00,33.60,0.00,313.60,GCASH,PAID,COMPLETED,TXN-GCA-82474485
ORD-20260909-01311-49892,2026-09-09 15:59:10,ONLINE,Lisa Manoban,Seafood Cajun Boil x1,1850.00,222.00,100.00,2172.00,GCASH,PAID,COMPLETED,TXN-GCA-41677744
ORD-20260909-03387-83018,2026-09-09 16:06:39,ON_SITE,Joshua Garcia,Sweet & Chili Crab Bucket x3; Fresh Calamansi Juice Pitcher x1,6130.00,735.60,0.00,6865.60,CASH,PAID,COMPLETED,TXN-CAS-60534770
ORD-20260909-02610-23733,2026-09-09 16:08:26,ONLINE,Clara Dizon,Fresh Calamansi Juice Pitcher x1; Grilled Seafood Platter x1; Classic Seafood Paella x1; Garlic Butter Prawns x1,5280.00,633.60,100.00,6013.60,CASH,PAID,COMPLETED,TXN-CAS-70023914
ORD-20260909-02982-D7F56,2026-09-09 16:17:05,ON_SITE,Pedro Penduko,Seafood Cajun Boil x2,3700.00,444.00,0.00,4144.00,GCASH,PAID,COMPLETED,TXN-GCA-79890107
ORD-20260909-00315-DB1A9,2026-09-09 16:47:36,ONLINE,Ana Reyes,Garlic Butter Prawns x1,1250.00,150.00,100.00,1500.00,HYBRID (Cash + GCash),PAID,COMPLETED,TXN-HYB-83844609
ORD-20260909-04059-00509,2026-09-09 17:06:58,ON_SITE,Ana Reyes,Crispy Seafood Basket x2,1960.00,235.20,0.00,2195.20,GCASH,PAID,COMPLETED,TXN-GCA-97591928
ORD-20260909-03385-34FFB,2026-09-09 17:13:08,ON_SITE,Mark Bautista,Crispy Seafood Basket x1; Seafood Bilao Feast x1,3380.00,405.60,0.00,3785.60,CASH,PAID,COMPLETED,TXN-CAS-47070507
ORD-20260909-01388-619A9,2026-09-09 17:30:25,ONLINE,Lisa Manoban,Classic Seafood Paella x1,1650.00,198.00,60.00,1908.00,SPLIT (Cash + GCash),PAID,COMPLETED,TXN-SPL-46843383
ORD-20260909-04136-A7438,2026-09-09 18:01:02,ONLINE,Juan Tamad,Fresh Calamansi Juice Pitcher x1; Seafood Cajun Boil x1,2130.00,255.60,120.00,2505.60,MAYA,REFUNDED,CANCELLED,N/A
ORD-20260909-01372-B693C,2026-09-09 18:02:16,ON_SITE,Bea Alonzo,Grilled Seafood Platter x1; Classic Seafood Paella x2,5400.00,648.00,0.00,6048.00,GCASH,PAID,COMPLETED,TXN-GCA-42248364
ORD-20260909-03338-8F21A,2026-09-09 18:08:45,ON_SITE,Carlos Mendoza,Seafood Cajun Boil x2,3700.00,444.00,0.00,4144.00,CASH,PAID,COMPLETED,TXN-CAS-73888229
ORD-20260909-04273-45445,2026-09-09 18:15:57,ON_SITE,Pedro Penduko,Garlic Butter Prawns x1,1250.00,150.00,0.00,1400.00,CASH,PAID,COMPLETED,TXN-CAS-43444974
ORD-20260909-01038-DFA34,2026-09-09 18:47:19,ON_SITE,Clara Dizon,Grilled Seafood Platter x1; Sweet & Chili Crab Bucket x1,4050.00,486.00,0.00,4536.00,CASH,PAID,COMPLETED,TXN-CAS-87658515
ORD-20260909-03523-707C9,2026-09-09 19:11:29,ONLINE,Lisa Manoban,Grilled Seafood Platter x1,2100.00,252.00,85.00,2437.00,CASH,PAID,COMPLETED,TXN-CAS-10130548
ORD-20260909-02050-16B17,2026-09-09 19:17:44,ONLINE,Pedro Penduko,Classic Seafood Paella x1; Fresh Calamansi Juice Pitcher x1,1930.00,231.60,100.00,2261.60,SPLIT (Cash + GCash),PAID,COMPLETED,TXN-SPL-76987755
ORD-20260909-03574-75429,2026-09-09 20:21:33,ONLINE,Clara Dizon,Seafood Cajun Boil x1; Sweet & Chili Crab Bucket x1,3800.00,456.00,60.00,4316.00,CASH,PAID,COMPLETED,TXN-CAS-26445363
ORD-20260909-01321-35917,2026-09-09 20:23:59,ON_SITE,Matteo Guidicelli,Classic Seafood Paella x1; Sweet & Chili Crab Bucket x1; Grilled Seafood Platter x1,5700.00,684.00,0.00,6384.00,GCASH,PAID,COMPLETED,TXN-GCA-71382411
ORD-20260909-04038-C713F,2026-09-09 20:37:15,ON_SITE,Katrina Halili,Garlic Butter Prawns x1; Classic Seafood Paella x1,2900.00,348.00,0.00,3248.00,CASH,PAID,COMPLETED,TXN-CAS-39750371
ORD-20260909-02154-CEE39,2026-09-09 20:38:25,ONLINE,Ana Reyes,Sweet & Chili Crab Bucket x1; Seafood Bilao Feast x1; Crispy Seafood Basket x1,5330.00,639.60,75.00,6044.60,MAYA,PAID,COMPLETED,TXN-MAY-68494899
ORD-20260909-00784-C9318,2026-09-09 20:50:51,ONLINE,Ana Reyes,Fresh Calamansi Juice Pitcher x1; Grilled Seafood Platter x2,4480.00,537.60,120.00,5137.60,GCASH,PAID,COMPLETED,TXN-GCA-84755564
ORD-20260909-03038-0A479,2026-09-09 20:59:29,ONLINE,Juan Tamad,Seafood Cajun Boil x1; Fresh Calamansi Juice Pitcher x2; Seafood Bilao Feast x1,4810.00,577.20,50.00,5437.20,GCASH,PAID,COMPLETED,TXN-GCA-36639736
ORD-20260909-02159-EF1E0,2026-09-09 21:05:35,ONLINE,Mark Bautista,Fresh Calamansi Juice Pitcher x1; Crispy Seafood Basket x1; Seafood Cajun Boil x1; Seafood Bilao Feast x1,5510.00,661.20,120.00,6291.20,SPLIT (Cash + GCash),PAID,COMPLETED,TXN-SPL-59581810
ORD-20260909-01571-27224,2026-09-09 21:12:35,ONLINE,Pedro Penduko,Seafood Cajun Boil x1; Crispy Seafood Basket x3,4790.00,574.80,50.00,5414.80,COD,PAID,IN_PROCESS,TXN-COD-80816148
ORD-20260909-01687-CD942,2026-09-09 21:24:31,ON_SITE,Matteo Guidicelli,Fresh Calamansi Juice Pitcher x1; Seafood Cajun Boil x3; Sweet & Chili Crab Bucket x1,7780.00,933.60,0.00,8713.60,GCASH,PAID,COMPLETED,TXN-GCA-99633526
ORD-20260909-04962-3D638,2026-09-09 21:35:09,ONLINE,Ana Reyes,Seafood Cajun Boil x3,5550.00,666.00,50.00,6266.00,SPLIT (Cash + GCash),PAID,COMPLETED,TXN-SPL-23942772
ORD-20260909-04488-D5E11,2026-09-09 21:38:37,ON_SITE,Sarah Geronimo,Garlic Butter Prawns x1; Crispy Seafood Basket x3; Classic Seafood Paella x1,5840.00,700.80,0.00,6540.80,GCASH,PAID,COMPLETED,TXN-GCA-35451203
ORD-20260909-04863-9E8CF,2026-09-09 21:39:09,ON_SITE,Joshua Garcia,Seafood Cajun Boil x1; Garlic Butter Prawns x2,4350.00,522.00,0.00,4872.00,CASH,PAID,COMPLETED,TXN-CAS-90110225
ORD-20260909-02326-D8A48,2026-09-09 21:44:19,ON_SITE,Ferdinand Marcos,Grilled Seafood Platter x1,2100.00,252.00,0.00,2352.00,CASH,PAID,COMPLETED,TXN-CAS-80540156
ORD-20260909-03279-35E11,2026-09-09 21:52:02,ON_SITE,Giselle Hernandez,Seafood Cajun Boil x1,1850.00,222.00,0.00,2072.00,SPLIT (Cash + GCash),PAID,COMPLETED,TXN-SPL-19449245
ORD-20260909-03244-43299,2026-09-09 21:52:27,ON_SITE,Kathryn Bernardo,Garlic Butter Prawns x1,1250.00,150.00,0.00,1400.00,CASH,PAID,IN_PROCESS,TXN-CAS-17566521
ORD-20260909-00365-91444,2026-09-09 21:57:05,ON_SITE,Dingdong Dantes,Seafood Bilao Feast x1,2400.00,288.00,0.00,2688.00,CASH,PAID,COMPLETED,TXN-CAS-78383100
ORD-20260909-00186-DE2BB,2026-09-09 21:59:04,ON_SITE,Daniel Padilla,Seafood Bilao Feast x1; Classic Seafood Paella x1,4050.00,486.00,0.00,4536.00,GCASH,PENDING,CANCELLED,N/A
ORD-20260910-04839-3D1F2,2026-09-10 10:15:16,ON_SITE,Lisa Manoban,Grilled Seafood Platter x1,2100.00,252.00,0.00,2352.00,CASH,PAID,COMPLETED,TXN-CAS-46301916
ORD-20260910-02063-C2BC2,2026-09-10 10:39:55,ONLINE,Lisa Manoban,Crispy Seafood Basket x1; Sweet & Chili Crab Bucket x3; Garlic Butter Prawns x1,8080.00,969.60,60.00,9109.60,SPLIT (Cash + GCash),PAID,IN_PROCESS,TXN-SPL-51725884
ORD-20260910-04871-E2ED4,2026-09-10 10:49:00,ONLINE,Mark Bautista,Grilled Seafood Platter x1; Garlic Butter Prawns x1; Seafood Cajun Boil x1; Seafood Bilao Feast x1,7600.00,912.00,60.00,8572.00,GCASH,PAID,COMPLETED,TXN-GCA-32363436
ORD-20260910-00722-7D3DE,2026-09-10 11:17:46,ON_SITE,Juan Tamad,Grilled Seafood Platter x2,4200.00,504.00,0.00,4704.00,GCASH,PAID,COMPLETED,TXN-GCA-99324257
ORD-20260910-04948-6985F,2026-09-10 11:18:46,ONLINE,Clara Dizon,Fresh Calamansi Juice Pitcher x2; Seafood Bilao Feast x1,2960.00,355.20,120.00,3435.20,HYBRID (Cash + GCash),PAID,COMPLETED,TXN-HYB-20879962
ORD-20260910-01809-508A8,2026-09-10 11:22:28,ON_SITE,Daniel Padilla,Seafood Bilao Feast x1; Seafood Cajun Boil x1,4250.00,510.00,0.00,4760.00,MAYA,PAID,COMPLETED,TXN-MAY-14457298
ORD-20260910-02710-724B1,2026-09-10 11:25:42,ON_SITE,Pedro Penduko,Garlic Butter Prawns x1; Classic Seafood Paella x1,2900.00,348.00,0.00,3248.00,SPLIT (Cash + GCash),PAID,IN_PROCESS,TXN-SPL-70250396
ORD-20260910-02316-D594B,2026-09-10 11:41:42,ON_SITE,Dingdong Dantes,Crispy Seafood Basket x1,980.00,117.60,0.00,1097.60,HYBRID (Cash + GCash),PENDING,IN_PROCESS,N/A
ORD-20260910-02512-A1797,2026-09-10 11:43:49,ONLINE,Pedro Penduko,Classic Seafood Paella x1; Sweet & Chili Crab Bucket x3,7500.00,900.00,85.00,8485.00,HYBRID (Cash + GCash),PAID,COMPLETED,TXN-HYB-83109064
ORD-20260910-01406-7911B,2026-09-10 11:51:44,ON_SITE,Kathryn Bernardo,Classic Seafood Paella x3,4950.00,594.00,0.00,5544.00,CASH,PAID,COMPLETED,TXN-CAS-36259252
ORD-20260910-03444-BD359,2026-09-10 11:59:20,ON_SITE,Lisa Manoban,Fresh Calamansi Juice Pitcher x1; Seafood Bilao Feast x1,2680.00,321.60,0.00,3001.60,MAYA,PAID,COMPLETED,TXN-MAY-20872074
ORD-20260910-01396-E8FBF,2026-09-10 12:00:36,ONLINE,Pedro Penduko,Grilled Seafood Platter x2; Crispy Seafood Basket x3,7140.00,856.80,100.00,8096.80,CASH,PAID,COMPLETED,TXN-CAS-21524077
ORD-20260910-02364-DA98C,2026-09-10 12:08:32,ONLINE,Ana Reyes,Fresh Calamansi Juice Pitcher x2; Crispy Seafood Basket x1; Garlic Butter Prawns x1,2790.00,334.80,100.00,3224.80,CASH,PAID,COMPLETED,TXN-CAS-95790088
ORD-20260910-01279-1733E,2026-09-10 12:22:02,ONLINE,Clara Dizon,Grilled Seafood Platter x1,2100.00,252.00,100.00,2452.00,GCASH,PAID,COMPLETED,TXN-GCA-61810171
ORD-20260910-00800-EBEBF,2026-09-10 12:29:30,ON_SITE,Daniel Padilla,Garlic Butter Prawns x1,1250.00,150.00,0.00,1400.00,GCASH,PAID,COMPLETED,TXN-GCA-12400485
ORD-20260910-04903-53129,2026-09-10 12:36:43,ONLINE,Clara Dizon,Crispy Seafood Basket x1; Grilled Seafood Platter x1; Seafood Cajun Boil x1,4930.00,591.60,85.00,5606.60,GCASH,PAID,COMPLETED,TXN-GCA-42164787
ORD-20260910-02991-917FB,2026-09-10 12:37:48,ON_SITE,Lisa Manoban,Fresh Calamansi Juice Pitcher x2,560.00,67.20,0.00,627.20,MAYA,PAID,COMPLETED,TXN-MAY-21122733
ORD-20260910-00229-E6E37,2026-09-10 12:42:28,ON_SITE,Ana Reyes,Garlic Butter Prawns x1; Fresh Calamansi Juice Pitcher x2,1810.00,217.20,0.00,2027.20,HYBRID (Cash + GCash),PAID,COMPLETED,TXN-HYB-62416460
ORD-20260910-03185-EB73E,2026-09-10 12:43:39,ON_SITE,Katrina Halili,Fresh Calamansi Juice Pitcher x1,280.00,33.60,0.00,313.60,CASH,PAID,COMPLETED,TXN-CAS-29872276
ORD-20260910-01101-AC948,2026-09-10 12:48:01,ON_SITE,Dindo Dela Cruz,Fresh Calamansi Juice Pitcher x1,280.00,33.60,0.00,313.60,CASH,PAID,COMPLETED,TXN-CAS-41910998
ORD-20260910-00021-C6CF2,2026-09-10 13:34:13,ONLINE,Lisa Manoban,Fresh Calamansi Juice Pitcher x1; Seafood Bilao Feast x1,2680.00,321.60,85.00,3086.60,GCASH,REFUNDED,CANCELLED,N/A
ORD-20260910-03265-5BBC5,2026-09-10 13:44:30,ONLINE,Clara Dizon,Sweet & Chili Crab Bucket x1,1950.00,234.00,120.00,2304.00,CASH,PAID,COMPLETED,TXN-CAS-70221756
ORD-20260910-02613-7FD30,2026-09-10 14:15:28,ONLINE,Clara Dizon,Sweet & Chili Crab Bucket x1; Grilled Seafood Platter x2,6150.00,738.00,60.00,6948.00,HYBRID (Cash + GCash),PAID,COMPLETED,TXN-HYB-29279948
ORD-20260910-03491-EB997,2026-09-10 14:27:47,ON_SITE,Sarah Geronimo,Fresh Calamansi Juice Pitcher x1; Grilled Seafood Platter x1,2380.00,285.60,0.00,2665.60,SPLIT (Cash + GCash),PAID,COMPLETED,TXN-SPL-19965627
ORD-20260910-01182-75EDC,2026-09-10 14:29:22,ONLINE,Pedro Penduko,Seafood Bilao Feast x1; Garlic Butter Prawns x2; Crispy Seafood Basket x1,5880.00,705.60,120.00,6705.60,GCASH,PAID,COMPLETED,TXN-GCA-32766422
ORD-20260910-04304-E3E12,2026-09-10 14:29:40,ON_SITE,Giselle Hernandez,Garlic Butter Prawns x1; Seafood Bilao Feast x2; Fresh Calamansi Juice Pitcher x1,6330.00,759.60,0.00,7089.60,GCASH,PAID,COMPLETED,TXN-GCA-70106035
ORD-20260910-04521-D02C0,2026-09-10 14:32:27,ON_SITE,Juan Tamad,Sweet & Chili Crab Bucket x2; Classic Seafood Paella x1,5550.00,666.00,0.00,6216.00,CASH,PAID,COMPLETED,TXN-CAS-68417312
ORD-20260910-01706-8BA5D,2026-09-10 14:42:49,ONLINE,Mark Bautista,Sweet & Chili Crab Bucket x1; Garlic Butter Prawns x1,3200.00,384.00,75.00,3659.00,GCASH,PAID,COMPLETED,TXN-GCA-34812432
ORD-20260910-04007-BB949,2026-09-10 14:52:24,ON_SITE,Juan Tamad,Grilled Seafood Platter x1,2100.00,252.00,0.00,2352.00,CASH,PAID,COMPLETED,TXN-CAS-45798802
ORD-20260910-04929-3DB57,2026-09-10 14:57:26,ONLINE,Juan Tamad,Crispy Seafood Basket x1; Sweet & Chili Crab Bucket x2; Seafood Cajun Boil x1,6730.00,807.60,75.00,7612.60,GCASH,PAID,COMPLETED,TXN-GCA-62932271
ORD-20260910-04495-64F47,2026-09-10 14:59:01,ONLINE,Mark Bautista,Crispy Seafood Basket x1; Grilled Seafood Platter x2; Garlic Butter Prawns x1; Sweet & Chili Crab Bucket x3,12280.00,1473.60,100.00,13853.60,MAYA,PAID,COMPLETED,TXN-MAY-25493203
ORD-20260910-00130-30933,2026-09-10 15:06:12,ONLINE,Ana Reyes,Seafood Cajun Boil x1; Fresh Calamansi Juice Pitcher x1,2130.00,255.60,120.00,2505.60,CASH,PAID,COMPLETED,TXN-CAS-60002965
ORD-20260910-00155-9B054,2026-09-10 15:08:55,ON_SITE,Clara Dizon,Sweet & Chili Crab Bucket x2; Seafood Cajun Boil x1; Fresh Calamansi Juice Pitcher x1; Classic Seafood Paella x1,7680.00,921.60,0.00,8601.60,GCASH,PAID,COMPLETED,TXN-GCA-92699128
ORD-20260910-01064-A4002,2026-09-10 15:18:45,ON_SITE,Bea Alonzo,Crispy Seafood Basket x1; Grilled Seafood Platter x1; Garlic Butter Prawns x1,4330.00,519.60,0.00,4849.60,CASH,PAID,COMPLETED,TXN-CAS-36124101
ORD-20260910-00953-C03D0,2026-09-10 15:20:54,ONLINE,Pedro Penduko,Seafood Cajun Boil x1; Classic Seafood Paella x1,3500.00,420.00,120.00,4040.00,MAYA,PAID,COMPLETED,TXN-MAY-50843159
ORD-20260910-00662-385FB,2026-09-10 15:39:15,ONLINE,Clara Dizon,Crispy Seafood Basket x1,980.00,117.60,85.00,1182.60,GCASH,PAID,COMPLETED,TXN-GCA-58289609
ORD-20260910-02961-20048,2026-09-10 15:47:52,ON_SITE,Clara Dizon,Seafood Bilao Feast x1,2400.00,288.00,0.00,2688.00,CASH,PAID,COMPLETED,TXN-CAS-43212254
ORD-20260910-02268-F34C1,2026-09-10 16:09:16,ON_SITE,Giselle Hernandez,Seafood Cajun Boil x1,1850.00,222.00,0.00,2072.00,CASH,PAID,COMPLETED,TXN-CAS-32159664
ORD-20260910-03251-94219,2026-09-10 16:15:24,ONLINE,Ana Reyes,Garlic Butter Prawns x1,1250.00,150.00,100.00,1500.00,GCASH,PAID,COMPLETED,TXN-GCA-37594035
ORD-20260910-03378-F609B,2026-09-10 16:30:01,ON_SITE,Sarah Geronimo,Seafood Cajun Boil x1,1850.00,222.00,0.00,2072.00,MAYA,PAID,COMPLETED,TXN-MAY-21296955
ORD-20260910-03995-28334,2026-09-10 16:31:21,ON_SITE,Mark Bautista,Seafood Bilao Feast x2; Fresh Calamansi Juice Pitcher x1; Seafood Cajun Boil x3,10630.00,1275.60,0.00,11905.60,CASH,PAID,COMPLETED,TXN-CAS-38044017
ORD-20260910-02064-24501,2026-09-10 16:42:36,ON_SITE,Alden Richards,Classic Seafood Paella x2,3300.00,396.00,0.00,3696.00,GCASH,PAID,COMPLETED,TXN-GCA-21958422
ORD-20260910-04419-E2CFE,2026-09-10 16:56:16,ON_SITE,Alden Richards,Garlic Butter Prawns x1; Fresh Calamansi Juice Pitcher x2; Grilled Seafood Platter x1; Classic Seafood Paella x1,5560.00,667.20,0.00,6227.20,HYBRID (Cash + GCash),PAID,COMPLETED,TXN-HYB-65235413
ORD-20260910-01344-2F20C,2026-09-10 17:00:26,ONLINE,Lisa Manoban,Seafood Cajun Boil x1,1850.00,222.00,85.00,2157.00,CASH,PAID,COMPLETED,TXN-CAS-15316087
ORD-20260910-04605-D6F70,2026-09-10 17:06:15,ONLINE,Clara Dizon,Fresh Calamansi Juice Pitcher x2,560.00,67.20,85.00,712.20,GCASH,PAID,COMPLETED,TXN-GCA-28484218
ORD-20260910-01134-E6665,2026-09-10 17:10:37,ON_SITE,Alden Richards,Classic Seafood Paella x1; Crispy Seafood Basket x1; Sweet & Chili Crab Bucket x1,4580.00,549.60,0.00,5129.60,GCASH,PAID,COMPLETED,TXN-GCA-28381117
ORD-20260910-03549-DA717,2026-09-10 17:13:54,ON_SITE,Dindo Dela Cruz,Seafood Cajun Boil x1; Classic Seafood Paella x1,3500.00,420.00,0.00,3920.00,CASH,PAID,COMPLETED,TXN-CAS-92724031
ORD-20260910-03343-B7E8F,2026-09-10 17:16:26,ONLINE,Ana Reyes,Grilled Seafood Platter x2,4200.00,504.00,100.00,4804.00,SPLIT (Cash + GCash),PAID,IN_PROCESS,TXN-SPL-98030755
ORD-20260910-01053-E27EC,2026-09-10 17:18:44,ONLINE,Lisa Manoban,Seafood Cajun Boil x1; Seafood Bilao Feast x1; Fresh Calamansi Juice Pitcher x2,4810.00,577.20,50.00,5437.20,MAYA,PAID,COMPLETED,TXN-MAY-95463595
ORD-20260910-00158-0013E,2026-09-10 17:35:54,ONLINE,Juan Tamad,Seafood Cajun Boil x1; Classic Seafood Paella x1,3500.00,420.00,85.00,4005.00,GCASH,PAID,COMPLETED,TXN-GCA-50843490
ORD-20260910-01513-83F0D,2026-09-10 17:41:53,ONLINE,Lisa Manoban,Seafood Cajun Boil x2; Grilled Seafood Platter x1,5800.00,696.00,75.00,6571.00,MAYA,PAID,COMPLETED,TXN-MAY-62408443
ORD-20260910-00107-6F882,2026-09-10 17:45:03,ON_SITE,Sarah Geronimo,Seafood Cajun Boil x2; Sweet & Chili Crab Bucket x1,5650.00,678.00,0.00,6328.00,CASH,PAID,COMPLETED,TXN-CAS-70253272
ORD-20260910-02768-3EDD2,2026-09-10 18:00:23,ON_SITE,Kathryn Bernardo,Classic Seafood Paella x1; Crispy Seafood Basket x1,2630.00,315.60,0.00,2945.60,CASH,PAID,COMPLETED,TXN-CAS-31787169
ORD-20260910-03028-DC7D1,2026-09-10 18:06:20,ONLINE,Clara Dizon,Fresh Calamansi Juice Pitcher x1; Classic Seafood Paella x1,1930.00,231.60,75.00,2236.60,COD,PAID,COMPLETED,TXN-COD-45918813
ORD-20260910-01095-D6DEA,2026-09-10 18:07:54,ONLINE,Juan Tamad,Crispy Seafood Basket x2,1960.00,235.20,85.00,2280.20,GCASH,PAID,COMPLETED,TXN-GCA-91644090
ORD-20260910-02929-7EA4C,2026-09-10 18:11:00,ONLINE,Lisa Manoban,Seafood Bilao Feast x1; Classic Seafood Paella x1; Grilled Seafood Platter x3,10350.00,1242.00,85.00,11677.00,GCASH,PAID,COMPLETED,TXN-GCA-84535156
ORD-20260910-01001-A7CB2,2026-09-10 18:19:33,ONLINE,Clara Dizon,Fresh Calamansi Juice Pitcher x1; Classic Seafood Paella x1,1930.00,231.60,100.00,2261.60,MAYA,PAID,COMPLETED,TXN-MAY-95204582
ORD-20260910-03788-4A7B4,2026-09-10 18:25:50,ON_SITE,Kathryn Bernardo,Classic Seafood Paella x2; Fresh Calamansi Juice Pitcher x1,3580.00,429.60,0.00,4009.60,HYBRID (Cash + GCash),PAID,COMPLETED,TXN-HYB-99380448
ORD-20260910-00646-16506,2026-09-10 18:45:25,ON_SITE,Joshua Garcia,Seafood Cajun Boil x1,1850.00,222.00,0.00,2072.00,CASH,PAID,COMPLETED,TXN-CAS-70112746
ORD-20260910-00398-9D8D8,2026-09-10 19:00:04,ONLINE,Pedro Penduko,Seafood Cajun Boil x1; Seafood Bilao Feast x1,4250.00,510.00,120.00,4880.00,GCASH,PAID,COMPLETED,TXN-GCA-53431287
ORD-20260910-01697-84443,2026-09-10 19:07:29,ONLINE,Ana Reyes,Seafood Bilao Feast x1; Sweet & Chili Crab Bucket x2; Seafood Cajun Boil x1; Classic Seafood Paella x2,11450.00,1374.00,75.00,12899.00,SPLIT (Cash + GCash),PAID,COMPLETED,TXN-SPL-59372585
ORD-20260910-00389-9EF13,2026-09-10 19:13:46,ON_SITE,Mark Bautista,Grilled Seafood Platter x1; Crispy Seafood Basket x2; Garlic Butter Prawns x1,5310.00,637.20,0.00,5947.20,GCASH,PAID,COMPLETED,TXN-GCA-39079678
ORD-20260910-01469-88229,2026-09-10 19:16:36,ON_SITE,Maria Clara Santos,Seafood Cajun Boil x1; Classic Seafood Paella x2; Grilled Seafood Platter x1,7250.00,870.00,0.00,8120.00,GCASH,PAID,COMPLETED,TXN-GCA-62715783
ORD-20260910-01529-809AD,2026-09-10 19:24:17,ONLINE,Mark Bautista,Garlic Butter Prawns x3; Seafood Cajun Boil x3; Sweet & Chili Crab Bucket x1; Crispy Seafood Basket x2,13210.00,1585.20,120.00,14915.20,HYBRID (Cash + GCash),PAID,COMPLETED,TXN-HYB-82026662
ORD-20260910-04062-B5B40,2026-09-10 19:40:00,ONLINE,Mark Bautista,Fresh Calamansi Juice Pitcher x2; Seafood Cajun Boil x1; Garlic Butter Prawns x1; Sweet & Chili Crab Bucket x1,5610.00,673.20,50.00,6333.20,CASH,PAID,COMPLETED,TXN-CAS-14231849
ORD-20260910-04291-2E5FE,2026-09-10 19:40:43,ONLINE,Clara Dizon,Garlic Butter Prawns x1,1250.00,150.00,50.00,1450.00,GCASH,PAID,COMPLETED,TXN-GCA-94637720
ORD-20260910-00819-95F6D,2026-09-10 19:48:10,ONLINE,Ana Reyes,Seafood Bilao Feast x1,2400.00,288.00,85.00,2773.00,COD,PAID,COMPLETED,TXN-COD-26425341
ORD-20260910-00701-86F53,2026-09-10 19:55:34,ON_SITE,Alden Richards,Crispy Seafood Basket x1; Classic Seafood Paella x1,2630.00,315.60,0.00,2945.60,CASH,PAID,COMPLETED,TXN-CAS-49875010
ORD-20260910-01280-0B24F,2026-09-10 20:12:33,ON_SITE,Kathryn Bernardo,Sweet & Chili Crab Bucket x1,1950.00,234.00,0.00,2184.00,CASH,PAID,COMPLETED,TXN-CAS-96789188
ORD-20260910-00397-74FF5,2026-09-10 20:13:53,ONLINE,Mark Bautista,Crispy Seafood Basket x1; Classic Seafood Paella x2,4280.00,513.60,60.00,4853.60,GCASH,PAID,COMPLETED,TXN-GCA-36950210
ORD-20260910-03277-FF306,2026-09-10 20:20:26,ONLINE,Clara Dizon,Seafood Cajun Boil x1,1850.00,222.00,60.00,2132.00,CASH,PAID,COMPLETED,TXN-CAS-15164033
ORD-20260910-00975-B2CF2,2026-09-10 20:29:41,ONLINE,Clara Dizon,Crispy Seafood Basket x3,2940.00,352.80,50.00,3342.80,GCASH,PAID,COMPLETED,TXN-GCA-91543239
ORD-20260910-03489-8C89A,2026-09-10 20:32:17,ON_SITE,Mark Bautista,Grilled Seafood Platter x1,2100.00,252.00,0.00,2352.00,CASH,PAID,COMPLETED,TXN-CAS-26449425
ORD-20260910-00375-23363,2026-09-10 20:38:50,ONLINE,Pedro Penduko,Classic Seafood Paella x2,3300.00,396.00,120.00,3816.00,GCASH,PENDING,IN_PROCESS,N/A
ORD-20260910-00307-DBDB0,2026-09-10 20:40:42,ONLINE,Ana Reyes,Grilled Seafood Platter x2,4200.00,504.00,75.00,4779.00,HYBRID (Cash + GCash),PAID,COMPLETED,TXN-HYB-97235337
ORD-20260910-03537-59DE6,2026-09-10 20:57:27,ONLINE,Mark Bautista,Crispy Seafood Basket x1; Fresh Calamansi Juice Pitcher x1; Seafood Cajun Boil x1; Sweet & Chili Crab Bucket x1,5060.00,607.20,85.00,5752.20,GCASH,REFUNDED,CANCELLED,N/A
ORD-20260910-01801-1519B,2026-09-10 21:03:37,ONLINE,Mark Bautista,Grilled Seafood Platter x1; Garlic Butter Prawns x1,3350.00,402.00,50.00,3802.00,GCASH,PENDING,IN_PROCESS,N/A
ORD-20260910-03570-AEF3A,2026-09-10 21:15:38,ON_SITE,Mark Bautista,Seafood Cajun Boil x1; Seafood Bilao Feast x1,4250.00,510.00,0.00,4760.00,CASH,PAID,COMPLETED,TXN-CAS-47504411
ORD-20260910-03929-2D932,2026-09-10 21:29:08,ONLINE,Lisa Manoban,Sweet & Chili Crab Bucket x1,1950.00,234.00,100.00,2284.00,GCASH,PAID,COMPLETED,TXN-GCA-19486525
ORD-20260910-03001-DCA7A,2026-09-10 21:40:03,ONLINE,Ana Reyes,Sweet & Chili Crab Bucket x1,1950.00,234.00,75.00,2259.00,GCASH,PAID,COMPLETED,TXN-GCA-13727185
ORD-20260910-02141-A3D34,2026-09-10 21:46:01,ONLINE,Juan Tamad,Sweet & Chili Crab Bucket x1; Garlic Butter Prawns x2,4450.00,534.00,100.00,5084.00,HYBRID (Cash + GCash),PAID,COMPLETED,TXN-HYB-71664569
ORD-20260910-01180-61D6E,2026-09-10 21:54:26,ONLINE,Juan Tamad,Classic Seafood Paella x1,1650.00,198.00,85.00,1933.00,GCASH,PAID,COMPLETED,TXN-GCA-83529407
ORD-20260910-01568-6A5B6,2026-09-10 21:57:17,ONLINE,Ana Reyes,Fresh Calamansi Juice Pitcher x1; Seafood Cajun Boil x1,2130.00,255.60,60.00,2445.60,COD,PAID,COMPLETED,TXN-COD-58490792
ORD-20260911-02116-F641B,2026-09-11 10:11:04,ON_SITE,Mark Bautista,Seafood Bilao Feast x3; Grilled Seafood Platter x1; Sweet & Chili Crab Bucket x1,11250.00,1350.00,0.00,12600.00,CASH,PAID,COMPLETED,TXN-CAS-22094547
ORD-20260911-00477-79F77,2026-09-11 10:11:55,ON_SITE,Mark Bautista,Crispy Seafood Basket x1,980.00,117.60,0.00,1097.60,CASH,PAID,COMPLETED,TXN-CAS-38583191
ORD-20260911-04311-4C5C2,2026-09-11 10:14:59,ONLINE,Pedro Penduko,Sweet & Chili Crab Bucket x1,1950.00,234.00,100.00,2284.00,HYBRID (Cash + GCash),PAID,COMPLETED,TXN-HYB-85772144
ORD-20260911-01036-C1DD3,2026-09-11 10:17:29,ON_SITE,Daniel Padilla,Seafood Bilao Feast x1; Classic Seafood Paella x1; Sweet & Chili Crab Bucket x1,6000.00,720.00,0.00,6720.00,SPLIT (Cash + GCash),PAID,COMPLETED,TXN-SPL-31049876
ORD-20260911-02959-DD049,2026-09-11 10:25:30,ONLINE,Mark Bautista,Seafood Bilao Feast x2; Crispy Seafood Basket x1; Classic Seafood Paella x1; Fresh Calamansi Juice Pitcher x1,7710.00,925.20,120.00,8755.20,GCASH,PAID,COMPLETED,TXN-GCA-31789273
ORD-20260911-03718-CD97E,2026-09-11 10:37:40,ONLINE,Mark Bautista,Seafood Bilao Feast x1; Garlic Butter Prawns x1; Classic Seafood Paella x1,5300.00,636.00,85.00,6021.00,GCASH,PAID,COMPLETED,TXN-GCA-81470496
ORD-20260911-03677-9DB0C,2026-09-11 10:38:16,ON_SITE,Dingdong Dantes,Seafood Bilao Feast x2; Sweet & Chili Crab Bucket x1,6750.00,810.00,0.00,7560.00,CASH,FAILED,CANCELLED,N/A
ORD-20260911-02996-77C72,2026-09-11 11:04:34,ON_SITE,Dindo Dela Cruz,Grilled Seafood Platter x1,2100.00,252.00,0.00,2352.00,GCASH,PAID,COMPLETED,TXN-GCA-29409828
ORD-20260911-03354-A9303,2026-09-11 11:12:52,ON_SITE,Giselle Hernandez,Crispy Seafood Basket x1; Grilled Seafood Platter x2; Seafood Bilao Feast x2,9980.00,1197.60,0.00,11177.60,CASH,PAID,COMPLETED,TXN-CAS-58743191
ORD-20260911-01016-D61B9,2026-09-11 11:13:02,ONLINE,Juan Tamad,Classic Seafood Paella x1,1650.00,198.00,85.00,1933.00,GCASH,PAID,COMPLETED,TXN-GCA-47418032
ORD-20260911-02043-51410,2026-09-11 11:15:34,ONLINE,Lisa Manoban,Seafood Bilao Feast x1; Grilled Seafood Platter x2,6600.00,792.00,50.00,7442.00,GCASH,PENDING,CANCELLED,N/A
ORD-20260911-00761-4CB09,2026-09-11 11:15:52,ON_SITE,Ana Reyes,Seafood Cajun Boil x1; Grilled Seafood Platter x1; Classic Seafood Paella x1; Garlic Butter Prawns x1,6850.00,822.00,0.00,7672.00,MAYA,PAID,COMPLETED,TXN-MAY-86373331
ORD-20260911-03993-CA6A4,2026-09-11 11:16:39,ON_SITE,Clara Dizon,Seafood Bilao Feast x1,2400.00,288.00,0.00,2688.00,SPLIT (Cash + GCash),PAID,COMPLETED,TXN-SPL-12161071
ORD-20260911-02286-8381E,2026-09-11 11:17:41,ON_SITE,Matteo Guidicelli,Seafood Cajun Boil x1; Classic Seafood Paella x2,5150.00,618.00,0.00,5768.00,CASH,PAID,COMPLETED,TXN-CAS-40130034
ORD-20260911-03608-836D7,2026-09-11 11:31:45,ON_SITE,Pedro Penduko,Crispy Seafood Basket x1; Grilled Seafood Platter x1,3080.00,369.60,0.00,3449.60,GCASH,PENDING,IN_PROCESS,N/A
ORD-20260911-03800-9A531,2026-09-11 11:31:58,ONLINE,Juan Tamad,Grilled Seafood Platter x2,4200.00,504.00,85.00,4789.00,HYBRID (Cash + GCash),PAID,COMPLETED,TXN-HYB-54591738
ORD-20260911-03520-22AF8,2026-09-11 11:40:54,ON_SITE,Joshua Garcia,Crispy Seafood Basket x1; Seafood Bilao Feast x1; Fresh Calamansi Juice Pitcher x1,3660.00,439.20,0.00,4099.20,GCASH,PAID,COMPLETED,TXN-GCA-43245572
ORD-20260911-02028-4845F,2026-09-11 11:58:13,ON_SITE,Sarah Geronimo,Sweet & Chili Crab Bucket x1,1950.00,234.00,0.00,2184.00,SPLIT (Cash + GCash),PAID,COMPLETED,TXN-SPL-23834179
ORD-20260911-04229-B8BE5,2026-09-11 12:03:44,ON_SITE,Clara Dizon,Crispy Seafood Basket x1; Garlic Butter Prawns x1; Grilled Seafood Platter x3,8530.00,1023.60,0.00,9553.60,HYBRID (Cash + GCash),PAID,COMPLETED,TXN-HYB-50085120
ORD-20260911-04473-F049C,2026-09-11 12:15:45,ON_SITE,Ana Reyes,Crispy Seafood Basket x1; Grilled Seafood Platter x2,5180.00,621.60,0.00,5801.60,CASH,PAID,COMPLETED,TXN-CAS-54529199
ORD-20260911-00241-CFC00,2026-09-11 12:19:42,ONLINE,Ana Reyes,Fresh Calamansi Juice Pitcher x1; Sweet & Chili Crab Bucket x1,2230.00,267.60,75.00,2572.60,CASH,PAID,COMPLETED,TXN-CAS-82351383
ORD-20260911-00431-965C5,2026-09-11 12:26:15,ON_SITE,Katrina Halili,Fresh Calamansi Juice Pitcher x1; Sweet & Chili Crab Bucket x1; Grilled Seafood Platter x1,4330.00,519.60,0.00,4849.60,GCASH,PAID,COMPLETED,TXN-GCA-87076233
ORD-20260911-03710-CB90D,2026-09-11 12:34:57,ON_SITE,Katrina Halili,Classic Seafood Paella x1,1650.00,198.00,0.00,1848.00,CASH,PAID,COMPLETED,TXN-CAS-23677257
ORD-20260911-00648-04A67,2026-09-11 12:35:13,ON_SITE,Lisa Manoban,Garlic Butter Prawns x2; Classic Seafood Paella x1; Seafood Cajun Boil x1,6000.00,720.00,0.00,6720.00,CASH,PAID,COMPLETED,TXN-CAS-16498672
ORD-20260911-02939-2CDF7,2026-09-11 12:39:18,ON_SITE,Mark Bautista,Classic Seafood Paella x2; Crispy Seafood Basket x1; Fresh Calamansi Juice Pitcher x1,4560.00,547.20,0.00,5107.20,CASH,PAID,COMPLETED,TXN-CAS-93340776
ORD-20260911-03145-ED9E9,2026-09-11 12:50:35,ON_SITE,Mark Bautista,Grilled Seafood Platter x1; Fresh Calamansi Juice Pitcher x1,2380.00,285.60,0.00,2665.60,CASH,PAID,COMPLETED,TXN-CAS-49007056
ORD-20260911-00138-D4E19,2026-09-11 12:54:37,ON_SITE,Sarah Geronimo,Seafood Bilao Feast x1,2400.00,288.00,0.00,2688.00,CASH,PAID,COMPLETED,TXN-CAS-26174135
ORD-20260911-03891-D71A4,2026-09-11 13:03:08,ONLINE,Clara Dizon,Garlic Butter Prawns x1,1250.00,150.00,85.00,1485.00,SPLIT (Cash + GCash),REFUNDED,CANCELLED,N/A
ORD-20260911-03361-B8A3C,2026-09-11 13:18:25,ON_SITE,Kathryn Bernardo,Fresh Calamansi Juice Pitcher x1; Classic Seafood Paella x1,1930.00,231.60,0.00,2161.60,CASH,PAID,COMPLETED,TXN-CAS-41685769
ORD-20260911-00931-D64A3,2026-09-11 13:27:23,ONLINE,Pedro Penduko,Seafood Bilao Feast x1; Sweet & Chili Crab Bucket x1,4350.00,522.00,100.00,4972.00,GCASH,PAID,COMPLETED,TXN-GCA-62856619
ORD-20260911-02282-87C15,2026-09-11 13:29:42,ON_SITE,Lisa Manoban,Garlic Butter Prawns x1,1250.00,150.00,0.00,1400.00,GCASH,PAID,COMPLETED,TXN-GCA-59429997
ORD-20260911-01598-7F0FB,2026-09-11 13:32:47,ONLINE,Mark Bautista,Garlic Butter Prawns x2; Classic Seafood Paella x1,4150.00,498.00,60.00,4708.00,GCASH,PAID,COMPLETED,TXN-GCA-42922955
ORD-20260911-00932-99D65,2026-09-11 13:53:41,ON_SITE,Ana Reyes,Garlic Butter Prawns x2; Seafood Cajun Boil x2; Fresh Calamansi Juice Pitcher x2,6760.00,811.20,0.00,7571.20,CASH,PENDING,IN_PROCESS,N/A
ORD-20260911-03730-1F49D,2026-09-11 14:08:45,ON_SITE,Sarah Geronimo,Crispy Seafood Basket x1,980.00,117.60,0.00,1097.60,CASH,PAID,COMPLETED,TXN-CAS-84250721
ORD-20260911-01705-A790A,2026-09-11 14:09:21,ONLINE,Mark Bautista,Crispy Seafood Basket x1; Seafood Cajun Boil x3; Sweet & Chili Crab Bucket x1,8480.00,1017.60,60.00,9557.60,SPLIT (Cash + GCash),PAID,IN_PROCESS,TXN-SPL-55304881
ORD-20260911-04559-A9D4D,2026-09-11 14:14:03,ON_SITE,Katrina Halili,Crispy Seafood Basket x1; Seafood Cajun Boil x1,2830.00,339.60,0.00,3169.60,SPLIT (Cash + GCash),PAID,COMPLETED,TXN-SPL-40097051
ORD-20260911-01751-7A759,2026-09-11 14:16:56,ON_SITE,Carlos Mendoza,Crispy Seafood Basket x1; Sweet & Chili Crab Bucket x1,2930.00,351.60,0.00,3281.60,CASH,PAID,COMPLETED,TXN-CAS-36542072
ORD-20260911-04611-ED34E,2026-09-11 14:23:36,ONLINE,Juan Tamad,Seafood Cajun Boil x1,1850.00,222.00,75.00,2147.00,SPLIT (Cash + GCash),PAID,COMPLETED,TXN-SPL-49233074
ORD-20260911-04285-CF0E3,2026-09-11 14:25:46,ONLINE,Pedro Penduko,Grilled Seafood Platter x1; Classic Seafood Paella x1,3750.00,450.00,85.00,4285.00,GCASH,PAID,COMPLETED,TXN-GCA-84334794
ORD-20260911-00371-0F76D,2026-09-11 14:46:29,ONLINE,Mark Bautista,Sweet & Chili Crab Bucket x1; Classic Seafood Paella x1,3600.00,432.00,120.00,4152.00,CASH,PENDING,CANCELLED,N/A
ORD-20260911-03963-96E9D,2026-09-11 14:59:43,ON_SITE,Katrina Halili,Fresh Calamansi Juice Pitcher x3; Crispy Seafood Basket x1,1820.00,218.40,0.00,2038.40,CASH,PAID,COMPLETED,TXN-CAS-60639590
ORD-20260911-03296-87EE9,2026-09-11 15:01:38,ONLINE,Pedro Penduko,Fresh Calamansi Juice Pitcher x1; Seafood Cajun Boil x1; Crispy Seafood Basket x1,3110.00,373.20,85.00,3568.20,HYBRID (Cash + GCash),PAID,COMPLETED,TXN-HYB-17265297
ORD-20260911-04632-B5C0F,2026-09-11 15:04:51,ON_SITE,Clara Dizon,Crispy Seafood Basket x2; Garlic Butter Prawns x1; Grilled Seafood Platter x1,5310.00,637.20,0.00,5947.20,CASH,PAID,COMPLETED,TXN-CAS-36884869
ORD-20260911-04402-94C0D,2026-09-11 15:21:19,ONLINE,Mark Bautista,Grilled Seafood Platter x1; Crispy Seafood Basket x1; Sweet & Chili Crab Bucket x1,5030.00,603.60,85.00,5718.60,COD,PAID,COMPLETED,TXN-COD-45496317
ORD-20260911-00501-48D6C,2026-09-11 15:25:46,ON_SITE,Bea Alonzo,Seafood Bilao Feast x1; Grilled Seafood Platter x2,6600.00,792.00,0.00,7392.00,CASH,PAID,COMPLETED,TXN-CAS-94977262
ORD-20260911-01830-17404,2026-09-11 15:29:43,ON_SITE,Katrina Halili,Garlic Butter Prawns x3; Sweet & Chili Crab Bucket x1; Seafood Cajun Boil x1,7550.00,906.00,0.00,8456.00,CASH,PAID,IN_PROCESS,TXN-CAS-55908759
ORD-20260911-00488-9A6D5,2026-09-11 15:37:16,ON_SITE,Ferdinand Marcos,Garlic Butter Prawns x3; Classic Seafood Paella x1,5400.00,648.00,0.00,6048.00,GCASH,PAID,COMPLETED,TXN-GCA-18859046
ORD-20260911-00739-42230,2026-09-11 15:46:55,ONLINE,Mark Bautista,Grilled Seafood Platter x2; Fresh Calamansi Juice Pitcher x1,4480.00,537.60,75.00,5092.60,GCASH,PAID,COMPLETED,TXN-GCA-16324711
ORD-20260911-01127-D12E0,2026-09-11 15:52:36,ONLINE,Lisa Manoban,Seafood Bilao Feast x1,2400.00,288.00,50.00,2738.00,GCASH,PAID,COMPLETED,TXN-GCA-37651268
ORD-20260911-02852-47CD8,2026-09-11 16:02:39,ONLINE,Mark Bautista,Garlic Butter Prawns x1,1250.00,150.00,85.00,1485.00,GCASH,PAID,COMPLETED,TXN-GCA-95230249
ORD-20260911-01197-E6465,2026-09-11 16:13:43,ONLINE,Mark Bautista,Crispy Seafood Basket x2,1960.00,235.20,60.00,2255.20,HYBRID (Cash + GCash),PAID,COMPLETED,TXN-HYB-68790589
ORD-20260911-00562-8505F,2026-09-11 16:20:16,ON_SITE,Ramon Magsaysay Jr.,Garlic Butter Prawns x2,2500.00,300.00,0.00,2800.00,GCASH,PAID,COMPLETED,TXN-GCA-42890787
ORD-20260911-01915-C96BE,2026-09-11 16:30:24,ONLINE,Ana Reyes,Classic Seafood Paella x1; Seafood Cajun Boil x1; Sweet & Chili Crab Bucket x2; Fresh Calamansi Juice Pitcher x1,7680.00,921.60,100.00,8701.60,HYBRID (Cash + GCash),PAID,COMPLETED,TXN-HYB-70772836
ORD-20260911-04802-5E8C5,2026-09-11 16:32:41,ON_SITE,Matteo Guidicelli,Crispy Seafood Basket x3; Sweet & Chili Crab Bucket x1; Grilled Seafood Platter x1,6990.00,838.80,0.00,7828.80,GCASH,PAID,COMPLETED,TXN-GCA-81222459
ORD-20260911-01120-2154A,2026-09-11 16:54:36,ON_SITE,Dindo Dela Cruz,Grilled Seafood Platter x1; Crispy Seafood Basket x1; Fresh Calamansi Juice Pitcher x1; Garlic Butter Prawns x1,4610.00,553.20,0.00,5163.20,CASH,PENDING,IN_PROCESS,N/A
ORD-20260911-02636-C2BEB,2026-09-11 17:00:57,ONLINE,Pedro Penduko,Crispy Seafood Basket x2; Seafood Cajun Boil x2,5660.00,679.20,85.00,6424.20,GCASH,PAID,COMPLETED,TXN-GCA-57846443
ORD-20260911-02804-3BBE6,2026-09-11 17:01:26,ON_SITE,Pedro Penduko,Classic Seafood Paella x1,1650.00,198.00,0.00,1848.00,GCASH,PAID,COMPLETED,TXN-GCA-66359355
ORD-20260911-02021-CACF9,2026-09-11 17:03:33,ON_SITE,Ramon Magsaysay Jr.,Sweet & Chili Crab Bucket x1,1950.00,234.00,0.00,2184.00,HYBRID (Cash + GCash),PAID,COMPLETED,TXN-HYB-68696191
ORD-20260911-01226-0BCA0,2026-09-11 17:03:35,ON_SITE,Juan Tamad,Grilled Seafood Platter x1; Seafood Cajun Boil x1,3950.00,474.00,0.00,4424.00,GCASH,PAID,COMPLETED,TXN-GCA-10416260
ORD-20260911-00147-F78BE,2026-09-11 17:07:20,ON_SITE,Sarah Geronimo,Seafood Bilao Feast x1,2400.00,288.00,0.00,2688.00,HYBRID (Cash + GCash),PAID,COMPLETED,TXN-HYB-42197878
ORD-20260911-00980-491A7,2026-09-11 17:34:30,ONLINE,Mark Bautista,Sweet & Chili Crab Bucket x1; Fresh Calamansi Juice Pitcher x1,2230.00,267.60,120.00,2617.60,GCASH,PAID,IN_PROCESS,TXN-GCA-37945576
ORD-20260911-02177-317D8,2026-09-11 17:36:35,ONLINE,Juan Tamad,Garlic Butter Prawns x1; Sweet & Chili Crab Bucket x1,3200.00,384.00,100.00,3684.00,MAYA,PAID,COMPLETED,TXN-MAY-11128918
ORD-20260911-00363-FBD89,2026-09-11 18:00:53,ON_SITE,Carlos Mendoza,Fresh Calamansi Juice Pitcher x1; Classic Seafood Paella x1,1930.00,231.60,0.00,2161.60,CASH,PAID,COMPLETED,TXN-CAS-11811140
ORD-20260911-01417-B717D,2026-09-11 18:03:05,ON_SITE,Alden Richards,Classic Seafood Paella x3; Sweet & Chili Crab Bucket x1; Fresh Calamansi Juice Pitcher x2,7460.00,895.20,0.00,8355.20,CASH,PAID,COMPLETED,TXN-CAS-81829791
ORD-20260911-04357-08612,2026-09-11 18:04:42,ON_SITE,Ferdinand Marcos,Crispy Seafood Basket x3; Sweet & Chili Crab Bucket x1; Garlic Butter Prawns x1; Grilled Seafood Platter x1,8240.00,988.80,0.00,9228.80,GCASH,PAID,COMPLETED,TXN-GCA-15771917
ORD-20260911-01806-9AC23,2026-09-11 18:05:40,ON_SITE,Daniel Padilla,Garlic Butter Prawns x1,1250.00,150.00,0.00,1400.00,HYBRID (Cash + GCash),PAID,COMPLETED,TXN-HYB-63119659
ORD-20260911-03791-EA386,2026-09-11 18:38:59,ON_SITE,Pedro Penduko,Crispy Seafood Basket x1,980.00,117.60,0.00,1097.60,CASH,PAID,COMPLETED,TXN-CAS-45069753
ORD-20260911-04705-5EBCE,2026-09-11 19:07:25,ONLINE,Mark Bautista,Sweet & Chili Crab Bucket x1; Grilled Seafood Platter x1,4050.00,486.00,75.00,4611.00,SPLIT (Cash + GCash),REFUNDED,CANCELLED,N/A
ORD-20260911-00035-4E21D,2026-09-11 19:24:31,ONLINE,Juan Tamad,Fresh Calamansi Juice Pitcher x2,560.00,67.20,75.00,702.20,GCASH,PAID,COMPLETED,TXN-GCA-36204628
ORD-20260911-03774-6D5FF,2026-09-11 19:34:22,ONLINE,Clara Dizon,Garlic Butter Prawns x2; Grilled Seafood Platter x1; Classic Seafood Paella x1,6250.00,750.00,85.00,7085.00,HYBRID (Cash + GCash),PAID,COMPLETED,TXN-HYB-47916347
ORD-20260911-04799-B16E3,2026-09-11 19:34:29,ONLINE,Ana Reyes,Grilled Seafood Platter x1,2100.00,252.00,120.00,2472.00,GCASH,PAID,COMPLETED,TXN-GCA-73067198
ORD-20260911-02128-5E38B,2026-09-11 19:49:08,ONLINE,Clara Dizon,Garlic Butter Prawns x3; Sweet & Chili Crab Bucket x1,5700.00,684.00,100.00,6484.00,HYBRID (Cash + GCash),PAID,COMPLETED,TXN-HYB-96511673
ORD-20260911-03182-C5969,2026-09-11 19:58:41,ONLINE,Ana Reyes,Classic Seafood Paella x1,1650.00,198.00,120.00,1968.00,GCASH,PAID,COMPLETED,TXN-GCA-32458043
ORD-20260911-03203-91B37,2026-09-11 20:03:22,ONLINE,Clara Dizon,Seafood Cajun Boil x3; Fresh Calamansi Juice Pitcher x2,6110.00,733.20,85.00,6928.20,CASH,PAID,COMPLETED,TXN-CAS-75837013
ORD-20260911-04103-24B06,2026-09-11 20:08:41,ON_SITE,Bea Alonzo,Garlic Butter Prawns x2; Crispy Seafood Basket x1; Classic Seafood Paella x1,5130.00,615.60,0.00,5745.60,CASH,PAID,COMPLETED,TXN-CAS-18477789
ORD-20260911-02896-B7881,2026-09-11 20:16:57,ONLINE,Clara Dizon,Sweet & Chili Crab Bucket x1,1950.00,234.00,120.00,2304.00,SPLIT (Cash + GCash),PAID,COMPLETED,TXN-SPL-67008505
ORD-20260911-00366-693CD,2026-09-11 20:37:37,ONLINE,Mark Bautista,Grilled Seafood Platter x1; Seafood Bilao Feast x1; Fresh Calamansi Juice Pitcher x3; Seafood Cajun Boil x2,9040.00,1084.80,100.00,10224.80,CASH,PAID,COMPLETED,TXN-CAS-94022521
ORD-20260911-03472-CF3F6,2026-09-11 20:47:03,ON_SITE,Bea Alonzo,Grilled Seafood Platter x1; Seafood Bilao Feast x1,4500.00,540.00,0.00,5040.00,GCASH,PAID,COMPLETED,TXN-GCA-63736232
ORD-20260911-02207-769D5,2026-09-11 20:51:01,ON_SITE,Lisa Manoban,Sweet & Chili Crab Bucket x1,1950.00,234.00,0.00,2184.00,HYBRID (Cash + GCash),PAID,COMPLETED,TXN-HYB-31382243
ORD-20260911-00299-519B8,2026-09-11 20:51:50,ON_SITE,Maria Clara Santos,Seafood Cajun Boil x2,3700.00,444.00,0.00,4144.00,HYBRID (Cash + GCash),PAID,COMPLETED,TXN-HYB-13819253
ORD-20260911-03337-92293,2026-09-11 21:16:47,ONLINE,Ana Reyes,Classic Seafood Paella x1,1650.00,198.00,75.00,1923.00,SPLIT (Cash + GCash),PAID,COMPLETED,TXN-SPL-65444418
ORD-20260911-01299-515A7,2026-09-11 21:30:18,ON_SITE,Pedro Penduko,Crispy Seafood Basket x1,980.00,117.60,0.00,1097.60,CASH,PAID,COMPLETED,TXN-CAS-27002193
ORD-20260911-04097-A9A17,2026-09-11 21:43:45,ONLINE,Pedro Penduko,Seafood Cajun Boil x3; Classic Seafood Paella x1,7200.00,864.00,75.00,8139.00,HYBRID (Cash + GCash),PAID,COMPLETED,TXN-HYB-35931310
ORD-20260911-04494-527ED,2026-09-11 21:44:01,ON_SITE,Carlos Mendoza,Classic Seafood Paella x2; Seafood Cajun Boil x1,5150.00,618.00,0.00,5768.00,SPLIT (Cash + GCash),PAID,COMPLETED,TXN-SPL-76179970
ORD-20260911-04470-C29EB,2026-09-11 21:48:32,ONLINE,Juan Tamad,Crispy Seafood Basket x2; Grilled Seafood Platter x1,4060.00,487.20,120.00,4667.20,GCASH,PAID,COMPLETED,TXN-GCA-55813083
ORD-20260911-02454-BE135,2026-09-11 21:50:19,ON_SITE,Dingdong Dantes,Seafood Cajun Boil x1,1850.00,222.00,0.00,2072.00,CASH,PENDING,IN_PROCESS,N/A
ORD-20260912-02442-AF656,2026-09-12 10:04:09,ONLINE,Clara Dizon,Grilled Seafood Platter x1; Sweet & Chili Crab Bucket x1; Crispy Seafood Basket x1,5030.00,603.60,75.00,5708.60,HYBRID (Cash + GCash),PAID,IN_PROCESS,TXN-HYB-66536459
ORD-20260912-03550-88DA8,2026-09-12 10:21:11,ON_SITE,Joshua Garcia,Fresh Calamansi Juice Pitcher x1,280.00,33.60,0.00,313.60,CASH,PAID,COMPLETED,TXN-CAS-55552896
ORD-20260912-04301-3D3C5,2026-09-12 10:24:17,ON_SITE,Ferdinand Marcos,Classic Seafood Paella x2; Crispy Seafood Basket x2; Grilled Seafood Platter x1,7360.00,883.20,0.00,8243.20,CASH,PAID,COMPLETED,TXN-CAS-92350798
ORD-20260912-02830-F579D,2026-09-12 10:25:35,ON_SITE,Mark Bautista,Fresh Calamansi Juice Pitcher x1,280.00,33.60,0.00,313.60,HYBRID (Cash + GCash),PAID,COMPLETED,TXN-HYB-90078789
ORD-20260912-00635-D6B0B,2026-09-12 10:27:09,ON_SITE,Maria Clara Santos,Fresh Calamansi Juice Pitcher x1; Seafood Bilao Feast x1,2680.00,321.60,0.00,3001.60,CASH,PAID,COMPLETED,TXN-CAS-77372251
ORD-20260912-03013-2D415,2026-09-12 10:40:06,ONLINE,Pedro Penduko,Seafood Bilao Feast x1,2400.00,288.00,60.00,2748.00,HYBRID (Cash + GCash),PAID,COMPLETED,TXN-HYB-25712855
ORD-20260912-02146-5EE12,2026-09-12 10:56:55,ONLINE,Mark Bautista,Grilled Seafood Platter x1; Seafood Cajun Boil x1,3950.00,474.00,100.00,4524.00,GCASH,PAID,COMPLETED,TXN-GCA-84409353
ORD-20260912-00695-40927,2026-09-12 11:00:03,ON_SITE,Ferdinand Marcos,Sweet & Chili Crab Bucket x1,1950.00,234.00,0.00,2184.00,CASH,PAID,COMPLETED,TXN-CAS-30614227
ORD-20260912-00475-9849E,2026-09-12 11:38:24,ON_SITE,Maria Clara Santos,Grilled Seafood Platter x1; Seafood Bilao Feast x1,4500.00,540.00,0.00,5040.00,GCASH,PAID,COMPLETED,TXN-GCA-12132247
ORD-20260912-02061-E3997,2026-09-12 11:40:34,ONLINE,Lisa Manoban,Fresh Calamansi Juice Pitcher x1; Seafood Cajun Boil x2,3980.00,477.60,85.00,4542.60,SPLIT (Cash + GCash),PAID,COMPLETED,TXN-SPL-86305105
ORD-20260912-00459-E8EF0,2026-09-12 11:41:42,ONLINE,Juan Tamad,Classic Seafood Paella x1; Garlic Butter Prawns x1; Fresh Calamansi Juice Pitcher x1,3180.00,381.60,50.00,3611.60,HYBRID (Cash + GCash),PAID,IN_PROCESS,TXN-HYB-27694846
ORD-20260912-00677-4CA2E,2026-09-12 11:42:33,ONLINE,Ana Reyes,Fresh Calamansi Juice Pitcher x1; Garlic Butter Prawns x2; Seafood Cajun Boil x1,4630.00,555.60,50.00,5235.60,HYBRID (Cash + GCash),PAID,COMPLETED,TXN-HYB-90524295
ORD-20260912-00420-51C72,2026-09-12 11:42:41,ON_SITE,Juan Tamad,Crispy Seafood Basket x1,980.00,117.60,0.00,1097.60,CASH,PAID,COMPLETED,TXN-CAS-70392963
ORD-20260912-03855-23682,2026-09-12 11:58:11,ONLINE,Ana Reyes,Seafood Bilao Feast x1; Crispy Seafood Basket x2; Sweet & Chili Crab Bucket x1,6310.00,757.20,60.00,7127.20,GCASH,PAID,COMPLETED,TXN-GCA-96882548
ORD-20260912-01239-EC625,2026-09-12 12:20:16,ON_SITE,Kathryn Bernardo,Grilled Seafood Platter x1; Sweet & Chili Crab Bucket x2,6000.00,720.00,0.00,6720.00,CASH,PAID,COMPLETED,TXN-CAS-41611233
ORD-20260912-00355-EAAED,2026-09-12 12:51:59,ON_SITE,Matteo Guidicelli,Fresh Calamansi Juice Pitcher x1; Crispy Seafood Basket x1; Seafood Cajun Boil x2,4960.00,595.20,0.00,5555.20,HYBRID (Cash + GCash),PENDING,IN_PROCESS,N/A
ORD-20260912-03563-73C5C,2026-09-12 12:55:06,ON_SITE,Marian Rivera,Sweet & Chili Crab Bucket x2,3900.00,468.00,0.00,4368.00,SPLIT (Cash + GCash),PAID,COMPLETED,TXN-SPL-27691264
ORD-20260912-04915-4FA7F,2026-09-12 13:04:02,ON_SITE,Pedro Penduko,Seafood Cajun Boil x1,1850.00,222.00,0.00,2072.00,HYBRID (Cash + GCash),PAID,COMPLETED,TXN-HYB-84947106
ORD-20260912-04601-7ECD8,2026-09-12 13:19:38,ON_SITE,Lisa Manoban,Seafood Bilao Feast x2; Fresh Calamansi Juice Pitcher x2; Garlic Butter Prawns x1,6610.00,793.20,0.00,7403.20,CASH,PAID,COMPLETED,TXN-CAS-32678117
ORD-20260912-03105-0DE97,2026-09-12 13:20:56,ON_SITE,Mark Bautista,Sweet & Chili Crab Bucket x1; Garlic Butter Prawns x1,3200.00,384.00,0.00,3584.00,CASH,PAID,COMPLETED,TXN-CAS-74205116
ORD-20260912-04593-BF847,2026-09-12 13:40:21,ONLINE,Mark Bautista,Seafood Cajun Boil x1; Sweet & Chili Crab Bucket x1,3800.00,456.00,120.00,4376.00,GCASH,PAID,COMPLETED,TXN-GCA-79867893
ORD-20260912-04687-3592C,2026-09-12 13:47:51,ONLINE,Lisa Manoban,Fresh Calamansi Juice Pitcher x2; Crispy Seafood Basket x1; Sweet & Chili Crab Bucket x1; Seafood Bilao Feast x1,5890.00,706.80,75.00,6671.80,COD,PAID,COMPLETED,TXN-COD-52749596
ORD-20260912-01019-DD7BA,2026-09-12 13:50:51,ON_SITE,Kathryn Bernardo,Sweet & Chili Crab Bucket x1; Seafood Cajun Boil x1,3800.00,456.00,0.00,4256.00,GCASH,PAID,IN_PROCESS,TXN-GCA-54609932
ORD-20260912-04020-8C72B,2026-09-12 13:58:05,ON_SITE,Marian Rivera,Fresh Calamansi Juice Pitcher x1,280.00,33.60,0.00,313.60,CASH,PAID,COMPLETED,TXN-CAS-89311157
ORD-20260912-01049-A3186,2026-09-12 13:58:28,ON_SITE,Ferdinand Marcos,Fresh Calamansi Juice Pitcher x1,280.00,33.60,0.00,313.60,GCASH,PAID,COMPLETED,TXN-GCA-82491996
ORD-20260912-02651-7B762,2026-09-12 13:59:44,ON_SITE,Juan Tamad,Seafood Bilao Feast x1; Sweet & Chili Crab Bucket x1; Grilled Seafood Platter x1,6450.00,774.00,0.00,7224.00,GCASH,PAID,COMPLETED,TXN-GCA-50007710
ORD-20260912-01481-EF65D,2026-09-12 14:10:15,ONLINE,Lisa Manoban,Seafood Bilao Feast x2,4800.00,576.00,100.00,5476.00,COD,PAID,COMPLETED,TXN-COD-90909490
ORD-20260912-02907-BFDD1,2026-09-12 14:28:14,ONLINE,Clara Dizon,Garlic Butter Prawns x1; Seafood Cajun Boil x2,4950.00,594.00,100.00,5644.00,SPLIT (Cash + GCash),PAID,COMPLETED,TXN-SPL-45891747
ORD-20260912-04987-223E9,2026-09-12 14:29:30,ONLINE,Clara Dizon,Grilled Seafood Platter x1,2100.00,252.00,75.00,2427.00,GCASH,PAID,COMPLETED,TXN-GCA-13996921
ORD-20260912-03483-AF18E,2026-09-12 14:35:57,ON_SITE,Marian Rivera,Seafood Bilao Feast x3; Fresh Calamansi Juice Pitcher x1,7480.00,897.60,0.00,8377.60,SPLIT (Cash + GCash),PAID,COMPLETED,TXN-SPL-23577599
ORD-20260912-02097-144D2,2026-09-12 15:14:14,ON_SITE,Pedro Penduko,Garlic Butter Prawns x1; Seafood Bilao Feast x3,8450.00,1014.00,0.00,9464.00,CASH,PAID,COMPLETED,TXN-CAS-80335961
ORD-20260912-00070-94AEA,2026-09-12 15:17:38,ONLINE,Pedro Penduko,Sweet & Chili Crab Bucket x1; Classic Seafood Paella x1,3600.00,432.00,120.00,4152.00,GCASH,PAID,COMPLETED,TXN-GCA-19314158
ORD-20260912-04418-0EC4A,2026-09-12 15:27:42,ONLINE,Clara Dizon,Crispy Seafood Basket x1; Fresh Calamansi Juice Pitcher x1,1260.00,151.20,85.00,1496.20,GCASH,PAID,COMPLETED,TXN-GCA-72554548
ORD-20260912-01313-C0813,2026-09-12 15:44:43,ONLINE,Mark Bautista,Seafood Cajun Boil x1; Garlic Butter Prawns x2,4350.00,522.00,60.00,4932.00,CASH,PAID,COMPLETED,TXN-CAS-35869169
ORD-20260912-04553-F8B7E,2026-09-12 15:47:02,ONLINE,Ana Reyes,Garlic Butter Prawns x2,2500.00,300.00,120.00,2920.00,SPLIT (Cash + GCash),PAID,COMPLETED,TXN-SPL-31380293
ORD-20260912-02866-CDB95,2026-09-12 15:52:02,ONLINE,Mark Bautista,Seafood Bilao Feast x1; Seafood Cajun Boil x1,4250.00,510.00,100.00,4860.00,GCASH,PAID,COMPLETED,TXN-GCA-40604632
ORD-20260912-01037-5B12B,2026-09-12 16:08:39,ON_SITE,Katrina Halili,Seafood Cajun Boil x1,1850.00,222.00,0.00,2072.00,CASH,PAID,COMPLETED,TXN-CAS-10001356
ORD-20260912-03615-2104A,2026-09-12 16:10:44,ON_SITE,Ferdinand Marcos,Seafood Bilao Feast x2; Sweet & Chili Crab Bucket x1,6750.00,810.00,0.00,7560.00,CASH,PAID,COMPLETED,TXN-CAS-13997056
ORD-20260912-04503-2DEEE,2026-09-12 16:13:50,ON_SITE,Ramon Magsaysay Jr.,Crispy Seafood Basket x1; Seafood Bilao Feast x1,3380.00,405.60,0.00,3785.60,HYBRID (Cash + GCash),PAID,COMPLETED,TXN-HYB-48184027
ORD-20260912-02536-B9BA0,2026-09-12 16:20:11,ONLINE,Clara Dizon,Seafood Bilao Feast x1; Garlic Butter Prawns x2,4900.00,588.00,60.00,5548.00,GCASH,PAID,COMPLETED,TXN-GCA-84086903
ORD-20260912-04758-5C221,2026-09-12 16:31:38,ON_SITE,Marian Rivera,Fresh Calamansi Juice Pitcher x1; Crispy Seafood Basket x1; Grilled Seafood Platter x1,3360.00,403.20,0.00,3763.20,CASH,PAID,COMPLETED,TXN-CAS-22759782
ORD-20260912-01936-042E1,2026-09-12 17:18:26,ON_SITE,Lisa Manoban,Seafood Cajun Boil x3,5550.00,666.00,0.00,6216.00,GCASH,PAID,COMPLETED,TXN-GCA-89449712
ORD-20260912-02893-EA351,2026-09-12 17:35:03,ONLINE,Mark Bautista,Seafood Bilao Feast x1,2400.00,288.00,85.00,2773.00,SPLIT (Cash + GCash),PAID,COMPLETED,TXN-SPL-11217134
ORD-20260912-00243-40208,2026-09-12 17:36:20,ONLINE,Ana Reyes,Garlic Butter Prawns x1,1250.00,150.00,85.00,1485.00,GCASH,PAID,COMPLETED,TXN-GCA-34613874
ORD-20260912-02270-5328F,2026-09-12 17:37:53,ONLINE,Mark Bautista,Seafood Bilao Feast x1; Fresh Calamansi Juice Pitcher x1,2680.00,321.60,75.00,3076.60,MAYA,PAID,COMPLETED,TXN-MAY-43854969
ORD-20260912-01030-23FBB,2026-09-12 17:44:08,ON_SITE,Mark Bautista,Classic Seafood Paella x1,1650.00,198.00,0.00,1848.00,GCASH,PAID,COMPLETED,TXN-GCA-97409376
ORD-20260912-04918-C00C5,2026-09-12 17:50:57,ONLINE,Juan Tamad,Fresh Calamansi Juice Pitcher x2,560.00,67.20,100.00,727.20,GCASH,FAILED,CANCELLED,N/A
ORD-20260912-02954-D574B,2026-09-12 17:52:42,ONLINE,Lisa Manoban,Grilled Seafood Platter x1,2100.00,252.00,85.00,2437.00,GCASH,PENDING,CANCELLED,N/A
ORD-20260912-03641-2DAAF,2026-09-12 18:10:38,ONLINE,Ana Reyes,Garlic Butter Prawns x2; Classic Seafood Paella x1; Grilled Seafood Platter x1; Seafood Bilao Feast x1,8650.00,1038.00,60.00,9748.00,GCASH,PAID,COMPLETED,TXN-GCA-51251648
ORD-20260912-03546-0A820,2026-09-12 18:25:17,ON_SITE,Mark Bautista,Crispy Seafood Basket x1; Sweet & Chili Crab Bucket x1; Garlic Butter Prawns x1; Grilled Seafood Platter x2,8380.00,1005.60,0.00,9385.60,MAYA,PAID,COMPLETED,TXN-MAY-96177204
ORD-20260912-01762-44419,2026-09-12 18:29:51,ONLINE,Ana Reyes,Classic Seafood Paella x1,1650.00,198.00,85.00,1933.00,GCASH,PAID,COMPLETED,TXN-GCA-16021927
ORD-20260912-02195-C8405,2026-09-12 18:34:54,ONLINE,Pedro Penduko,Crispy Seafood Basket x1; Classic Seafood Paella x2,4280.00,513.60,85.00,4878.60,SPLIT (Cash + GCash),PAID,COMPLETED,TXN-SPL-75282484
ORD-20260912-04382-EEB09,2026-09-12 18:36:21,ON_SITE,Katrina Halili,Classic Seafood Paella x1,1650.00,198.00,0.00,1848.00,CASH,PAID,COMPLETED,TXN-CAS-27133212
ORD-20260912-02578-2477E,2026-09-12 18:38:46,ON_SITE,Juan Tamad,Classic Seafood Paella x1; Fresh Calamansi Juice Pitcher x2,2210.00,265.20,0.00,2475.20,GCASH,PAID,COMPLETED,TXN-GCA-42820948
ORD-20260912-01639-F233E,2026-09-12 18:50:41,ON_SITE,Matteo Guidicelli,Sweet & Chili Crab Bucket x1,1950.00,234.00,0.00,2184.00,HYBRID (Cash + GCash),PAID,COMPLETED,TXN-HYB-11307169
ORD-20260912-01995-A41A6,2026-09-12 18:52:13,ON_SITE,Daniel Padilla,Seafood Bilao Feast x1; Seafood Cajun Boil x1,4250.00,510.00,0.00,4760.00,HYBRID (Cash + GCash),PAID,COMPLETED,TXN-HYB-87966562
ORD-20260912-01159-D7DB8,2026-09-12 18:57:02,ONLINE,Pedro Penduko,Garlic Butter Prawns x1; Sweet & Chili Crab Bucket x1,3200.00,384.00,100.00,3684.00,GCASH,PAID,COMPLETED,TXN-GCA-22917710
ORD-20260912-04966-809D2,2026-09-12 19:00:29,ON_SITE,Katrina Halili,Sweet & Chili Crab Bucket x1; Crispy Seafood Basket x1; Seafood Bilao Feast x3; Classic Seafood Paella x1,11780.00,1413.60,0.00,13193.60,CASH,PAID,COMPLETED,TXN-CAS-36091260
ORD-20260912-03816-13A40,2026-09-12 19:03:58,ONLINE,Ana Reyes,Sweet & Chili Crab Bucket x3,5850.00,702.00,120.00,6672.00,SPLIT (Cash + GCash),PAID,COMPLETED,TXN-SPL-16722041
ORD-20260912-00514-81809,2026-09-12 19:13:04,ON_SITE,Sarah Geronimo,Crispy Seafood Basket x1,980.00,117.60,0.00,1097.60,GCASH,PAID,COMPLETED,TXN-GCA-14137279
ORD-20260912-02005-1C42D,2026-09-12 19:16:35,ON_SITE,Ramon Magsaysay Jr.,Fresh Calamansi Juice Pitcher x1,280.00,33.60,0.00,313.60,CASH,REFUNDED,CANCELLED,N/A
ORD-20260912-00269-91D37,2026-09-12 19:27:43,ON_SITE,Carlos Mendoza,Seafood Bilao Feast x1; Crispy Seafood Basket x1; Classic Seafood Paella x1,5030.00,603.60,0.00,5633.60,SPLIT (Cash + GCash),PAID,COMPLETED,TXN-SPL-85421258
ORD-20260912-02551-D20AD,2026-09-12 19:35:48,ON_SITE,Maria Clara Santos,Classic Seafood Paella x1; Seafood Bilao Feast x2,6450.00,774.00,0.00,7224.00,GCASH,PAID,COMPLETED,TXN-GCA-82659410
ORD-20260912-02053-838C2,2026-09-12 19:39:52,ONLINE,Mark Bautista,Sweet & Chili Crab Bucket x3,5850.00,702.00,120.00,6672.00,GCASH,PAID,COMPLETED,TXN-GCA-42744623
ORD-20260912-03308-5F813,2026-09-12 19:42:42,ONLINE,Pedro Penduko,Seafood Bilao Feast x2,4800.00,576.00,85.00,5461.00,COD,PAID,COMPLETED,TXN-COD-94295927
ORD-20260912-02233-07CFB,2026-09-12 19:54:52,ONLINE,Juan Tamad,Garlic Butter Prawns x1,1250.00,150.00,100.00,1500.00,GCASH,PENDING,CANCELLED,N/A
ORD-20260912-04395-FA541,2026-09-12 19:59:04,ON_SITE,Matteo Guidicelli,Classic Seafood Paella x2,3300.00,396.00,0.00,3696.00,CASH,PAID,COMPLETED,TXN-CAS-52614894
ORD-20260912-04861-66398,2026-09-12 20:00:51,ONLINE,Mark Bautista,Seafood Bilao Feast x1,2400.00,288.00,120.00,2808.00,MAYA,PAID,COMPLETED,TXN-MAY-63840037
ORD-20260912-03044-E95A8,2026-09-12 20:01:17,ON_SITE,Dingdong Dantes,Fresh Calamansi Juice Pitcher x2; Seafood Cajun Boil x1; Seafood Bilao Feast x2; Grilled Seafood Platter x1,9310.00,1117.20,0.00,10427.20,HYBRID (Cash + GCash),PAID,COMPLETED,TXN-HYB-51379464
ORD-20260912-03596-14400,2026-09-12 20:08:14,ONLINE,Lisa Manoban,Garlic Butter Prawns x1,1250.00,150.00,75.00,1475.00,GCASH,PAID,COMPLETED,TXN-GCA-43038617
ORD-20260912-03948-23F9B,2026-09-12 20:15:26,ON_SITE,Juan Tamad,Crispy Seafood Basket x1,980.00,117.60,0.00,1097.60,HYBRID (Cash + GCash),PENDING,CANCELLED,N/A
ORD-20260912-02811-5F2AD,2026-09-12 20:23:30,ONLINE,Ana Reyes,Crispy Seafood Basket x1,980.00,117.60,75.00,1172.60,GCASH,PAID,COMPLETED,TXN-GCA-56722035
ORD-20260912-02965-5956C,2026-09-12 20:32:02,ONLINE,Mark Bautista,Crispy Seafood Basket x2; Seafood Bilao Feast x3,9160.00,1099.20,100.00,10359.20,GCASH,PAID,COMPLETED,TXN-GCA-20699449
ORD-20260912-00611-650DA,2026-09-12 20:33:07,ONLINE,Clara Dizon,Seafood Cajun Boil x1,1850.00,222.00,50.00,2122.00,MAYA,PAID,COMPLETED,TXN-MAY-77924762
ORD-20260912-00821-67BB3,2026-09-12 20:37:12,ONLINE,Ana Reyes,Seafood Cajun Boil x1; Fresh Calamansi Juice Pitcher x1,2130.00,255.60,85.00,2470.60,GCASH,PAID,COMPLETED,TXN-GCA-30127958
ORD-20260912-04445-A6A51,2026-09-12 21:39:23,ONLINE,Clara Dizon,Sweet & Chili Crab Bucket x1; Fresh Calamansi Juice Pitcher x1,2230.00,267.60,50.00,2547.60,COD,PAID,COMPLETED,TXN-COD-41718223
ORD-20260912-04841-06DD2,2026-09-12 21:57:44,ONLINE,Mark Bautista,Grilled Seafood Platter x3,6300.00,756.00,50.00,7106.00,HYBRID (Cash + GCash),PAID,COMPLETED,TXN-HYB-49985193
ORD-20260913-00367-578F8,2026-09-13 10:08:27,ON_SITE,Marian Rivera,Sweet & Chili Crab Bucket x2,3900.00,468.00,0.00,4368.00,GCASH,PAID,COMPLETED,TXN-GCA-48428772
ORD-20260913-01776-D9676,2026-09-13 10:41:10,ONLINE,Ana Reyes,Sweet & Chili Crab Bucket x1; Garlic Butter Prawns x1; Seafood Cajun Boil x1,5050.00,606.00,120.00,5776.00,CASH,PAID,COMPLETED,TXN-CAS-40212982
ORD-20260913-03215-474BA,2026-09-13 10:53:35,ON_SITE,Ana Reyes,Seafood Bilao Feast x1; Garlic Butter Prawns x2,4900.00,588.00,0.00,5488.00,CASH,PAID,COMPLETED,TXN-CAS-48976030
ORD-20260913-01431-65A84,2026-09-13 11:06:31,ONLINE,Mark Bautista,Grilled Seafood Platter x1; Seafood Bilao Feast x1; Garlic Butter Prawns x1,5750.00,690.00,75.00,6515.00,GCASH,REFUNDED,CANCELLED,N/A
ORD-20260913-04686-36B01,2026-09-13 11:11:53,ON_SITE,Mark Bautista,Grilled Seafood Platter x1; Seafood Bilao Feast x1,4500.00,540.00,0.00,5040.00,HYBRID (Cash + GCash),PAID,COMPLETED,TXN-HYB-87939292
ORD-20260913-00231-955B0,2026-09-13 11:12:38,ONLINE,Pedro Penduko,Grilled Seafood Platter x1,2100.00,252.00,75.00,2427.00,CASH,PAID,COMPLETED,TXN-CAS-70804436
ORD-20260913-01225-1B6F1,2026-09-13 11:18:47,ON_SITE,Clara Dizon,Sweet & Chili Crab Bucket x1,1950.00,234.00,0.00,2184.00,GCASH,PAID,COMPLETED,TXN-GCA-58260632
ORD-20260913-04208-62B14,2026-09-13 11:24:52,ONLINE,Lisa Manoban,Grilled Seafood Platter x1; Fresh Calamansi Juice Pitcher x1,2380.00,285.60,50.00,2715.60,GCASH,PAID,COMPLETED,TXN-GCA-49111465
ORD-20260913-00603-49AEA,2026-09-13 11:53:39,ON_SITE,Maria Clara Santos,Grilled Seafood Platter x2; Seafood Bilao Feast x1; Garlic Butter Prawns x2,9100.00,1092.00,0.00,10192.00,HYBRID (Cash + GCash),PAID,COMPLETED,TXN-HYB-17181777
ORD-20260913-02352-8B5EE,2026-09-13 12:03:20,ONLINE,Juan Tamad,Seafood Bilao Feast x1; Sweet & Chili Crab Bucket x2,6300.00,756.00,75.00,7131.00,GCASH,PAID,COMPLETED,TXN-GCA-46274687
ORD-20260913-00109-46610,2026-09-13 12:07:11,ONLINE,Juan Tamad,Seafood Cajun Boil x1; Fresh Calamansi Juice Pitcher x1; Classic Seafood Paella x1,3780.00,453.60,50.00,4283.60,GCASH,PENDING,CANCELLED,N/A
ORD-20260913-04132-8F1EB,2026-09-13 12:16:55,ONLINE,Pedro Penduko,Seafood Bilao Feast x2,4800.00,576.00,50.00,5426.00,MAYA,PAID,COMPLETED,TXN-MAY-16801907
ORD-20260913-00780-13BCB,2026-09-13 12:25:31,ONLINE,Pedro Penduko,Grilled Seafood Platter x1,2100.00,252.00,120.00,2472.00,GCASH,PENDING,IN_PROCESS,N/A
ORD-20260913-02340-87AB8,2026-09-13 13:01:03,ONLINE,Clara Dizon,Classic Seafood Paella x2; Crispy Seafood Basket x1; Sweet & Chili Crab Bucket x2; Grilled Seafood Platter x1,10280.00,1233.60,75.00,11588.60,MAYA,PAID,COMPLETED,TXN-MAY-16434125
ORD-20260913-04524-76E14,2026-09-13 13:07:09,ONLINE,Lisa Manoban,Seafood Bilao Feast x2,4800.00,576.00,100.00,5476.00,GCASH,PAID,COMPLETED,TXN-GCA-34438177
ORD-20260913-00073-21440,2026-09-13 13:31:45,ON_SITE,Joshua Garcia,Crispy Seafood Basket x1; Grilled Seafood Platter x1; Garlic Butter Prawns x1,4330.00,519.60,0.00,4849.60,GCASH,PENDING,IN_PROCESS,N/A
ORD-20260913-00818-7BACD,2026-09-13 13:37:34,ONLINE,Mark Bautista,Garlic Butter Prawns x1; Classic Seafood Paella x1; Grilled Seafood Platter x2,7100.00,852.00,75.00,8027.00,COD,PENDING,IN_PROCESS,N/A
ORD-20260913-04650-52D73,2026-09-13 13:48:39,ONLINE,Pedro Penduko,Sweet & Chili Crab Bucket x1; Seafood Bilao Feast x1,4350.00,522.00,75.00,4947.00,GCASH,PAID,COMPLETED,TXN-GCA-10381111
ORD-20260913-01303-E3854,2026-09-13 13:51:14,ONLINE,Lisa Manoban,Fresh Calamansi Juice Pitcher x1,280.00,33.60,60.00,373.60,MAYA,PAID,COMPLETED,TXN-MAY-91455882
ORD-20260913-04683-61FCA,2026-09-13 13:54:08,ON_SITE,Carlos Mendoza,Sweet & Chili Crab Bucket x2; Grilled Seafood Platter x2,8100.00,972.00,0.00,9072.00,CASH,PAID,COMPLETED,TXN-CAS-30236106
ORD-20260913-02955-AE3BC,2026-09-13 13:56:21,ON_SITE,Pedro Penduko,Classic Seafood Paella x1; Sweet & Chili Crab Bucket x1; Seafood Bilao Feast x1,6000.00,720.00,0.00,6720.00,GCASH,PAID,COMPLETED,TXN-GCA-62885028
ORD-20260913-00542-6716B,2026-09-13 14:07:03,ONLINE,Ana Reyes,Seafood Cajun Boil x1,1850.00,222.00,85.00,2157.00,GCASH,PENDING,CANCELLED,N/A
ORD-20260913-02500-678DC,2026-09-13 14:21:46,ONLINE,Mark Bautista,Fresh Calamansi Juice Pitcher x1,280.00,33.60,50.00,363.60,SPLIT (Cash + GCash),PAID,COMPLETED,TXN-SPL-24902460
ORD-20260913-03778-C5F53,2026-09-13 14:35:44,ONLINE,Clara Dizon,Sweet & Chili Crab Bucket x1; Seafood Bilao Feast x2,6750.00,810.00,75.00,7635.00,GCASH,PAID,COMPLETED,TXN-GCA-34568541
ORD-20260913-00262-B9D7C,2026-09-13 14:37:43,ONLINE,Ana Reyes,Sweet & Chili Crab Bucket x1; Grilled Seafood Platter x1,4050.00,486.00,100.00,4636.00,MAYA,PAID,COMPLETED,TXN-MAY-76472098
ORD-20260913-00815-66CF8,2026-09-13 14:46:32,ON_SITE,Bea Alonzo,Sweet & Chili Crab Bucket x1,1950.00,234.00,0.00,2184.00,CASH,PAID,COMPLETED,TXN-CAS-87014409
ORD-20260913-04670-F0184,2026-09-13 15:05:03,ONLINE,Mark Bautista,Classic Seafood Paella x2; Sweet & Chili Crab Bucket x1; Garlic Butter Prawns x2,7750.00,930.00,120.00,8800.00,GCASH,PAID,COMPLETED,TXN-GCA-53008222
ORD-20260913-03557-A15F5,2026-09-13 15:05:04,ON_SITE,Joshua Garcia,Crispy Seafood Basket x2; Fresh Calamansi Juice Pitcher x1; Garlic Butter Prawns x1; Classic Seafood Paella x1,5140.00,616.80,0.00,5756.80,CASH,PAID,COMPLETED,TXN-CAS-56363464
ORD-20260913-03578-BF047,2026-09-13 15:08:05,ON_SITE,Juan Tamad,Crispy Seafood Basket x1; Grilled Seafood Platter x1; Fresh Calamansi Juice Pitcher x1,3360.00,403.20,0.00,3763.20,MAYA,PAID,COMPLETED,TXN-MAY-14642631
ORD-20260913-01129-BBC37,2026-09-13 15:23:02,ONLINE,Lisa Manoban,Fresh Calamansi Juice Pitcher x1,280.00,33.60,120.00,433.60,COD,PAID,COMPLETED,TXN-COD-77029646
ORD-20260913-03769-5B94B,2026-09-13 15:49:30,ON_SITE,Ana Reyes,Fresh Calamansi Juice Pitcher x1,280.00,33.60,0.00,313.60,GCASH,PAID,COMPLETED,TXN-GCA-75241780
ORD-20260913-00102-92AC4,2026-09-13 15:57:30,ON_SITE,Alden Richards,Classic Seafood Paella x2,3300.00,396.00,0.00,3696.00,CASH,PAID,COMPLETED,TXN-CAS-47474373
ORD-20260913-01757-BE8A2,2026-09-13 15:59:11,ONLINE,Juan Tamad,Grilled Seafood Platter x1; Crispy Seafood Basket x1,3080.00,369.60,75.00,3524.60,GCASH,PAID,COMPLETED,TXN-GCA-43944185
ORD-20260913-03314-32CB2,2026-09-13 16:08:01,ON_SITE,Kathryn Bernardo,Crispy Seafood Basket x3; Grilled Seafood Platter x1; Garlic Butter Prawns x1; Classic Seafood Paella x1,7940.00,952.80,0.00,8892.80,CASH,PAID,COMPLETED,TXN-CAS-61762363
ORD-20260913-03326-3B2CD,2026-09-13 16:09:24,ON_SITE,Bea Alonzo,Grilled Seafood Platter x1,2100.00,252.00,0.00,2352.00,CASH,PAID,COMPLETED,TXN-CAS-81204795
ORD-20260913-02560-849F5,2026-09-13 16:11:09,ONLINE,Clara Dizon,Crispy Seafood Basket x1; Fresh Calamansi Juice Pitcher x1,1260.00,151.20,75.00,1486.20,HYBRID (Cash + GCash),PAID,COMPLETED,TXN-HYB-11935099
ORD-20260913-03303-78AEC,2026-09-13 16:11:42,ONLINE,Mark Bautista,Crispy Seafood Basket x3; Fresh Calamansi Juice Pitcher x1; Seafood Cajun Boil x1; Grilled Seafood Platter x1,7170.00,860.40,50.00,8080.40,SPLIT (Cash + GCash),PAID,COMPLETED,TXN-SPL-59657953
ORD-20260913-01063-CCD94,2026-09-13 16:12:50,ON_SITE,Mark Bautista,Garlic Butter Prawns x2; Grilled Seafood Platter x1; Fresh Calamansi Juice Pitcher x1; Sweet & Chili Crab Bucket x1,6830.00,819.60,0.00,7649.60,HYBRID (Cash + GCash),PAID,COMPLETED,TXN-HYB-56230718
ORD-20260913-01356-CD8A5,2026-09-13 16:38:32,ON_SITE,Dingdong Dantes,Seafood Bilao Feast x2; Grilled Seafood Platter x2,9000.00,1080.00,0.00,10080.00,GCASH,PAID,COMPLETED,TXN-GCA-67221348
ORD-20260913-01325-2183D,2026-09-13 16:44:19,ONLINE,Lisa Manoban,Grilled Seafood Platter x3; Crispy Seafood Basket x1; Classic Seafood Paella x1,8930.00,1071.60,60.00,10061.60,CASH,PAID,COMPLETED,TXN-CAS-95675145
ORD-20260913-00682-B9A4A,2026-09-13 16:46:10,ON_SITE,Juan Tamad,Seafood Cajun Boil x1,1850.00,222.00,0.00,2072.00,CASH,PAID,COMPLETED,TXN-CAS-71520874
ORD-20260913-03684-BB82C,2026-09-13 16:49:45,ONLINE,Clara Dizon,Grilled Seafood Platter x1,2100.00,252.00,60.00,2412.00,GCASH,PAID,COMPLETED,TXN-GCA-45233462
ORD-20260913-00685-DE680,2026-09-13 16:54:43,ONLINE,Clara Dizon,Fresh Calamansi Juice Pitcher x1; Grilled Seafood Platter x1; Seafood Bilao Feast x1,4780.00,573.60,100.00,5453.60,CASH,PAID,COMPLETED,TXN-CAS-86642915
ORD-20260913-00193-4D318,2026-09-13 16:54:58,ONLINE,Ana Reyes,Classic Seafood Paella x2; Fresh Calamansi Juice Pitcher x1,3580.00,429.60,85.00,4094.60,SPLIT (Cash + GCash),PAID,COMPLETED,TXN-SPL-19305797
ORD-20260913-04543-93C24,2026-09-13 17:04:31,ON_SITE,Katrina Halili,Seafood Cajun Boil x1,1850.00,222.00,0.00,2072.00,SPLIT (Cash + GCash),PENDING,CANCELLED,N/A
ORD-20260913-02339-7A322,2026-09-13 17:07:56,ON_SITE,Joshua Garcia,Seafood Bilao Feast x1; Seafood Cajun Boil x1,4250.00,510.00,0.00,4760.00,HYBRID (Cash + GCash),PAID,COMPLETED,TXN-HYB-49380684
ORD-20260913-00894-E4630,2026-09-13 17:10:18,ON_SITE,Pedro Penduko,Crispy Seafood Basket x1; Garlic Butter Prawns x1,2230.00,267.60,0.00,2497.60,CASH,PAID,COMPLETED,TXN-CAS-77376502
ORD-20260913-00564-1E76B,2026-09-13 17:16:07,ON_SITE,Mark Bautista,Sweet & Chili Crab Bucket x2; Fresh Calamansi Juice Pitcher x1,4180.00,501.60,0.00,4681.60,HYBRID (Cash + GCash),PAID,COMPLETED,TXN-HYB-67844621
ORD-20260913-04171-8CCD9,2026-09-13 17:24:12,ON_SITE,Lisa Manoban,Grilled Seafood Platter x1,2100.00,252.00,0.00,2352.00,HYBRID (Cash + GCash),PAID,COMPLETED,TXN-HYB-32328644
ORD-20260913-04381-19FE8,2026-09-13 17:40:52,ON_SITE,Marian Rivera,Grilled Seafood Platter x1,2100.00,252.00,0.00,2352.00,HYBRID (Cash + GCash),PAID,COMPLETED,TXN-HYB-54998400
ORD-20260913-00172-B2BD2,2026-09-13 17:53:13,ON_SITE,Marian Rivera,Fresh Calamansi Juice Pitcher x2; Seafood Bilao Feast x1,2960.00,355.20,0.00,3315.20,HYBRID (Cash + GCash),PAID,COMPLETED,TXN-HYB-79658920
ORD-20260913-00576-0F164,2026-09-13 18:13:32,ONLINE,Pedro Penduko,Fresh Calamansi Juice Pitcher x1,280.00,33.60,85.00,398.60,COD,PAID,COMPLETED,TXN-COD-43656284
ORD-20260913-03852-B8CBD,2026-09-13 18:14:18,ONLINE,Lisa Manoban,Crispy Seafood Basket x1,980.00,117.60,50.00,1147.60,SPLIT (Cash + GCash),PAID,COMPLETED,TXN-SPL-19831276
ORD-20260913-01333-28932,2026-09-13 18:36:39,ONLINE,Ana Reyes,Fresh Calamansi Juice Pitcher x1; Classic Seafood Paella x1,1930.00,231.60,60.00,2221.60,SPLIT (Cash + GCash),PENDING,IN_PROCESS,N/A
ORD-20260913-02101-D45FD,2026-09-13 18:41:53,ONLINE,Clara Dizon,Seafood Cajun Boil x1; Crispy Seafood Basket x1; Seafood Bilao Feast x2; Fresh Calamansi Juice Pitcher x1,7910.00,949.20,120.00,8979.20,GCASH,PAID,COMPLETED,TXN-GCA-75421419
ORD-20260913-03152-C2421,2026-09-13 18:44:01,ON_SITE,Ferdinand Marcos,Classic Seafood Paella x1; Garlic Butter Prawns x1,2900.00,348.00,0.00,3248.00,CASH,PAID,COMPLETED,TXN-CAS-55773665
ORD-20260913-00471-96FFC,2026-09-13 18:58:40,ON_SITE,Clara Dizon,Garlic Butter Prawns x1; Seafood Bilao Feast x2,6050.00,726.00,0.00,6776.00,CASH,PAID,COMPLETED,TXN-CAS-53669116
ORD-20260913-02330-0BE4F,2026-09-13 18:58:56,ONLINE,Clara Dizon,Grilled Seafood Platter x1; Classic Seafood Paella x1; Seafood Cajun Boil x2,7450.00,894.00,60.00,8404.00,CASH,PAID,COMPLETED,TXN-CAS-31117154
ORD-20260913-03518-3B43C,2026-09-13 19:14:13,ON_SITE,Clara Dizon,Classic Seafood Paella x2; Crispy Seafood Basket x1,4280.00,513.60,0.00,4793.60,GCASH,PAID,COMPLETED,TXN-GCA-58790112
ORD-20260913-01819-D16B5,2026-09-13 19:14:57,ONLINE,Lisa Manoban,Fresh Calamansi Juice Pitcher x2; Seafood Bilao Feast x1,2960.00,355.20,120.00,3435.20,GCASH,PAID,COMPLETED,TXN-GCA-95701025
ORD-20260913-03410-429B0,2026-09-13 19:15:15,ON_SITE,Marian Rivera,Garlic Butter Prawns x1; Crispy Seafood Basket x1,2230.00,267.60,0.00,2497.60,SPLIT (Cash + GCash),PAID,COMPLETED,TXN-SPL-35896293
ORD-20260913-03165-DB2C3,2026-09-13 19:15:21,ONLINE,Ana Reyes,Grilled Seafood Platter x1; Sweet & Chili Crab Bucket x1; Fresh Calamansi Juice Pitcher x1,4330.00,519.60,60.00,4909.60,GCASH,PAID,COMPLETED,TXN-GCA-24415700
ORD-20260913-04433-420C6,2026-09-13 19:20:31,ONLINE,Clara Dizon,Crispy Seafood Basket x1,980.00,117.60,85.00,1182.60,GCASH,PAID,COMPLETED,TXN-GCA-69768371
ORD-20260913-03420-42550,2026-09-13 19:22:34,ON_SITE,Ferdinand Marcos,Classic Seafood Paella x1,1650.00,198.00,0.00,1848.00,GCASH,PAID,COMPLETED,TXN-GCA-83818331
ORD-20260913-02467-8D43D,2026-09-13 19:28:46,ON_SITE,Clara Dizon,Fresh Calamansi Juice Pitcher x2; Classic Seafood Paella x2; Crispy Seafood Basket x1,4840.00,580.80,0.00,5420.80,CASH,PAID,COMPLETED,TXN-CAS-41898271
ORD-20260913-00473-08010,2026-09-13 19:30:25,ONLINE,Clara Dizon,Seafood Bilao Feast x1,2400.00,288.00,50.00,2738.00,GCASH,PAID,COMPLETED,TXN-GCA-43578955
ORD-20260913-03479-A1F40,2026-09-13 19:53:11,ONLINE,Pedro Penduko,Crispy Seafood Basket x2; Seafood Bilao Feast x1,4360.00,523.20,85.00,4968.20,GCASH,PAID,COMPLETED,TXN-GCA-78463294
ORD-20260913-03829-E4BE8,2026-09-13 19:53:44,ONLINE,Mark Bautista,Seafood Bilao Feast x2; Garlic Butter Prawns x1,6050.00,726.00,75.00,6851.00,COD,PAID,COMPLETED,TXN-COD-27450641
ORD-20260913-02025-3FF05,2026-09-13 19:59:00,ON_SITE,Sarah Geronimo,Seafood Bilao Feast x1,2400.00,288.00,0.00,2688.00,GCASH,PAID,COMPLETED,TXN-GCA-90151130
ORD-20260913-00116-0C93A,2026-09-13 20:19:45,ON_SITE,Clara Dizon,Garlic Butter Prawns x1,1250.00,150.00,0.00,1400.00,CASH,PAID,COMPLETED,TXN-CAS-69521530
ORD-20260913-00658-F14C2,2026-09-13 20:26:13,ON_SITE,Dingdong Dantes,Garlic Butter Prawns x1; Seafood Cajun Boil x1; Fresh Calamansi Juice Pitcher x1,3380.00,405.60,0.00,3785.60,CASH,PAID,COMPLETED,TXN-CAS-91396691
ORD-20260913-03442-03A12,2026-09-13 20:38:18,ONLINE,Clara Dizon,Seafood Cajun Boil x2; Grilled Seafood Platter x1; Seafood Bilao Feast x1,8200.00,984.00,85.00,9269.00,SPLIT (Cash + GCash),PAID,COMPLETED,TXN-SPL-14704978
ORD-20260913-02554-65BEA,2026-09-13 20:39:21,ONLINE,Clara Dizon,Grilled Seafood Platter x1; Garlic Butter Prawns x1; Classic Seafood Paella x1,5000.00,600.00,60.00,5660.00,HYBRID (Cash + GCash),PAID,COMPLETED,TXN-HYB-92909933
ORD-20260913-02712-45307,2026-09-13 20:50:16,ONLINE,Juan Tamad,Crispy Seafood Basket x1,980.00,117.60,85.00,1182.60,MAYA,PAID,COMPLETED,TXN-MAY-58491837
ORD-20260913-01359-97981,2026-09-13 20:53:33,ONLINE,Ana Reyes,Classic Seafood Paella x1; Seafood Bilao Feast x2,6450.00,774.00,60.00,7284.00,SPLIT (Cash + GCash),PAID,COMPLETED,TXN-SPL-63476822
ORD-20260913-02383-73758,2026-09-13 21:27:45,ONLINE,Pedro Penduko,Classic Seafood Paella x1; Seafood Bilao Feast x1,4050.00,486.00,50.00,4586.00,CASH,PAID,COMPLETED,TXN-CAS-94675572
ORD-20260913-01377-3F48E,2026-09-13 21:35:35,ON_SITE,Pedro Penduko,Classic Seafood Paella x1; Fresh Calamansi Juice Pitcher x1,1930.00,231.60,0.00,2161.60,CASH,PAID,COMPLETED,TXN-CAS-34906648
ORD-20260913-04272-E18EE,2026-09-13 21:39:51,ONLINE,Clara Dizon,Garlic Butter Prawns x1; Grilled Seafood Platter x1,3350.00,402.00,75.00,3827.00,GCASH,PAID,COMPLETED,TXN-GCA-15239345
ORD-20260913-03715-6DEFA,2026-09-13 21:55:31,ON_SITE,Joshua Garcia,Seafood Cajun Boil x1; Classic Seafood Paella x1,3500.00,420.00,0.00,3920.00,HYBRID (Cash + GCash),PAID,COMPLETED,TXN-HYB-66079865
ORD-20260913-03158-82176,2026-09-13 21:59:04,ONLINE,Juan Tamad,Seafood Cajun Boil x1; Crispy Seafood Basket x1; Classic Seafood Paella x1; Fresh Calamansi Juice Pitcher x1,4760.00,571.20,60.00,5391.20,GCASH,PAID,COMPLETED,TXN-GCA-85009205
ORD-20260914-04164-D82EA,2026-09-14 10:04:47,ONLINE,Mark Bautista,Crispy Seafood Basket x2,1960.00,235.20,120.00,2315.20,GCASH,PENDING,CANCELLED,N/A
ORD-20260914-01353-7B0D4,2026-09-14 10:07:48,ONLINE,Clara Dizon,Seafood Cajun Boil x1; Garlic Butter Prawns x2,4350.00,522.00,60.00,4932.00,HYBRID (Cash + GCash),PAID,COMPLETED,TXN-HYB-60744534
ORD-20260914-00588-143B2,2026-09-14 10:12:00,ONLINE,Ana Reyes,Seafood Bilao Feast x2; Grilled Seafood Platter x1,6900.00,828.00,50.00,7778.00,HYBRID (Cash + GCash),PAID,COMPLETED,TXN-HYB-64941549
ORD-20260914-00507-E91BE,2026-09-14 10:13:39,ONLINE,Ana Reyes,Sweet & Chili Crab Bucket x3; Garlic Butter Prawns x1; Seafood Cajun Boil x1,8950.00,1074.00,50.00,10074.00,GCASH,PAID,COMPLETED,TXN-GCA-73341398
ORD-20260914-04199-AAE9A,2026-09-14 10:16:34,ONLINE,Ana Reyes,Seafood Cajun Boil x3,5550.00,666.00,75.00,6291.00,HYBRID (Cash + GCash),PAID,COMPLETED,TXN-HYB-58175035
ORD-20260914-02099-14DC4,2026-09-14 10:19:47,ON_SITE,Kathryn Bernardo,Classic Seafood Paella x2,3300.00,396.00,0.00,3696.00,CASH,PAID,COMPLETED,TXN-CAS-39043424
ORD-20260914-01646-3454A,2026-09-14 10:21:17,ON_SITE,Carlos Mendoza,Fresh Calamansi Juice Pitcher x2,560.00,67.20,0.00,627.20,HYBRID (Cash + GCash),PAID,COMPLETED,TXN-HYB-97097751
ORD-20260914-03670-9CFD0,2026-09-14 10:27:55,ONLINE,Clara Dizon,Seafood Bilao Feast x2; Fresh Calamansi Juice Pitcher x1,5080.00,609.60,120.00,5809.60,HYBRID (Cash + GCash),PENDING,CANCELLED,N/A
ORD-20260914-02447-878B6,2026-09-14 10:28:58,ON_SITE,Mark Bautista,Garlic Butter Prawns x1; Classic Seafood Paella x1,2900.00,348.00,0.00,3248.00,CASH,PAID,COMPLETED,TXN-CAS-97568100
ORD-20260914-00733-38C7E,2026-09-14 10:32:56,ON_SITE,Giselle Hernandez,Seafood Cajun Boil x1,1850.00,222.00,0.00,2072.00,CASH,PAID,COMPLETED,TXN-CAS-13547584
ORD-20260914-00182-39A7C,2026-09-14 10:34:07,ON_SITE,Clara Dizon,Seafood Bilao Feast x1,2400.00,288.00,0.00,2688.00,SPLIT (Cash + GCash),PAID,COMPLETED,TXN-SPL-60277843
ORD-20260914-03197-FB60C,2026-09-14 10:37:47,ONLINE,Pedro Penduko,Seafood Cajun Boil x2,3700.00,444.00,50.00,4194.00,SPLIT (Cash + GCash),PAID,COMPLETED,TXN-SPL-76508110
ORD-20260914-04674-FD2BF,2026-09-14 10:38:29,ONLINE,Mark Bautista,Sweet & Chili Crab Bucket x1,1950.00,234.00,120.00,2304.00,MAYA,PAID,COMPLETED,TXN-MAY-84498775
ORD-20260914-01587-37144,2026-09-14 10:45:22,ON_SITE,Ramon Magsaysay Jr.,Crispy Seafood Basket x2; Grilled Seafood Platter x1; Garlic Butter Prawns x1,5310.00,637.20,0.00,5947.20,CASH,PAID,COMPLETED,TXN-CAS-22812799
ORD-20260914-01173-FF176,2026-09-14 10:46:35,ONLINE,Lisa Manoban,Sweet & Chili Crab Bucket x2,3900.00,468.00,60.00,4428.00,SPLIT (Cash + GCash),PAID,COMPLETED,TXN-SPL-96204958
ORD-20260914-04477-8CC2E,2026-09-14 10:59:38,ON_SITE,Pedro Penduko,Fresh Calamansi Juice Pitcher x3,840.00,100.80,0.00,940.80,CASH,PAID,COMPLETED,TXN-CAS-33952163
ORD-20260914-04995-3A8AD,2026-09-14 11:10:11,ON_SITE,Alden Richards,Classic Seafood Paella x1,1650.00,198.00,0.00,1848.00,CASH,PAID,COMPLETED,TXN-CAS-67618738
ORD-20260914-03883-69107,2026-09-14 11:12:03,ON_SITE,Ana Reyes,Grilled Seafood Platter x2; Seafood Bilao Feast x1,6600.00,792.00,0.00,7392.00,CASH,PAID,COMPLETED,TXN-CAS-96437636
ORD-20260914-00344-76790,2026-09-14 11:16:13,ON_SITE,Maria Clara Santos,Classic Seafood Paella x1; Fresh Calamansi Juice Pitcher x1,1930.00,231.60,0.00,2161.60,GCASH,REFUNDED,CANCELLED,N/A
ORD-20260914-00466-152D3,2026-09-14 11:16:53,ON_SITE,Juan Tamad,Fresh Calamansi Juice Pitcher x1,280.00,33.60,0.00,313.60,HYBRID (Cash + GCash),PAID,COMPLETED,TXN-HYB-34625224
ORD-20260914-04398-FDD15,2026-09-14 11:18:32,ONLINE,Juan Tamad,Seafood Bilao Feast x1,2400.00,288.00,60.00,2748.00,HYBRID (Cash + GCash),PAID,COMPLETED,TXN-HYB-56814192
ORD-20260914-02514-A2BB8,2026-09-14 11:19:29,ON_SITE,Ferdinand Marcos,Fresh Calamansi Juice Pitcher x1; Crispy Seafood Basket x1; Garlic Butter Prawns x2,3760.00,451.20,0.00,4211.20,CASH,PAID,COMPLETED,TXN-CAS-56455024
ORD-20260914-03130-11A3F,2026-09-14 11:32:00,ON_SITE,Bea Alonzo,Crispy Seafood Basket x1; Seafood Cajun Boil x2; Classic Seafood Paella x1; Seafood Bilao Feast x1,8730.00,1047.60,0.00,9777.60,CASH,PAID,COMPLETED,TXN-CAS-55250072
ORD-20260914-00106-9A1CF,2026-09-14 11:41:13,ON_SITE,Ana Reyes,Crispy Seafood Basket x1,980.00,117.60,0.00,1097.60,CASH,PAID,COMPLETED,TXN-CAS-39438546
ORD-20260914-00248-8D877,2026-09-14 11:43:03,ON_SITE,Matteo Guidicelli,Seafood Bilao Feast x2,4800.00,576.00,0.00,5376.00,CASH,PAID,COMPLETED,TXN-CAS-72207701
ORD-20260914-01267-3742D,2026-09-14 11:58:55,ON_SITE,Daniel Padilla,Crispy Seafood Basket x1; Sweet & Chili Crab Bucket x1,2930.00,351.60,0.00,3281.60,CASH,PAID,COMPLETED,TXN-CAS-35417160
ORD-20260914-04409-71113,2026-09-14 11:59:10,ON_SITE,Ferdinand Marcos,Grilled Seafood Platter x1,2100.00,252.00,0.00,2352.00,CASH,PAID,COMPLETED,TXN-CAS-22010776
ORD-20260914-02795-F3E69,2026-09-14 12:03:01,ONLINE,Pedro Penduko,Sweet & Chili Crab Bucket x1,1950.00,234.00,100.00,2284.00,GCASH,PAID,IN_PROCESS,TXN-GCA-24307614
ORD-20260914-01933-7466E,2026-09-14 12:08:47,ONLINE,Mark Bautista,Classic Seafood Paella x2; Fresh Calamansi Juice Pitcher x1; Sweet & Chili Crab Bucket x1,5530.00,663.60,75.00,6268.60,COD,PAID,COMPLETED,TXN-COD-70110461
ORD-20260914-01486-33A1A,2026-09-14 12:10:35,ON_SITE,Lisa Manoban,Fresh Calamansi Juice Pitcher x1,280.00,33.60,0.00,313.60,SPLIT (Cash + GCash),PAID,COMPLETED,TXN-SPL-89839082
ORD-20260914-02469-D7A95,2026-09-14 12:16:37,ON_SITE,Joshua Garcia,Garlic Butter Prawns x1; Fresh Calamansi Juice Pitcher x2; Seafood Cajun Boil x1,3660.00,439.20,0.00,4099.20,CASH,PAID,COMPLETED,TXN-CAS-47776917
ORD-20260914-02402-6C00C,2026-09-14 12:18:36,ON_SITE,Maria Clara Santos,Crispy Seafood Basket x1,980.00,117.60,0.00,1097.60,GCASH,PAID,COMPLETED,TXN-GCA-14353471
ORD-20260914-01005-C9D10,2026-09-14 12:18:41,ONLINE,Juan Tamad,Fresh Calamansi Juice Pitcher x2; Sweet & Chili Crab Bucket x1; Seafood Cajun Boil x2,6210.00,745.20,120.00,7075.20,GCASH,PAID,COMPLETED,TXN-GCA-47149707
ORD-20260914-01474-C8889,2026-09-14 12:23:04,ONLINE,Clara Dizon,Crispy Seafood Basket x1,980.00,117.60,120.00,1217.60,GCASH,PENDING,CANCELLED,N/A
ORD-20260914-00623-E616E,2026-09-14 12:27:40,ON_SITE,Bea Alonzo,Seafood Bilao Feast x1,2400.00,288.00,0.00,2688.00,MAYA,PAID,COMPLETED,TXN-MAY-59877839
ORD-20260914-02880-AD5A9,2026-09-14 12:39:47,ONLINE,Ana Reyes,Seafood Cajun Boil x1; Classic Seafood Paella x2; Grilled Seafood Platter x3,11450.00,1374.00,100.00,12924.00,SPLIT (Cash + GCash),PAID,COMPLETED,TXN-SPL-23521671
ORD-20260914-01821-C6156,2026-09-14 12:47:24,ONLINE,Pedro Penduko,Classic Seafood Paella x1; Garlic Butter Prawns x1,2900.00,348.00,75.00,3323.00,SPLIT (Cash + GCash),FAILED,CANCELLED,N/A
ORD-20260914-00419-083DE,2026-09-14 12:48:01,ON_SITE,Marian Rivera,Classic Seafood Paella x2; Seafood Cajun Boil x1; Garlic Butter Prawns x2,7650.00,918.00,0.00,8568.00,HYBRID (Cash + GCash),PAID,COMPLETED,TXN-HYB-44107205
ORD-20260914-01979-2CE06,2026-09-14 12:53:03,ON_SITE,Maria Clara Santos,Crispy Seafood Basket x1,980.00,117.60,0.00,1097.60,HYBRID (Cash + GCash),PAID,COMPLETED,TXN-HYB-71182088
ORD-20260914-00349-5313B,2026-09-14 12:56:48,ONLINE,Mark Bautista,Grilled Seafood Platter x1,2100.00,252.00,75.00,2427.00,GCASH,PAID,COMPLETED,TXN-GCA-87554474
ORD-20260914-02312-0BA5B,2026-09-14 12:58:00,ONLINE,Ana Reyes,Garlic Butter Prawns x1; Seafood Cajun Boil x1; Crispy Seafood Basket x1; Grilled Seafood Platter x1,6180.00,741.60,60.00,6981.60,MAYA,PAID,COMPLETED,TXN-MAY-32244389
ORD-20260914-02113-D2FB3,2026-09-14 12:58:28,ONLINE,Clara Dizon,Seafood Cajun Boil x1,1850.00,222.00,120.00,2192.00,GCASH,PAID,COMPLETED,TXN-GCA-14848539
ORD-20260914-00663-2B520,2026-09-14 13:02:25,ONLINE,Lisa Manoban,Sweet & Chili Crab Bucket x2; Seafood Cajun Boil x1,5750.00,690.00,50.00,6490.00,GCASH,PAID,COMPLETED,TXN-GCA-92154921
ORD-20260914-04219-103A2,2026-09-14 13:03:28,ONLINE,Pedro Penduko,Garlic Butter Prawns x1; Seafood Cajun Boil x1,3100.00,372.00,50.00,3522.00,GCASH,PAID,COMPLETED,TXN-GCA-51758813
ORD-20260914-03856-C4D09,2026-09-14 13:04:30,ONLINE,Juan Tamad,Sweet & Chili Crab Bucket x1,1950.00,234.00,50.00,2234.00,CASH,PAID,COMPLETED,TXN-CAS-21121805
ORD-20260914-04072-FDE72,2026-09-14 13:04:47,ONLINE,Lisa Manoban,Seafood Cajun Boil x1; Garlic Butter Prawns x1,3100.00,372.00,50.00,3522.00,HYBRID (Cash + GCash),PAID,COMPLETED,TXN-HYB-71764107
ORD-20260914-00220-B0740,2026-09-14 13:04:59,ONLINE,Mark Bautista,Crispy Seafood Basket x1,980.00,117.60,50.00,1147.60,GCASH,PAID,COMPLETED,TXN-GCA-71913612
ORD-20260914-04350-A085D,2026-09-14 13:06:32,ONLINE,Clara Dizon,Seafood Bilao Feast x1,2400.00,288.00,100.00,2788.00,MAYA,PAID,COMPLETED,TXN-MAY-18519209
ORD-20260914-02829-AE9E0,2026-09-14 13:08:17,ON_SITE,Sarah Geronimo,Crispy Seafood Basket x1; Seafood Bilao Feast x2,5780.00,693.60,0.00,6473.60,GCASH,PAID,COMPLETED,TXN-GCA-26191688
ORD-20260914-01674-EA7DC,2026-09-14 13:10:09,ON_SITE,Ana Reyes,Classic Seafood Paella x1,1650.00,198.00,0.00,1848.00,GCASH,PAID,COMPLETED,TXN-GCA-98844506
ORD-20260914-00173-EF3F8,2026-09-14 13:16:40,ON_SITE,Sarah Geronimo,Sweet & Chili Crab Bucket x3; Fresh Calamansi Juice Pitcher x3; Grilled Seafood Platter x1,8790.00,1054.80,0.00,9844.80,GCASH,PAID,COMPLETED,TXN-GCA-62558921
ORD-20260914-04904-4B954,2026-09-14 13:17:17,ONLINE,Mark Bautista,Grilled Seafood Platter x1,2100.00,252.00,60.00,2412.00,HYBRID (Cash + GCash),PAID,COMPLETED,TXN-HYB-28831992
ORD-20260914-04511-8C595,2026-09-14 13:22:13,ON_SITE,Clara Dizon,Seafood Bilao Feast x1,2400.00,288.00,0.00,2688.00,GCASH,PAID,COMPLETED,TXN-GCA-44024349
ORD-20260914-02251-E8F40,2026-09-14 13:22:16,ON_SITE,Juan Tamad,Seafood Bilao Feast x1,2400.00,288.00,0.00,2688.00,SPLIT (Cash + GCash),PAID,COMPLETED,TXN-SPL-86572253
ORD-20260914-04887-2F945,2026-09-14 13:23:25,ONLINE,Ana Reyes,Fresh Calamansi Juice Pitcher x2; Classic Seafood Paella x2,3860.00,463.20,50.00,4373.20,MAYA,PAID,IN_PROCESS,TXN-MAY-18136818
ORD-20260914-04165-7B411,2026-09-14 13:25:36,ONLINE,Lisa Manoban,Crispy Seafood Basket x1,980.00,117.60,120.00,1217.60,GCASH,PAID,COMPLETED,TXN-GCA-45206314
ORD-20260914-04069-17741,2026-09-14 13:26:07,ON_SITE,Lisa Manoban,Classic Seafood Paella x1,1650.00,198.00,0.00,1848.00,HYBRID (Cash + GCash),PAID,COMPLETED,TXN-HYB-17892040
ORD-20260914-01887-9DD9C,2026-09-14 13:27:13,ONLINE,Pedro Penduko,Classic Seafood Paella x1; Grilled Seafood Platter x1,3750.00,450.00,100.00,4300.00,GCASH,PAID,COMPLETED,TXN-GCA-25364107
ORD-20260914-01411-4A302,2026-09-14 13:31:09,ON_SITE,Ferdinand Marcos,Fresh Calamansi Juice Pitcher x1,280.00,33.60,0.00,313.60,CASH,PAID,COMPLETED,TXN-CAS-53642339
ORD-20260914-01872-81D4E,2026-09-14 13:39:56,ONLINE,Mark Bautista,Fresh Calamansi Juice Pitcher x2; Crispy Seafood Basket x1,1540.00,184.80,75.00,1799.80,COD,PAID,COMPLETED,TXN-COD-96345656
ORD-20260914-00313-562E9,2026-09-14 13:42:20,ON_SITE,Matteo Guidicelli,Fresh Calamansi Juice Pitcher x1; Seafood Cajun Boil x1; Seafood Bilao Feast x1,4530.00,543.60,0.00,5073.60,CASH,PAID,COMPLETED,TXN-CAS-65265330
ORD-20260914-03340-75BB1,2026-09-14 13:42:21,ONLINE,Juan Tamad,Seafood Bilao Feast x2,4800.00,576.00,85.00,5461.00,GCASH,PAID,COMPLETED,TXN-GCA-86283939
ORD-20260914-04988-40F7A,2026-09-14 13:42:35,ONLINE,Juan Tamad,Fresh Calamansi Juice Pitcher x2; Classic Seafood Paella x2,3860.00,463.20,100.00,4423.20,GCASH,PAID,COMPLETED,TXN-GCA-38470756
ORD-20260914-04405-A162E,2026-09-14 13:48:35,ON_SITE,Clara Dizon,Seafood Cajun Boil x1,1850.00,222.00,0.00,2072.00,CASH,PAID,COMPLETED,TXN-CAS-35933124
ORD-20260914-00238-07C47,2026-09-14 13:56:43,ON_SITE,Ana Reyes,Classic Seafood Paella x1,1650.00,198.00,0.00,1848.00,GCASH,PAID,COMPLETED,TXN-GCA-31381371
ORD-20260914-04236-EEE4E,2026-09-14 13:57:31,ONLINE,Lisa Manoban,Classic Seafood Paella x1; Garlic Butter Prawns x1,2900.00,348.00,60.00,3308.00,GCASH,PAID,COMPLETED,TXN-GCA-13355095
ORD-20260914-00996-ECCEA,2026-09-14 14:00:36,ON_SITE,Clara Dizon,Fresh Calamansi Juice Pitcher x1; Seafood Cajun Boil x1,2130.00,255.60,0.00,2385.60,CASH,PAID,COMPLETED,TXN-CAS-59447246
ORD-20260914-04423-2EE09,2026-09-14 14:08:01,ONLINE,Clara Dizon,Garlic Butter Prawns x3; Grilled Seafood Platter x1,5850.00,702.00,120.00,6672.00,GCASH,PAID,COMPLETED,TXN-GCA-71844876
ORD-20260914-01867-76E04,2026-09-14 14:08:18,ON_SITE,Juan Tamad,Seafood Cajun Boil x2; Grilled Seafood Platter x2,7900.00,948.00,0.00,8848.00,CASH,PAID,COMPLETED,TXN-CAS-53304356
ORD-20260914-02198-BA34A,2026-09-14 14:10:07,ONLINE,Ana Reyes,Garlic Butter Prawns x2; Crispy Seafood Basket x1; Classic Seafood Paella x1,5130.00,615.60,75.00,5820.60,CASH,PAID,COMPLETED,TXN-CAS-67186611
ORD-20260914-04859-7A11D,2026-09-14 14:12:01,ONLINE,Clara Dizon,Garlic Butter Prawns x1,1250.00,150.00,85.00,1485.00,GCASH,PAID,COMPLETED,TXN-GCA-26865448
ORD-20260914-00175-4F51B,2026-09-14 14:13:38,ON_SITE,Carlos Mendoza,Seafood Bilao Feast x1; Garlic Butter Prawns x1,3650.00,438.00,0.00,4088.00,MAYA,PAID,IN_PROCESS,TXN-MAY-46607080
ORD-20260914-04454-C93CF,2026-09-14 14:18:53,ON_SITE,Mark Bautista,Classic Seafood Paella x1,1650.00,198.00,0.00,1848.00,GCASH,PAID,COMPLETED,TXN-GCA-63462888
ORD-20260914-03144-4A273,2026-09-14 14:21:28,ON_SITE,Mark Bautista,Garlic Butter Prawns x2,2500.00,300.00,0.00,2800.00,CASH,PAID,COMPLETED,TXN-CAS-91627688
ORD-20260914-01150-899F6,2026-09-14 14:22:30,ONLINE,Ana Reyes,Classic Seafood Paella x1; Grilled Seafood Platter x1,3750.00,450.00,100.00,4300.00,MAYA,PAID,COMPLETED,TXN-MAY-44019311
ORD-20260914-02516-97686,2026-09-14 14:26:28,ONLINE,Lisa Manoban,Fresh Calamansi Juice Pitcher x1,280.00,33.60,100.00,413.60,GCASH,PAID,COMPLETED,TXN-GCA-12845881
ORD-20260914-04175-F3E00,2026-09-14 14:27:04,ONLINE,Ana Reyes,Fresh Calamansi Juice Pitcher x1; Sweet & Chili Crab Bucket x1,2230.00,267.60,60.00,2557.60,GCASH,PAID,COMPLETED,TXN-GCA-16239331
ORD-20260914-01644-BA916,2026-09-14 14:28:24,ONLINE,Lisa Manoban,Seafood Bilao Feast x3; Grilled Seafood Platter x1; Sweet & Chili Crab Bucket x2,13200.00,1584.00,85.00,14869.00,GCASH,PAID,COMPLETED,TXN-GCA-35167259
ORD-20260914-00541-B1240,2026-09-14 14:35:33,ONLINE,Mark Bautista,Seafood Bilao Feast x1; Classic Seafood Paella x1,4050.00,486.00,100.00,4636.00,GCASH,PAID,COMPLETED,TXN-GCA-41864733
ORD-20260914-03468-ABDDC,2026-09-14 14:43:14,ONLINE,Mark Bautista,Fresh Calamansi Juice Pitcher x1,280.00,33.60,50.00,363.60,MAYA,PAID,COMPLETED,TXN-MAY-34260857
ORD-20260914-01231-05765,2026-09-14 14:54:56,ON_SITE,Daniel Padilla,Classic Seafood Paella x1,1650.00,198.00,0.00,1848.00,MAYA,PAID,COMPLETED,TXN-MAY-63850198
ORD-20260914-03947-573B0,2026-09-14 15:01:17,ONLINE,Ana Reyes,Sweet & Chili Crab Bucket x2; Grilled Seafood Platter x1,6000.00,720.00,85.00,6805.00,COD,PAID,COMPLETED,TXN-COD-76189040
ORD-20260914-02855-9532E,2026-09-14 15:04:03,ON_SITE,Lisa Manoban,Seafood Bilao Feast x1; Fresh Calamansi Juice Pitcher x1; Crispy Seafood Basket x1; Grilled Seafood Platter x1,5760.00,691.20,0.00,6451.20,CASH,PAID,COMPLETED,TXN-CAS-19549326
ORD-20260914-02631-C70ED,2026-09-14 15:10:47,ONLINE,Pedro Penduko,Grilled Seafood Platter x2; Crispy Seafood Basket x1,5180.00,621.60,85.00,5886.60,GCASH,PAID,COMPLETED,TXN-GCA-84177366
ORD-20260914-00909-83007,2026-09-14 15:12:18,ONLINE,Juan Tamad,Grilled Seafood Platter x1; Fresh Calamansi Juice Pitcher x1,2380.00,285.60,120.00,2785.60,GCASH,PAID,COMPLETED,TXN-GCA-46099119
ORD-20260914-04723-5E04E,2026-09-14 15:17:57,ON_SITE,Lisa Manoban,Classic Seafood Paella x1; Seafood Bilao Feast x2,6450.00,774.00,0.00,7224.00,SPLIT (Cash + GCash),PAID,COMPLETED,TXN-SPL-61589596
ORD-20260914-02459-0BA06,2026-09-14 15:20:14,ONLINE,Pedro Penduko,Seafood Cajun Boil x1,1850.00,222.00,75.00,2147.00,MAYA,PAID,COMPLETED,TXN-MAY-52865240
ORD-20260914-03613-587B5,2026-09-14 15:26:38,ON_SITE,Juan Tamad,Classic Seafood Paella x1,1650.00,198.00,0.00,1848.00,GCASH,PAID,COMPLETED,TXN-GCA-89091505
ORD-20260914-01962-6D659,2026-09-14 15:26:40,ONLINE,Clara Dizon,Seafood Bilao Feast x2,4800.00,576.00,60.00,5436.00,HYBRID (Cash + GCash),PAID,COMPLETED,TXN-HYB-79905586
ORD-20260914-01013-BE19A,2026-09-14 15:28:31,ONLINE,Lisa Manoban,Sweet & Chili Crab Bucket x1; Grilled Seafood Platter x1; Fresh Calamansi Juice Pitcher x1; Seafood Cajun Boil x1,6180.00,741.60,60.00,6981.60,HYBRID (Cash + GCash),PAID,COMPLETED,TXN-HYB-10304601
ORD-20260914-04000-3952F,2026-09-14 15:31:33,ONLINE,Mark Bautista,Classic Seafood Paella x1; Crispy Seafood Basket x1,2630.00,315.60,50.00,2995.60,SPLIT (Cash + GCash),PAID,COMPLETED,TXN-SPL-31312321
ORD-20260914-04220-E5979,2026-09-14 15:43:50,ON_SITE,Dingdong Dantes,Grilled Seafood Platter x2,4200.00,504.00,0.00,4704.00,CASH,PAID,COMPLETED,TXN-CAS-89840363
ORD-20260914-02281-8DA4F,2026-09-14 15:49:13,ON_SITE,Joshua Garcia,Classic Seafood Paella x3; Grilled Seafood Platter x1; Sweet & Chili Crab Bucket x2,10950.00,1314.00,0.00,12264.00,GCASH,PAID,COMPLETED,TXN-GCA-28646723
ORD-20260914-04983-E3FEB,2026-09-14 15:52:39,ON_SITE,Lisa Manoban,Garlic Butter Prawns x1; Grilled Seafood Platter x1; Fresh Calamansi Juice Pitcher x1; Seafood Cajun Boil x1,5480.00,657.60,0.00,6137.60,MAYA,PAID,COMPLETED,TXN-MAY-62890388
ORD-20260914-02243-E69A9,2026-09-14 15:55:55,ONLINE,Juan Tamad,Seafood Cajun Boil x1; Grilled Seafood Platter x1; Fresh Calamansi Juice Pitcher x1,4230.00,507.60,120.00,4857.60,GCASH,PAID,COMPLETED,TXN-GCA-93325748
ORD-20260914-02844-38009,2026-09-14 15:59:07,ONLINE,Ana Reyes,Crispy Seafood Basket x1; Seafood Bilao Feast x2; Classic Seafood Paella x2,9080.00,1089.60,85.00,10254.60,GCASH,PAID,COMPLETED,TXN-GCA-18247854
ORD-20260914-00181-E80D8,2026-09-14 16:01:03,ON_SITE,Matteo Guidicelli,Grilled Seafood Platter x1; Fresh Calamansi Juice Pitcher x1; Seafood Cajun Boil x3,7930.00,951.60,0.00,8881.60,GCASH,PAID,COMPLETED,TXN-GCA-13230933
ORD-20260914-02969-A3261,2026-09-14 16:08:09,ONLINE,Juan Tamad,Sweet & Chili Crab Bucket x2,3900.00,468.00,75.00,4443.00,GCASH,PAID,COMPLETED,TXN-GCA-38491413
ORD-20260914-03762-40369,2026-09-14 16:12:51,ON_SITE,Matteo Guidicelli,Grilled Seafood Platter x1,2100.00,252.00,0.00,2352.00,CASH,PAID,COMPLETED,TXN-CAS-56546659
ORD-20260914-03190-4E153,2026-09-14 16:14:32,ONLINE,Juan Tamad,Crispy Seafood Basket x1,980.00,117.60,85.00,1182.60,HYBRID (Cash + GCash),PAID,COMPLETED,TXN-HYB-55675249
ORD-20260914-03477-AA72F,2026-09-14 16:16:11,ON_SITE,Lisa Manoban,Seafood Bilao Feast x1; Seafood Cajun Boil x1,4250.00,510.00,0.00,4760.00,GCASH,PAID,COMPLETED,TXN-GCA-79148008
ORD-20260914-04388-DB08E,2026-09-14 16:17:03,ONLINE,Juan Tamad,Garlic Butter Prawns x1,1250.00,150.00,100.00,1500.00,GCASH,PAID,COMPLETED,TXN-GCA-90387024
ORD-20260914-00803-DBA02,2026-09-14 16:22:46,ON_SITE,Joshua Garcia,Sweet & Chili Crab Bucket x3; Garlic Butter Prawns x3,9600.00,1152.00,0.00,10752.00,CASH,PAID,COMPLETED,TXN-CAS-42904971
ORD-20260914-04012-61651,2026-09-14 16:23:17,ON_SITE,Maria Clara Santos,Classic Seafood Paella x1,1650.00,198.00,0.00,1848.00,SPLIT (Cash + GCash),PAID,COMPLETED,TXN-SPL-40454290
ORD-20260914-03122-95245,2026-09-14 16:36:57,ON_SITE,Ana Reyes,Grilled Seafood Platter x1; Fresh Calamansi Juice Pitcher x1,2380.00,285.60,0.00,2665.60,GCASH,PAID,COMPLETED,TXN-GCA-77767866
ORD-20260914-03250-511E6,2026-09-14 16:39:11,ONLINE,Mark Bautista,Garlic Butter Prawns x3; Fresh Calamansi Juice Pitcher x3,4590.00,550.80,120.00,5260.80,MAYA,PAID,COMPLETED,TXN-MAY-51680796
ORD-20260914-04428-AFF06,2026-09-14 16:43:37,ONLINE,Lisa Manoban,Garlic Butter Prawns x2; Crispy Seafood Basket x1; Fresh Calamansi Juice Pitcher x1,3760.00,451.20,60.00,4271.20,GCASH,PAID,COMPLETED,TXN-GCA-55119423
ORD-20260914-01018-38658,2026-09-14 16:43:47,ON_SITE,Bea Alonzo,Seafood Bilao Feast x1; Seafood Cajun Boil x1; Fresh Calamansi Juice Pitcher x1,4530.00,543.60,0.00,5073.60,HYBRID (Cash + GCash),PAID,COMPLETED,TXN-HYB-23619559
ORD-20260914-04365-21DD5,2026-09-14 17:08:57,ONLINE,Pedro Penduko,Garlic Butter Prawns x1; Seafood Cajun Boil x2,4950.00,594.00,85.00,5629.00,CASH,PAID,IN_PROCESS,TXN-CAS-46758234
ORD-20260914-02861-7FC6A,2026-09-14 17:11:57,ON_SITE,Ana Reyes,Seafood Cajun Boil x3; Garlic Butter Prawns x1,6800.00,816.00,0.00,7616.00,SPLIT (Cash + GCash),PAID,COMPLETED,TXN-SPL-52257760
ORD-20260914-03951-E7F99,2026-09-14 17:14:37,ON_SITE,Ferdinand Marcos,Garlic Butter Prawns x2,2500.00,300.00,0.00,2800.00,SPLIT (Cash + GCash),PAID,COMPLETED,TXN-SPL-65327502
ORD-20260914-04205-E3042,2026-09-14 17:18:50,ONLINE,Pedro Penduko,Crispy Seafood Basket x1; Garlic Butter Prawns x1; Seafood Cajun Boil x1; Grilled Seafood Platter x3,10380.00,1245.60,120.00,11745.60,HYBRID (Cash + GCash),PAID,COMPLETED,TXN-HYB-69646403
ORD-20260914-02511-15941,2026-09-14 17:26:57,ONLINE,Ana Reyes,Sweet & Chili Crab Bucket x1,1950.00,234.00,100.00,2284.00,MAYA,PAID,COMPLETED,TXN-MAY-19928168
ORD-20260914-03475-5D45E,2026-09-14 17:27:16,ONLINE,Pedro Penduko,Seafood Cajun Boil x2; Fresh Calamansi Juice Pitcher x1,3980.00,477.60,85.00,4542.60,COD,PAID,COMPLETED,TXN-COD-82926894
ORD-20260914-02082-8F9CC,2026-09-14 17:37:01,ON_SITE,Mark Bautista,Classic Seafood Paella x2; Crispy Seafood Basket x2; Seafood Cajun Boil x1,7110.00,853.20,0.00,7963.20,HYBRID (Cash + GCash),PAID,COMPLETED,TXN-HYB-26953282
ORD-20260914-04129-90220,2026-09-14 17:44:02,ON_SITE,Juan Tamad,Sweet & Chili Crab Bucket x1,1950.00,234.00,0.00,2184.00,CASH,PAID,COMPLETED,TXN-CAS-35687665
ORD-20260914-03794-4D57C,2026-09-14 17:56:45,ONLINE,Ana Reyes,Seafood Cajun Boil x1; Sweet & Chili Crab Bucket x1,3800.00,456.00,50.00,4306.00,GCASH,PAID,COMPLETED,TXN-GCA-37690022
ORD-20260914-04654-F4435,2026-09-14 18:00:57,ON_SITE,Mark Bautista,Sweet & Chili Crab Bucket x1; Garlic Butter Prawns x1,3200.00,384.00,0.00,3584.00,GCASH,PAID,COMPLETED,TXN-GCA-82213126
ORD-20260914-03980-BCAE0,2026-09-14 18:04:28,ON_SITE,Giselle Hernandez,Classic Seafood Paella x1; Seafood Bilao Feast x1,4050.00,486.00,0.00,4536.00,GCASH,PAID,COMPLETED,TXN-GCA-33313499
ORD-20260914-02856-7E823,2026-09-14 18:05:39,ON_SITE,Dingdong Dantes,Grilled Seafood Platter x1,2100.00,252.00,0.00,2352.00,CASH,PAID,COMPLETED,TXN-CAS-70167931
ORD-20260914-04906-49729,2026-09-14 18:07:00,ON_SITE,Juan Tamad,Seafood Cajun Boil x1; Crispy Seafood Basket x2,3810.00,457.20,0.00,4267.20,MAYA,PAID,COMPLETED,TXN-MAY-52149414
ORD-20260914-01456-1B7B8,2026-09-14 18:08:57,ONLINE,Ana Reyes,Sweet & Chili Crab Bucket x1; Fresh Calamansi Juice Pitcher x1,2230.00,267.60,85.00,2582.60,SPLIT (Cash + GCash),PAID,COMPLETED,TXN-SPL-78037567
ORD-20260914-04138-8D41F,2026-09-14 18:16:06,ONLINE,Juan Tamad,Crispy Seafood Basket x1,980.00,117.60,60.00,1157.60,GCASH,PAID,COMPLETED,TXN-GCA-98239653
ORD-20260914-01719-86096,2026-09-14 18:19:09,ONLINE,Juan Tamad,Sweet & Chili Crab Bucket x1,1950.00,234.00,60.00,2244.00,CASH,PAID,COMPLETED,TXN-CAS-98930123
ORD-20260914-04036-31CAB,2026-09-14 18:21:11,ON_SITE,Mark Bautista,Fresh Calamansi Juice Pitcher x1; Classic Seafood Paella x1,1930.00,231.60,0.00,2161.60,CASH,PAID,COMPLETED,TXN-CAS-19108307
ORD-20260914-01946-E1109,2026-09-14 18:25:31,ONLINE,Lisa Manoban,Fresh Calamansi Juice Pitcher x1; Crispy Seafood Basket x1,1260.00,151.20,60.00,1471.20,GCASH,PAID,COMPLETED,TXN-GCA-48331673
ORD-20260914-00295-9E21A,2026-09-14 18:27:37,ON_SITE,Juan Tamad,Fresh Calamansi Juice Pitcher x1; Seafood Cajun Boil x1,2130.00,255.60,0.00,2385.60,CASH,PAID,COMPLETED,TXN-CAS-85878105
ORD-20260914-00071-6AB87,2026-09-14 18:34:47,ON_SITE,Pedro Penduko,Crispy Seafood Basket x1; Sweet & Chili Crab Bucket x1; Classic Seafood Paella x1; Seafood Bilao Feast x1,6980.00,837.60,0.00,7817.60,GCASH,PAID,COMPLETED,TXN-GCA-73356353
ORD-20260914-03932-E0441,2026-09-14 19:00:58,ON_SITE,Ramon Magsaysay Jr.,Seafood Cajun Boil x1; Crispy Seafood Basket x1; Sweet & Chili Crab Bucket x1; Seafood Bilao Feast x1,7180.00,861.60,0.00,8041.60,CASH,PAID,COMPLETED,TXN-CAS-70411172
ORD-20260914-04763-4E64F,2026-09-14 19:01:39,ONLINE,Ana Reyes,Seafood Bilao Feast x1; Garlic Butter Prawns x3; Grilled Seafood Platter x2,10350.00,1242.00,120.00,11712.00,HYBRID (Cash + GCash),PAID,COMPLETED,TXN-HYB-52165360
ORD-20260914-00599-76405,2026-09-14 19:06:15,ONLINE,Pedro Penduko,Seafood Cajun Boil x1; Garlic Butter Prawns x1; Fresh Calamansi Juice Pitcher x1,3380.00,405.60,120.00,3905.60,GCASH,PAID,COMPLETED,TXN-GCA-43662019
ORD-20260914-00901-6D0F0,2026-09-14 19:14:21,ONLINE,Ana Reyes,Garlic Butter Prawns x1; Grilled Seafood Platter x1; Fresh Calamansi Juice Pitcher x1,3630.00,435.60,75.00,4140.60,CASH,PAID,COMPLETED,TXN-CAS-83897792
ORD-20260914-02206-319A5,2026-09-14 19:23:12,ONLINE,Lisa Manoban,Crispy Seafood Basket x2; Seafood Cajun Boil x1; Seafood Bilao Feast x1,6210.00,745.20,100.00,7055.20,GCASH,PAID,COMPLETED,TXN-GCA-59777734
ORD-20260914-01061-3107C,2026-09-14 19:28:32,ONLINE,Clara Dizon,Seafood Bilao Feast x1,2400.00,288.00,75.00,2763.00,GCASH,PAID,COMPLETED,TXN-GCA-97031621
ORD-20260914-04816-A49BD,2026-09-14 19:33:07,ON_SITE,Joshua Garcia,Classic Seafood Paella x1; Fresh Calamansi Juice Pitcher x1; Sweet & Chili Crab Bucket x3; Crispy Seafood Basket x1,8760.00,1051.20,0.00,9811.20,CASH,PAID,COMPLETED,TXN-CAS-19527833
ORD-20260914-00328-91CAB,2026-09-14 19:33:25,ON_SITE,Lisa Manoban,Seafood Cajun Boil x1; Classic Seafood Paella x1,3500.00,420.00,0.00,3920.00,CASH,PAID,COMPLETED,TXN-CAS-86073694
ORD-20260914-00580-A8B60,2026-09-14 19:36:33,ON_SITE,Alden Richards,Grilled Seafood Platter x2; Garlic Butter Prawns x1,5450.00,654.00,0.00,6104.00,CASH,PAID,COMPLETED,TXN-CAS-65548144
ORD-20260914-03449-C8FEA,2026-09-14 19:39:58,ONLINE,Pedro Penduko,Garlic Butter Prawns x2,2500.00,300.00,100.00,2900.00,SPLIT (Cash + GCash),PAID,COMPLETED,TXN-SPL-35051159
ORD-20260914-03319-92782,2026-09-14 19:42:08,ON_SITE,Alden Richards,Seafood Bilao Feast x1,2400.00,288.00,0.00,2688.00,CASH,PAID,COMPLETED,TXN-CAS-79440709
ORD-20260914-00340-22721,2026-09-14 19:46:48,ONLINE,Pedro Penduko,Seafood Cajun Boil x1,1850.00,222.00,100.00,2172.00,HYBRID (Cash + GCash),PAID,COMPLETED,TXN-HYB-21223264
ORD-20260914-03772-E44A2,2026-09-14 19:48:48,ON_SITE,Juan Tamad,Fresh Calamansi Juice Pitcher x1; Crispy Seafood Basket x1,1260.00,151.20,0.00,1411.20,CASH,FAILED,CANCELLED,N/A
ORD-20260914-03079-2A34E,2026-09-14 19:51:26,ONLINE,Pedro Penduko,Crispy Seafood Basket x1; Seafood Bilao Feast x1,3380.00,405.60,75.00,3860.60,GCASH,PAID,COMPLETED,TXN-GCA-76217238
ORD-20260914-04331-F7D57,2026-09-14 19:52:11,ONLINE,Pedro Penduko,Grilled Seafood Platter x1,2100.00,252.00,75.00,2427.00,GCASH,PAID,COMPLETED,TXN-GCA-48269272
ORD-20260914-00245-46339,2026-09-14 19:54:59,ONLINE,Clara Dizon,Garlic Butter Prawns x1,1250.00,150.00,85.00,1485.00,GCASH,PAID,COMPLETED,TXN-GCA-73280975
ORD-20260914-01227-FB710,2026-09-14 20:06:46,ON_SITE,Ana Reyes,Crispy Seafood Basket x1,980.00,117.60,0.00,1097.60,GCASH,PAID,COMPLETED,TXN-GCA-55639835
ORD-20260914-01202-38062,2026-09-14 20:10:32,ON_SITE,Alden Richards,Fresh Calamansi Juice Pitcher x1; Seafood Cajun Boil x1,2130.00,255.60,0.00,2385.60,GCASH,PAID,COMPLETED,TXN-GCA-69410705
ORD-20260914-01573-4ABF6,2026-09-14 20:14:13,ONLINE,Clara Dizon,Garlic Butter Prawns x2,2500.00,300.00,120.00,2920.00,GCASH,PAID,COMPLETED,TXN-GCA-92719148
ORD-20260914-04899-01D27,2026-09-14 20:17:44,ONLINE,Ana Reyes,Grilled Seafood Platter x1; Seafood Bilao Feast x2,6900.00,828.00,60.00,7788.00,SPLIT (Cash + GCash),PAID,COMPLETED,TXN-SPL-67611127
ORD-20260914-03272-7F572,2026-09-14 20:28:11,ON_SITE,Clara Dizon,Seafood Bilao Feast x2; Classic Seafood Paella x1,6450.00,774.00,0.00,7224.00,CASH,PAID,COMPLETED,TXN-CAS-93583893
ORD-20260914-02220-2D971,2026-09-14 20:33:20,ONLINE,Juan Tamad,Crispy Seafood Basket x1,980.00,117.60,100.00,1197.60,COD,PAID,COMPLETED,TXN-COD-28421300
ORD-20260914-01559-E3587,2026-09-14 20:37:25,ONLINE,Mark Bautista,Seafood Cajun Boil x1; Grilled Seafood Platter x1; Sweet & Chili Crab Bucket x1,5900.00,708.00,120.00,6728.00,HYBRID (Cash + GCash),PAID,IN_PROCESS,TXN-HYB-67088353
ORD-20260914-00574-21D90,2026-09-14 20:39:36,ONLINE,Clara Dizon,Seafood Bilao Feast x1,2400.00,288.00,120.00,2808.00,CASH,PAID,COMPLETED,TXN-CAS-10763979
ORD-20260914-02891-C9E0A,2026-09-14 20:42:36,ONLINE,Pedro Penduko,Grilled Seafood Platter x1,2100.00,252.00,50.00,2402.00,MAYA,PAID,COMPLETED,TXN-MAY-68940574
ORD-20260914-00347-0283F,2026-09-14 20:44:36,ON_SITE,Juan Tamad,Garlic Butter Prawns x1; Fresh Calamansi Juice Pitcher x1; Seafood Bilao Feast x1,3930.00,471.60,0.00,4401.60,GCASH,PAID,COMPLETED,TXN-GCA-44738642
ORD-20260914-03764-99C5B,2026-09-14 20:45:33,ON_SITE,Bea Alonzo,Grilled Seafood Platter x1; Sweet & Chili Crab Bucket x1,4050.00,486.00,0.00,4536.00,GCASH,PAID,COMPLETED,TXN-GCA-48020874
ORD-20260914-01940-968E4,2026-09-14 20:55:15,ONLINE,Clara Dizon,Seafood Cajun Boil x1; Garlic Butter Prawns x1; Grilled Seafood Platter x2; Sweet & Chili Crab Bucket x1,9250.00,1110.00,85.00,10445.00,CASH,PAID,COMPLETED,TXN-CAS-25492106
ORD-20260914-01413-13F82,2026-09-14 20:56:07,ON_SITE,Lisa Manoban,Seafood Cajun Boil x1; Fresh Calamansi Juice Pitcher x2,2410.00,289.20,0.00,2699.20,CASH,PAID,COMPLETED,TXN-CAS-17611628
ORD-20260914-04041-EA512,2026-09-14 21:03:42,ONLINE,Pedro Penduko,Grilled Seafood Platter x1; Crispy Seafood Basket x1,3080.00,369.60,100.00,3549.60,MAYA,PAID,COMPLETED,TXN-MAY-31673336
ORD-20260914-02747-CF257,2026-09-14 21:08:02,ON_SITE,Giselle Hernandez,Seafood Cajun Boil x2,3700.00,444.00,0.00,4144.00,CASH,PAID,COMPLETED,TXN-CAS-63072628
ORD-20260914-04533-E4FE9,2026-09-14 21:10:58,ON_SITE,Juan Tamad,Seafood Cajun Boil x1; Seafood Bilao Feast x1,4250.00,510.00,0.00,4760.00,GCASH,PAID,COMPLETED,TXN-GCA-80509520
ORD-20260914-02942-AD079,2026-09-14 21:11:48,ONLINE,Lisa Manoban,Seafood Bilao Feast x1; Garlic Butter Prawns x3; Sweet & Chili Crab Bucket x1; Crispy Seafood Basket x1,9080.00,1089.60,100.00,10269.60,GCASH,PAID,COMPLETED,TXN-GCA-72329174
ORD-20260914-02071-FB558,2026-09-14 21:16:56,ONLINE,Ana Reyes,Crispy Seafood Basket x2,1960.00,235.20,85.00,2280.20,GCASH,PAID,COMPLETED,TXN-GCA-92913113
ORD-20260914-04512-6F9B1,2026-09-14 21:20:17,ONLINE,Juan Tamad,Fresh Calamansi Juice Pitcher x1; Garlic Butter Prawns x1; Seafood Cajun Boil x1; Classic Seafood Paella x2,6680.00,801.60,120.00,7601.60,GCASH,PAID,COMPLETED,TXN-GCA-64709494
ORD-20260914-00804-EE531,2026-09-14 21:40:50,ON_SITE,Juan Tamad,Crispy Seafood Basket x1,980.00,117.60,0.00,1097.60,CASH,PAID,COMPLETED,TXN-CAS-33032607
ORD-20260914-04101-174A1,2026-09-14 21:41:31,ON_SITE,Marian Rivera,Grilled Seafood Platter x1; Crispy Seafood Basket x1; Classic Seafood Paella x2; Sweet & Chili Crab Bucket x1,8330.00,999.60,0.00,9329.60,GCASH,PAID,COMPLETED,TXN-GCA-60218213
ORD-20260914-02438-94E94,2026-09-14 21:42:38,ONLINE,Ana Reyes,Grilled Seafood Platter x1,2100.00,252.00,120.00,2472.00,GCASH,PAID,COMPLETED,TXN-GCA-57061994
ORD-20260914-03273-268C8,2026-09-14 21:52:33,ON_SITE,Juan Tamad,Grilled Seafood Platter x1,2100.00,252.00,0.00,2352.00,SPLIT (Cash + GCash),PAID,COMPLETED,TXN-SPL-95430507
ORD-20260915-01169-C14A4,2026-09-15 10:07:06,ON_SITE,Clara Dizon,Crispy Seafood Basket x3; Sweet & Chili Crab Bucket x1,4890.00,586.80,0.00,5476.80,GCASH,PAID,COMPLETED,TXN-GCA-50407585
ORD-20260915-00437-AD558,2026-09-15 10:08:07,ONLINE,Lisa Manoban,Fresh Calamansi Juice Pitcher x1; Grilled Seafood Platter x1,2380.00,285.60,85.00,2750.60,MAYA,PAID,COMPLETED,TXN-MAY-36868899
ORD-20260915-03021-D83EB,2026-09-15 10:09:18,ONLINE,Clara Dizon,Classic Seafood Paella x1; Fresh Calamansi Juice Pitcher x1,1930.00,231.60,75.00,2236.60,HYBRID (Cash + GCash),PAID,COMPLETED,TXN-HYB-75009350
ORD-20260915-02843-986B3,2026-09-15 10:25:53,ON_SITE,Carlos Mendoza,Classic Seafood Paella x1; Crispy Seafood Basket x1,2630.00,315.60,0.00,2945.60,CASH,PENDING,IN_PROCESS,N/A
ORD-20260915-00992-9885C,2026-09-15 10:34:27,ON_SITE,Dindo Dela Cruz,Garlic Butter Prawns x1; Crispy Seafood Basket x1; Grilled Seafood Platter x1; Seafood Bilao Feast x1,6730.00,807.60,0.00,7537.60,CASH,PAID,COMPLETED,TXN-CAS-93079930
ORD-20260915-01820-E7E24,2026-09-15 10:35:33,ONLINE,Mark Bautista,Garlic Butter Prawns x2; Grilled Seafood Platter x1,4600.00,552.00,75.00,5227.00,GCASH,PAID,COMPLETED,TXN-GCA-30934251
ORD-20260915-02835-5E00B,2026-09-15 10:39:56,ONLINE,Ana Reyes,Crispy Seafood Basket x1; Fresh Calamansi Juice Pitcher x2,1540.00,184.80,100.00,1824.80,MAYA,PAID,COMPLETED,TXN-MAY-82195386
ORD-20260915-03651-B345F,2026-09-15 10:41:12,ON_SITE,Pedro Penduko,Seafood Bilao Feast x3; Seafood Cajun Boil x1,9050.00,1086.00,0.00,10136.00,GCASH,PAID,COMPLETED,TXN-GCA-25849695
ORD-20260915-01861-BB771,2026-09-15 10:45:53,ON_SITE,Dindo Dela Cruz,Garlic Butter Prawns x2; Classic Seafood Paella x1; Grilled Seafood Platter x3,10450.00,1254.00,0.00,11704.00,GCASH,PAID,COMPLETED,TXN-GCA-89556057
ORD-20260915-04907-20DF7,2026-09-15 10:54:12,ON_SITE,Joshua Garcia,Seafood Cajun Boil x2; Crispy Seafood Basket x1,4680.00,561.60,0.00,5241.60,CASH,PENDING,CANCELLED,N/A
ORD-20260915-02863-0189D,2026-09-15 11:15:37,ONLINE,Mark Bautista,Grilled Seafood Platter x1; Classic Seafood Paella x1,3750.00,450.00,60.00,4260.00,GCASH,PAID,COMPLETED,TXN-GCA-26225380
ORD-20260915-03987-527AE,2026-09-15 11:15:41,ONLINE,Mark Bautista,Fresh Calamansi Juice Pitcher x2; Sweet & Chili Crab Bucket x1,2510.00,301.20,50.00,2861.20,SPLIT (Cash + GCash),PAID,COMPLETED,TXN-SPL-85162276
ORD-20260915-04496-EE9B1,2026-09-15 11:17:58,ON_SITE,Katrina Halili,Sweet & Chili Crab Bucket x1,1950.00,234.00,0.00,2184.00,SPLIT (Cash + GCash),PAID,COMPLETED,TXN-SPL-94211627
ORD-20260915-04878-43B9E,2026-09-15 11:20:10,ON_SITE,Ferdinand Marcos,Crispy Seafood Basket x2; Sweet & Chili Crab Bucket x1; Classic Seafood Paella x1,5560.00,667.20,0.00,6227.20,CASH,PAID,COMPLETED,TXN-CAS-23468277
ORD-20260915-00275-DB4C0,2026-09-15 11:21:18,ONLINE,Pedro Penduko,Crispy Seafood Basket x2,1960.00,235.20,120.00,2315.20,GCASH,PAID,COMPLETED,TXN-GCA-66628097
ORD-20260915-01690-69EE0,2026-09-15 11:27:25,ONLINE,Ana Reyes,Seafood Cajun Boil x2,3700.00,444.00,85.00,4229.00,GCASH,PAID,COMPLETED,TXN-GCA-60893880
ORD-20260915-03209-9F351,2026-09-15 11:31:55,ON_SITE,Mark Bautista,Sweet & Chili Crab Bucket x1; Grilled Seafood Platter x2; Seafood Bilao Feast x1,8550.00,1026.00,0.00,9576.00,GCASH,PAID,COMPLETED,TXN-GCA-39004734
ORD-20260915-01069-F3E14,2026-09-15 11:34:49,ONLINE,Pedro Penduko,Crispy Seafood Basket x1; Classic Seafood Paella x1,2630.00,315.60,50.00,2995.60,GCASH,PENDING,IN_PROCESS,N/A
ORD-20260915-04476-58254,2026-09-15 11:34:57,ON_SITE,Pedro Penduko,Garlic Butter Prawns x1; Seafood Bilao Feast x2; Seafood Cajun Boil x1,7900.00,948.00,0.00,8848.00,GCASH,PAID,COMPLETED,TXN-GCA-14268465
ORD-20260915-02380-A557F,2026-09-15 11:44:59,ONLINE,Pedro Penduko,Fresh Calamansi Juice Pitcher x1; Seafood Bilao Feast x1,2680.00,321.60,75.00,3076.60,GCASH,PAID,COMPLETED,TXN-GCA-25616458
ORD-20260915-04704-954E1,2026-09-15 11:46:55,ONLINE,Clara Dizon,Seafood Bilao Feast x1; Fresh Calamansi Juice Pitcher x1; Garlic Butter Prawns x1,3930.00,471.60,120.00,4521.60,GCASH,PAID,COMPLETED,TXN-GCA-38523664
ORD-20260915-02376-32A7C,2026-09-15 11:53:08,ONLINE,Ana Reyes,Seafood Cajun Boil x2,3700.00,444.00,50.00,4194.00,HYBRID (Cash + GCash),PAID,COMPLETED,TXN-HYB-21715276
ORD-20260915-03866-6932A,2026-09-15 12:02:31,ONLINE,Clara Dizon,Grilled Seafood Platter x1; Seafood Cajun Boil x1; Garlic Butter Prawns x1; Classic Seafood Paella x1,6850.00,822.00,75.00,7747.00,HYBRID (Cash + GCash),PAID,COMPLETED,TXN-HYB-67405852
ORD-20260915-01663-3A95A,2026-09-15 12:05:04,ONLINE,Juan Tamad,Fresh Calamansi Juice Pitcher x2; Crispy Seafood Basket x2; Seafood Bilao Feast x2,7320.00,878.40,50.00,8248.40,GCASH,PAID,COMPLETED,TXN-GCA-32505235
ORD-20260915-01268-6A9E4,2026-09-15 12:07:28,ON_SITE,Giselle Hernandez,Seafood Bilao Feast x2; Classic Seafood Paella x1; Crispy Seafood Basket x1; Fresh Calamansi Juice Pitcher x1,7710.00,925.20,0.00,8635.20,HYBRID (Cash + GCash),PAID,COMPLETED,TXN-HYB-32579051
ORD-20260915-03066-B0F00,2026-09-15 12:08:35,ONLINE,Juan Tamad,Seafood Bilao Feast x2; Garlic Butter Prawns x1; Fresh Calamansi Juice Pitcher x2; Sweet & Chili Crab Bucket x1,8560.00,1027.20,75.00,9662.20,CASH,PAID,COMPLETED,TXN-CAS-70590392
ORD-20260915-04655-0E95F,2026-09-15 12:11:21,ONLINE,Mark Bautista,Sweet & Chili Crab Bucket x1; Crispy Seafood Basket x1; Garlic Butter Prawns x3; Classic Seafood Paella x1,8330.00,999.60,120.00,9449.60,GCASH,PAID,COMPLETED,TXN-GCA-92841104
ORD-20260915-03655-C2E9A,2026-09-15 12:18:54,ONLINE,Juan Tamad,Crispy Seafood Basket x1,980.00,117.60,85.00,1182.60,GCASH,PAID,COMPLETED,TXN-GCA-53945347
ORD-20260915-01805-E10FF,2026-09-15 12:25:00,ONLINE,Lisa Manoban,Sweet & Chili Crab Bucket x1; Grilled Seafood Platter x1; Classic Seafood Paella x2,7350.00,882.00,85.00,8317.00,CASH,PENDING,IN_PROCESS,N/A
ORD-20260915-03113-9A4D6,2026-09-15 12:25:48,ON_SITE,Pedro Penduko,Crispy Seafood Basket x1,980.00,117.60,0.00,1097.60,CASH,PAID,COMPLETED,TXN-CAS-46256633
ORD-20260915-00099-ED7EA,2026-09-15 12:27:24,ONLINE,Juan Tamad,Fresh Calamansi Juice Pitcher x1; Grilled Seafood Platter x1; Classic Seafood Paella x2; Crispy Seafood Basket x1,6660.00,799.20,100.00,7559.20,GCASH,PAID,COMPLETED,TXN-GCA-65209841
ORD-20260915-04824-BEA25,2026-09-15 12:29:36,ONLINE,Pedro Penduko,Grilled Seafood Platter x2; Seafood Cajun Boil x1,6050.00,726.00,75.00,6851.00,GCASH,PAID,COMPLETED,TXN-GCA-94438733
ORD-20260915-00847-146A9,2026-09-15 12:31:06,ONLINE,Juan Tamad,Seafood Bilao Feast x1; Fresh Calamansi Juice Pitcher x1,2680.00,321.60,100.00,3101.60,GCASH,PAID,IN_PROCESS,TXN-GCA-27846699
ORD-20260915-02759-059C7,2026-09-15 12:34:47,ONLINE,Ana Reyes,Crispy Seafood Basket x2,1960.00,235.20,85.00,2280.20,HYBRID (Cash + GCash),PAID,COMPLETED,TXN-HYB-49189761
ORD-20260915-01560-F8D38,2026-09-15 12:36:24,ONLINE,Ana Reyes,Garlic Butter Prawns x1,1250.00,150.00,75.00,1475.00,GCASH,PAID,COMPLETED,TXN-GCA-93601898
ORD-20260915-01437-FD67C,2026-09-15 12:37:42,ONLINE,Pedro Penduko,Classic Seafood Paella x1,1650.00,198.00,60.00,1908.00,GCASH,PAID,COMPLETED,TXN-GCA-60947709
ORD-20260915-02235-D86A7,2026-09-15 12:41:12,ONLINE,Mark Bautista,Seafood Bilao Feast x1,2400.00,288.00,100.00,2788.00,SPLIT (Cash + GCash),PAID,COMPLETED,TXN-SPL-61640613
ORD-20260915-00782-6F16A,2026-09-15 12:48:34,ON_SITE,Daniel Padilla,Grilled Seafood Platter x1,2100.00,252.00,0.00,2352.00,CASH,PENDING,IN_PROCESS,N/A
ORD-20260915-04545-BFDE7,2026-09-15 12:50:33,ONLINE,Ana Reyes,Grilled Seafood Platter x1; Classic Seafood Paella x1,3750.00,450.00,50.00,4250.00,GCASH,PAID,COMPLETED,TXN-GCA-81944383
ORD-20260915-04104-DBFAB,2026-09-15 12:50:43,ON_SITE,Sarah Geronimo,Classic Seafood Paella x1; Crispy Seafood Basket x2,3610.00,433.20,0.00,4043.20,SPLIT (Cash + GCash),PAID,COMPLETED,TXN-SPL-99399391
ORD-20260915-03589-50A4B,2026-09-15 12:52:44,ON_SITE,Joshua Garcia,Grilled Seafood Platter x1,2100.00,252.00,0.00,2352.00,MAYA,PAID,COMPLETED,TXN-MAY-13999385
ORD-20260915-00142-FFC0B,2026-09-15 12:53:15,ON_SITE,Alden Richards,Fresh Calamansi Juice Pitcher x1; Garlic Butter Prawns x1,1530.00,183.60,0.00,1713.60,CASH,PAID,COMPLETED,TXN-CAS-51909313
ORD-20260915-03463-8AAD7,2026-09-15 12:58:14,ON_SITE,Juan Tamad,Fresh Calamansi Juice Pitcher x1; Garlic Butter Prawns x1,1530.00,183.60,0.00,1713.60,MAYA,PAID,COMPLETED,TXN-MAY-25955812
ORD-20260915-00088-D40E1,2026-09-15 13:06:46,ONLINE,Pedro Penduko,Sweet & Chili Crab Bucket x2,3900.00,468.00,120.00,4488.00,CASH,PAID,COMPLETED,TXN-CAS-53060203
ORD-20260915-02523-DD733,2026-09-15 13:11:10,ONLINE,Juan Tamad,Grilled Seafood Platter x1; Crispy Seafood Basket x3,5040.00,604.80,100.00,5744.80,GCASH,PAID,COMPLETED,TXN-GCA-87840508
ORD-20260915-00752-3E5A1,2026-09-15 13:18:38,ONLINE,Ana Reyes,Garlic Butter Prawns x1,1250.00,150.00,60.00,1460.00,MAYA,PAID,COMPLETED,TXN-MAY-66959245
ORD-20260915-03140-46119,2026-09-15 13:23:04,ONLINE,Clara Dizon,Garlic Butter Prawns x1; Seafood Bilao Feast x1,3650.00,438.00,100.00,4188.00,COD,PAID,COMPLETED,TXN-COD-81169089
ORD-20260915-01033-7EE50,2026-09-15 13:24:59,ONLINE,Pedro Penduko,Crispy Seafood Basket x2; Classic Seafood Paella x1,3610.00,433.20,120.00,4163.20,GCASH,PAID,COMPLETED,TXN-GCA-49301654
ORD-20260915-04736-8FB98,2026-09-15 13:26:16,ON_SITE,Mark Bautista,Seafood Cajun Boil x1,1850.00,222.00,0.00,2072.00,GCASH,FAILED,CANCELLED,N/A
ORD-20260915-03688-AE705,2026-09-15 13:36:38,ONLINE,Mark Bautista,Seafood Cajun Boil x2; Grilled Seafood Platter x1,5800.00,696.00,50.00,6546.00,MAYA,PAID,COMPLETED,TXN-MAY-95101375
ORD-20260915-03575-1944D,2026-09-15 13:40:14,ONLINE,Mark Bautista,Seafood Cajun Boil x1; Crispy Seafood Basket x2; Sweet & Chili Crab Bucket x1; Grilled Seafood Platter x1,7860.00,943.20,75.00,8878.20,SPLIT (Cash + GCash),PAID,COMPLETED,TXN-SPL-68552953
ORD-20260915-01630-131DC,2026-09-15 13:44:16,ON_SITE,Matteo Guidicelli,Classic Seafood Paella x2,3300.00,396.00,0.00,3696.00,CASH,REFUNDED,CANCELLED,N/A
ORD-20260915-04328-C23E6,2026-09-15 13:58:31,ONLINE,Mark Bautista,Seafood Cajun Boil x2; Classic Seafood Paella x2; Grilled Seafood Platter x2; Fresh Calamansi Juice Pitcher x1,11480.00,1377.60,50.00,12907.60,CASH,PAID,COMPLETED,TXN-CAS-68607816
ORD-20260915-01428-33197,2026-09-15 14:00:41,ON_SITE,Clara Dizon,Seafood Cajun Boil x1; Grilled Seafood Platter x1,3950.00,474.00,0.00,4424.00,SPLIT (Cash + GCash),PENDING,CANCELLED,N/A
ORD-20260915-03624-4F2CA,2026-09-15 14:03:14,ONLINE,Lisa Manoban,Grilled Seafood Platter x1,2100.00,252.00,75.00,2427.00,HYBRID (Cash + GCash),PAID,COMPLETED,TXN-HYB-48555332
ORD-20260915-00766-EF04C,2026-09-15 14:04:29,ONLINE,Clara Dizon,Grilled Seafood Platter x2; Seafood Cajun Boil x1,6050.00,726.00,50.00,6826.00,GCASH,PAID,COMPLETED,TXN-GCA-48536157
ORD-20260915-01256-782CE,2026-09-15 14:12:09,ONLINE,Lisa Manoban,Sweet & Chili Crab Bucket x1,1950.00,234.00,85.00,2269.00,MAYA,PAID,COMPLETED,TXN-MAY-35910856
ORD-20260915-00212-1049C,2026-09-15 14:24:01,ON_SITE,Marian Rivera,Crispy Seafood Basket x1; Garlic Butter Prawns x1,2230.00,267.60,0.00,2497.60,SPLIT (Cash + GCash),PAID,COMPLETED,TXN-SPL-87795621
ORD-20260915-03998-A8373,2026-09-15 14:32:06,ONLINE,Lisa Manoban,Seafood Bilao Feast x1,2400.00,288.00,50.00,2738.00,COD,PAID,COMPLETED,TXN-COD-62173650
ORD-20260915-02375-837B5,2026-09-15 14:35:10,ONLINE,Lisa Manoban,Sweet & Chili Crab Bucket x2; Classic Seafood Paella x2,7200.00,864.00,75.00,8139.00,HYBRID (Cash + GCash),PAID,COMPLETED,TXN-HYB-42547920
ORD-20260915-01906-42317,2026-09-15 14:37:07,ON_SITE,Daniel Padilla,Fresh Calamansi Juice Pitcher x1,280.00,33.60,0.00,313.60,HYBRID (Cash + GCash),REFUNDED,CANCELLED,N/A
ORD-20260915-01383-00007,2026-09-15 14:42:06,ON_SITE,Pedro Penduko,Classic Seafood Paella x1,1650.00,198.00,0.00,1848.00,HYBRID (Cash + GCash),PAID,COMPLETED,TXN-HYB-43034582
ORD-20260915-02382-7B3BA,2026-09-15 14:44:41,ON_SITE,Alden Richards,Garlic Butter Prawns x1; Grilled Seafood Platter x1,3350.00,402.00,0.00,3752.00,GCASH,PAID,COMPLETED,TXN-GCA-97915596
ORD-20260915-04114-24C21,2026-09-15 14:49:47,ONLINE,Ana Reyes,Garlic Butter Prawns x1; Seafood Bilao Feast x1; Sweet & Chili Crab Bucket x2,7550.00,906.00,50.00,8506.00,HYBRID (Cash + GCash),PAID,COMPLETED,TXN-HYB-34569085
ORD-20260915-03694-F1535,2026-09-15 14:54:41,ONLINE,Lisa Manoban,Garlic Butter Prawns x1,1250.00,150.00,120.00,1520.00,CASH,PAID,COMPLETED,TXN-CAS-89938169
ORD-20260915-03297-9D052,2026-09-15 14:57:30,ONLINE,Juan Tamad,Garlic Butter Prawns x1,1250.00,150.00,75.00,1475.00,GCASH,PAID,COMPLETED,TXN-GCA-98781724
ORD-20260915-03752-E6E45,2026-09-15 15:02:15,ONLINE,Pedro Penduko,Fresh Calamansi Juice Pitcher x1; Garlic Butter Prawns x2; Crispy Seafood Basket x1,3760.00,451.20,100.00,4311.20,GCASH,PAID,COMPLETED,TXN-GCA-12481594
ORD-20260915-04630-6C248,2026-09-15 15:05:42,ON_SITE,Bea Alonzo,Garlic Butter Prawns x1,1250.00,150.00,0.00,1400.00,SPLIT (Cash + GCash),PAID,COMPLETED,TXN-SPL-51169734
ORD-20260915-03553-90EEE,2026-09-15 15:06:01,ONLINE,Lisa Manoban,Garlic Butter Prawns x1,1250.00,150.00,120.00,1520.00,GCASH,PAID,COMPLETED,TXN-GCA-11587360
ORD-20260915-01012-99146,2026-09-15 15:06:08,ON_SITE,Clara Dizon,Grilled Seafood Platter x1,2100.00,252.00,0.00,2352.00,CASH,PAID,COMPLETED,TXN-CAS-90497456
ORD-20260915-00311-3CC58,2026-09-15 15:06:23,ON_SITE,Joshua Garcia,Sweet & Chili Crab Bucket x1,1950.00,234.00,0.00,2184.00,CASH,PAID,COMPLETED,TXN-CAS-19911771
ORD-20260915-00122-0D9C7,2026-09-15 15:12:24,ONLINE,Clara Dizon,Seafood Cajun Boil x2,3700.00,444.00,75.00,4219.00,HYBRID (Cash + GCash),PAID,COMPLETED,TXN-HYB-59353646
ORD-20260915-01347-CAB6C,2026-09-15 15:27:39,ONLINE,Juan Tamad,Classic Seafood Paella x2; Crispy Seafood Basket x1; Grilled Seafood Platter x1,6380.00,765.60,120.00,7265.60,GCASH,PAID,COMPLETED,TXN-GCA-97491155
ORD-20260915-02752-35ED4,2026-09-15 15:32:51,ON_SITE,Pedro Penduko,Fresh Calamansi Juice Pitcher x1,280.00,33.60,0.00,313.60,CASH,PAID,COMPLETED,TXN-CAS-55634006
ORD-20260915-01404-E5E01,2026-09-15 15:38:10,ON_SITE,Matteo Guidicelli,Fresh Calamansi Juice Pitcher x1; Classic Seafood Paella x2,3580.00,429.60,0.00,4009.60,SPLIT (Cash + GCash),PAID,COMPLETED,TXN-SPL-24565091
ORD-20260915-01285-7AB87,2026-09-15 15:39:18,ON_SITE,Ramon Magsaysay Jr.,Garlic Butter Prawns x1; Seafood Bilao Feast x1; Classic Seafood Paella x2,6950.00,834.00,0.00,7784.00,GCASH,PAID,COMPLETED,TXN-GCA-40967983
ORD-20260915-01077-422D8,2026-09-15 15:42:16,ON_SITE,Juan Tamad,Classic Seafood Paella x1,1650.00,198.00,0.00,1848.00,CASH,PAID,COMPLETED,TXN-CAS-86843292
ORD-20260915-00961-BA71C,2026-09-15 15:45:21,ON_SITE,Daniel Padilla,Grilled Seafood Platter x1,2100.00,252.00,0.00,2352.00,SPLIT (Cash + GCash),PAID,COMPLETED,TXN-SPL-53850577
ORD-20260915-01206-14028,2026-09-15 15:50:39,ON_SITE,Joshua Garcia,Fresh Calamansi Juice Pitcher x1; Classic Seafood Paella x1,1930.00,231.60,0.00,2161.60,GCASH,PAID,COMPLETED,TXN-GCA-30608788
ORD-20260915-03454-9A339,2026-09-15 15:51:37,ONLINE,Ana Reyes,Classic Seafood Paella x1; Sweet & Chili Crab Bucket x1; Garlic Butter Prawns x1,4850.00,582.00,50.00,5482.00,MAYA,PAID,IN_PROCESS,TXN-MAY-62382107
ORD-20260915-03196-623BF,2026-09-15 15:52:52,ON_SITE,Joshua Garcia,Seafood Bilao Feast x1; Sweet & Chili Crab Bucket x1,4350.00,522.00,0.00,4872.00,CASH,PAID,COMPLETED,TXN-CAS-80018783
ORD-20260915-00027-28A46,2026-09-15 15:53:09,ONLINE,Pedro Penduko,Crispy Seafood Basket x1; Garlic Butter Prawns x1; Sweet & Chili Crab Bucket x1; Fresh Calamansi Juice Pitcher x2,4740.00,568.80,60.00,5368.80,GCASH,PAID,COMPLETED,TXN-GCA-67130786
ORD-20260915-01675-A6F11,2026-09-15 16:05:17,ONLINE,Ana Reyes,Grilled Seafood Platter x1; Garlic Butter Prawns x2; Sweet & Chili Crab Bucket x2,8500.00,1020.00,50.00,9570.00,GCASH,PAID,COMPLETED,TXN-GCA-23940258
ORD-20260915-04749-28794,2026-09-15 16:07:06,ON_SITE,Katrina Halili,Sweet & Chili Crab Bucket x1,1950.00,234.00,0.00,2184.00,GCASH,PAID,COMPLETED,TXN-GCA-37876089
ORD-20260915-03143-DF112,2026-09-15 16:12:31,ONLINE,Juan Tamad,Sweet & Chili Crab Bucket x2,3900.00,468.00,75.00,4443.00,CASH,PAID,COMPLETED,TXN-CAS-58596781
ORD-20260915-02502-DD4E7,2026-09-15 16:16:00,ONLINE,Ana Reyes,Fresh Calamansi Juice Pitcher x1; Seafood Cajun Boil x2,3980.00,477.60,60.00,4517.60,HYBRID (Cash + GCash),PAID,COMPLETED,TXN-HYB-84801197
ORD-20260915-01165-D6EDC,2026-09-15 16:19:27,ON_SITE,Ana Reyes,Seafood Bilao Feast x1,2400.00,288.00,0.00,2688.00,HYBRID (Cash + GCash),PAID,COMPLETED,TXN-HYB-56881544
ORD-20260915-01769-8362D,2026-09-15 16:19:57,ONLINE,Ana Reyes,Sweet & Chili Crab Bucket x1,1950.00,234.00,120.00,2304.00,GCASH,PAID,COMPLETED,TXN-GCA-76557784
ORD-20260915-00165-4315B,2026-09-15 16:21:51,ONLINE,Ana Reyes,Sweet & Chili Crab Bucket x1; Fresh Calamansi Juice Pitcher x1; Seafood Bilao Feast x1,4630.00,555.60,85.00,5270.60,SPLIT (Cash + GCash),PAID,COMPLETED,TXN-SPL-74710071
ORD-20260915-04561-90BF7,2026-09-15 16:38:23,ONLINE,Lisa Manoban,Grilled Seafood Platter x1; Classic Seafood Paella x2,5400.00,648.00,50.00,6098.00,HYBRID (Cash + GCash),PAID,COMPLETED,TXN-HYB-26806064
ORD-20260915-01105-F965C,2026-09-15 16:38:47,ONLINE,Pedro Penduko,Crispy Seafood Basket x1; Garlic Butter Prawns x2; Grilled Seafood Platter x1,5580.00,669.60,100.00,6349.60,GCASH,PENDING,IN_PROCESS,N/A
ORD-20260915-04489-FC29D,2026-09-15 16:46:27,ON_SITE,Ramon Magsaysay Jr.,Seafood Cajun Boil x1; Fresh Calamansi Juice Pitcher x2,2410.00,289.20,0.00,2699.20,SPLIT (Cash + GCash),PAID,COMPLETED,TXN-SPL-13962705
ORD-20260915-00510-058DB,2026-09-15 16:48:58,ON_SITE,Alden Richards,Classic Seafood Paella x1,1650.00,198.00,0.00,1848.00,CASH,PAID,COMPLETED,TXN-CAS-84018021
ORD-20260915-01055-E0AB7,2026-09-15 16:50:12,ONLINE,Lisa Manoban,Fresh Calamansi Juice Pitcher x1; Classic Seafood Paella x1,1930.00,231.60,120.00,2281.60,HYBRID (Cash + GCash),PAID,COMPLETED,TXN-HYB-73148080
ORD-20260915-01381-7BFA5,2026-09-15 16:51:21,ON_SITE,Dingdong Dantes,Classic Seafood Paella x1,1650.00,198.00,0.00,1848.00,MAYA,PAID,COMPLETED,TXN-MAY-79052621
ORD-20260915-04743-2B832,2026-09-15 17:07:33,ON_SITE,Marian Rivera,Classic Seafood Paella x1,1650.00,198.00,0.00,1848.00,SPLIT (Cash + GCash),PAID,COMPLETED,TXN-SPL-48782831
ORD-20260915-00929-E4E73,2026-09-15 17:10:38,ON_SITE,Mark Bautista,Garlic Butter Prawns x2; Seafood Bilao Feast x2,7300.00,876.00,0.00,8176.00,GCASH,PAID,COMPLETED,TXN-GCA-26357173
ORD-20260915-01066-0FDDF,2026-09-15 17:14:51,ONLINE,Ana Reyes,Seafood Cajun Boil x1; Crispy Seafood Basket x2; Seafood Bilao Feast x1,6210.00,745.20,75.00,7030.20,COD,PAID,COMPLETED,TXN-COD-82896446
ORD-20260915-04329-24129,2026-09-15 17:19:18,ONLINE,Lisa Manoban,Seafood Cajun Boil x1; Crispy Seafood Basket x1; Garlic Butter Prawns x2,5330.00,639.60,60.00,6029.60,SPLIT (Cash + GCash),PAID,COMPLETED,TXN-SPL-99654391
ORD-20260915-00647-82D8D,2026-09-15 17:26:02,ON_SITE,Alden Richards,Sweet & Chili Crab Bucket x2; Seafood Bilao Feast x1; Seafood Cajun Boil x1,8150.00,978.00,0.00,9128.00,CASH,PENDING,IN_PROCESS,N/A
ORD-20260915-00850-298C2,2026-09-15 17:28:09,ONLINE,Mark Bautista,Classic Seafood Paella x1,1650.00,198.00,60.00,1908.00,GCASH,PAID,COMPLETED,TXN-GCA-53244018
ORD-20260915-02446-61E95,2026-09-15 17:44:49,ONLINE,Mark Bautista,Classic Seafood Paella x2; Seafood Bilao Feast x1,5700.00,684.00,85.00,6469.00,GCASH,PAID,COMPLETED,TXN-GCA-95192156
ORD-20260915-01905-8F5BF,2026-09-15 17:49:05,ONLINE,Pedro Penduko,Seafood Bilao Feast x1; Crispy Seafood Basket x1; Garlic Butter Prawns x1,4630.00,555.60,75.00,5260.60,COD,PAID,COMPLETED,TXN-COD-49140731
ORD-20260915-00540-EC76C,2026-09-15 17:53:33,ON_SITE,Pedro Penduko,Grilled Seafood Platter x1,2100.00,252.00,0.00,2352.00,GCASH,PAID,COMPLETED,TXN-GCA-62607433
ORD-20260915-02662-1311E,2026-09-15 17:53:35,ON_SITE,Dindo Dela Cruz,Seafood Bilao Feast x1; Garlic Butter Prawns x1,3650.00,438.00,0.00,4088.00,GCASH,PAID,COMPLETED,TXN-GCA-48308586
ORD-20260915-02357-6335E,2026-09-15 18:04:06,ONLINE,Ana Reyes,Fresh Calamansi Juice Pitcher x1,280.00,33.60,120.00,433.60,HYBRID (Cash + GCash),PAID,COMPLETED,TXN-HYB-80694628
ORD-20260915-03701-2E0B7,2026-09-15 18:12:07,ONLINE,Pedro Penduko,Fresh Calamansi Juice Pitcher x1,280.00,33.60,85.00,398.60,GCASH,PAID,COMPLETED,TXN-GCA-15602988
ORD-20260915-02910-171FC,2026-09-15 18:18:23,ONLINE,Clara Dizon,Seafood Bilao Feast x2; Seafood Cajun Boil x2; Grilled Seafood Platter x2; Crispy Seafood Basket x1,13680.00,1641.60,50.00,15371.60,SPLIT (Cash + GCash),PAID,COMPLETED,TXN-SPL-20480425
ORD-20260915-04610-15ACD,2026-09-15 18:18:24,ONLINE,Juan Tamad,Grilled Seafood Platter x1; Seafood Bilao Feast x1,4500.00,540.00,75.00,5115.00,SPLIT (Cash + GCash),PAID,COMPLETED,TXN-SPL-45338038
ORD-20260915-02333-BF573,2026-09-15 18:27:15,ON_SITE,Sarah Geronimo,Grilled Seafood Platter x1,2100.00,252.00,0.00,2352.00,SPLIT (Cash + GCash),PAID,COMPLETED,TXN-SPL-91092969
ORD-20260915-04312-A1167,2026-09-15 18:28:46,ONLINE,Lisa Manoban,Garlic Butter Prawns x1; Seafood Cajun Boil x1; Sweet & Chili Crab Bucket x2,7000.00,840.00,100.00,7940.00,GCASH,PAID,COMPLETED,TXN-GCA-49983204
ORD-20260915-02818-59FB3,2026-09-15 18:30:08,ON_SITE,Pedro Penduko,Seafood Cajun Boil x1,1850.00,222.00,0.00,2072.00,HYBRID (Cash + GCash),PAID,COMPLETED,TXN-HYB-33815612
ORD-20260915-04240-FA54D,2026-09-15 18:40:12,ONLINE,Juan Tamad,Grilled Seafood Platter x1,2100.00,252.00,75.00,2427.00,CASH,PAID,COMPLETED,TXN-CAS-35150113
ORD-20260915-02397-72273,2026-09-15 18:59:57,ON_SITE,Clara Dizon,Seafood Cajun Boil x1; Crispy Seafood Basket x1,2830.00,339.60,0.00,3169.60,MAYA,PAID,COMPLETED,TXN-MAY-87265120
ORD-20260915-01882-C93B4,2026-09-15 19:07:54,ONLINE,Ana Reyes,Classic Seafood Paella x1; Seafood Bilao Feast x1,4050.00,486.00,85.00,4621.00,GCASH,PAID,COMPLETED,TXN-GCA-19245270
ORD-20260915-04688-4BD5F,2026-09-15 19:07:57,ONLINE,Lisa Manoban,Seafood Cajun Boil x1,1850.00,222.00,85.00,2157.00,GCASH,PENDING,IN_PROCESS,N/A
ORD-20260915-02721-AA450,2026-09-15 19:10:39,ON_SITE,Dindo Dela Cruz,Garlic Butter Prawns x1,1250.00,150.00,0.00,1400.00,HYBRID (Cash + GCash),PENDING,IN_PROCESS,N/A
ORD-20260915-01155-C539E,2026-09-15 19:16:09,ON_SITE,Juan Tamad,Seafood Cajun Boil x1,1850.00,222.00,0.00,2072.00,CASH,PENDING,IN_PROCESS,N/A
ORD-20260915-03149-802B4,2026-09-15 19:18:49,ON_SITE,Katrina Halili,Garlic Butter Prawns x1; Seafood Cajun Boil x1,3100.00,372.00,0.00,3472.00,GCASH,PAID,COMPLETED,TXN-GCA-73278009
ORD-20260915-04699-E3A11,2026-09-15 19:19:44,ONLINE,Clara Dizon,Crispy Seafood Basket x2; Garlic Butter Prawns x1; Seafood Bilao Feast x1; Classic Seafood Paella x1,7260.00,871.20,85.00,8216.20,GCASH,PAID,COMPLETED,TXN-GCA-73048983
ORD-20260915-02231-5C3C5,2026-09-15 19:19:49,ON_SITE,Ana Reyes,Sweet & Chili Crab Bucket x2,3900.00,468.00,0.00,4368.00,MAYA,PAID,COMPLETED,TXN-MAY-64800723
ORD-20260915-00061-63AC6,2026-09-15 19:20:50,ONLINE,Mark Bautista,Sweet & Chili Crab Bucket x1; Grilled Seafood Platter x1; Classic Seafood Paella x1,5700.00,684.00,120.00,6504.00,MAYA,PAID,COMPLETED,TXN-MAY-58725800
ORD-20260915-03446-FDD2D,2026-09-15 19:22:04,ONLINE,Lisa Manoban,Seafood Bilao Feast x1,2400.00,288.00,120.00,2808.00,GCASH,PAID,COMPLETED,TXN-GCA-82579311
ORD-20260915-00369-FD212,2026-09-15 19:22:17,ON_SITE,Dingdong Dantes,Sweet & Chili Crab Bucket x1; Garlic Butter Prawns x1; Grilled Seafood Platter x2,7400.00,888.00,0.00,8288.00,GCASH,PAID,COMPLETED,TXN-GCA-37340521
ORD-20260915-02984-BB7F4,2026-09-15 19:25:23,ONLINE,Lisa Manoban,Grilled Seafood Platter x1; Seafood Cajun Boil x1,3950.00,474.00,50.00,4474.00,SPLIT (Cash + GCash),PAID,IN_PROCESS,TXN-SPL-23227854
ORD-20260915-04034-8E3EF,2026-09-15 19:33:11,ONLINE,Clara Dizon,Seafood Bilao Feast x2,4800.00,576.00,60.00,5436.00,HYBRID (Cash + GCash),PAID,COMPLETED,TXN-HYB-92794151
ORD-20260915-03658-BBB2E,2026-09-15 19:34:16,ONLINE,Pedro Penduko,Fresh Calamansi Juice Pitcher x1; Garlic Butter Prawns x1; Grilled Seafood Platter x1,3630.00,435.60,50.00,4115.60,GCASH,PAID,COMPLETED,TXN-GCA-76750399
ORD-20260915-01954-F25C2,2026-09-15 19:37:27,ON_SITE,Daniel Padilla,Seafood Bilao Feast x1; Seafood Cajun Boil x1,4250.00,510.00,0.00,4760.00,GCASH,PAID,COMPLETED,TXN-GCA-77491573
ORD-20260915-04594-C6721,2026-09-15 19:45:40,ON_SITE,Pedro Penduko,Grilled Seafood Platter x1,2100.00,252.00,0.00,2352.00,GCASH,PAID,COMPLETED,TXN-GCA-45886335
ORD-20260915-01176-1DD64,2026-09-15 19:51:09,ONLINE,Pedro Penduko,Sweet & Chili Crab Bucket x1; Grilled Seafood Platter x2,6150.00,738.00,100.00,6988.00,SPLIT (Cash + GCash),PAID,COMPLETED,TXN-SPL-39756065
ORD-20260915-03136-15F65,2026-09-15 19:51:18,ON_SITE,Juan Tamad,Seafood Bilao Feast x1; Sweet & Chili Crab Bucket x1,4350.00,522.00,0.00,4872.00,CASH,PAID,COMPLETED,TXN-CAS-57943398
ORD-20260915-00559-8B146,2026-09-15 19:55:14,ON_SITE,Ana Reyes,Grilled Seafood Platter x1; Garlic Butter Prawns x1,3350.00,402.00,0.00,3752.00,HYBRID (Cash + GCash),PAID,COMPLETED,TXN-HYB-11494562
ORD-20260915-04803-7FAA5,2026-09-15 19:55:14,ONLINE,Pedro Penduko,Seafood Cajun Boil x2; Sweet & Chili Crab Bucket x1,5650.00,678.00,50.00,6378.00,MAYA,PAID,COMPLETED,TXN-MAY-22366538
ORD-20260915-01145-563D2,2026-09-15 19:56:30,ONLINE,Lisa Manoban,Crispy Seafood Basket x1,980.00,117.60,50.00,1147.60,HYBRID (Cash + GCash),PAID,COMPLETED,TXN-HYB-44353700
ORD-20260915-01600-0072C,2026-09-15 20:00:52,ON_SITE,Giselle Hernandez,Grilled Seafood Platter x1,2100.00,252.00,0.00,2352.00,CASH,PAID,COMPLETED,TXN-CAS-47330208
ORD-20260915-03464-750CA,2026-09-15 20:05:09,ONLINE,Clara Dizon,Sweet & Chili Crab Bucket x1,1950.00,234.00,60.00,2244.00,GCASH,PAID,COMPLETED,TXN-GCA-32500848
ORD-20260915-01856-F6B5A,2026-09-15 20:07:07,ONLINE,Juan Tamad,Seafood Bilao Feast x1; Sweet & Chili Crab Bucket x1,4350.00,522.00,60.00,4932.00,GCASH,PAID,COMPLETED,TXN-GCA-22087814
ORD-20260915-04434-E7AC1,2026-09-15 20:09:07,ON_SITE,Clara Dizon,Seafood Bilao Feast x1,2400.00,288.00,0.00,2688.00,GCASH,PAID,COMPLETED,TXN-GCA-49809405
ORD-20260915-01057-74EF6,2026-09-15 20:11:28,ON_SITE,Lisa Manoban,Garlic Butter Prawns x1,1250.00,150.00,0.00,1400.00,CASH,PAID,COMPLETED,TXN-CAS-74517537
ORD-20260915-00812-80675,2026-09-15 20:22:29,ONLINE,Pedro Penduko,Seafood Cajun Boil x1; Sweet & Chili Crab Bucket x1; Grilled Seafood Platter x1,5900.00,708.00,100.00,6708.00,GCASH,PENDING,IN_PROCESS,N/A
ORD-20260915-03822-50075,2026-09-15 20:24:20,ONLINE,Pedro Penduko,Seafood Cajun Boil x1; Garlic Butter Prawns x1,3100.00,372.00,120.00,3592.00,GCASH,PAID,COMPLETED,TXN-GCA-41054632
ORD-20260915-04031-BB5A7,2026-09-15 20:29:20,ON_SITE,Lisa Manoban,Classic Seafood Paella x1,1650.00,198.00,0.00,1848.00,GCASH,PAID,COMPLETED,TXN-GCA-91464783
ORD-20260915-03029-805C7,2026-09-15 20:30:51,ONLINE,Juan Tamad,Classic Seafood Paella x1; Sweet & Chili Crab Bucket x1; Seafood Cajun Boil x1,5450.00,654.00,60.00,6164.00,HYBRID (Cash + GCash),PAID,COMPLETED,TXN-HYB-92552581
ORD-20260915-01378-67BD3,2026-09-15 20:31:59,ONLINE,Lisa Manoban,Seafood Cajun Boil x3; Classic Seafood Paella x1; Grilled Seafood Platter x1; Crispy Seafood Basket x1,10280.00,1233.60,85.00,11598.60,GCASH,PAID,COMPLETED,TXN-GCA-51235163
ORD-20260915-02773-DCF79,2026-09-15 20:34:39,ONLINE,Clara Dizon,Fresh Calamansi Juice Pitcher x2,560.00,67.20,50.00,677.20,GCASH,PAID,COMPLETED,TXN-GCA-92985692
ORD-20260915-04609-FD37D,2026-09-15 20:35:00,ON_SITE,Carlos Mendoza,Crispy Seafood Basket x1,980.00,117.60,0.00,1097.60,CASH,PAID,COMPLETED,TXN-CAS-49247499
ORD-20260915-02100-613D5,2026-09-15 20:36:18,ONLINE,Clara Dizon,Fresh Calamansi Juice Pitcher x1,280.00,33.60,60.00,373.60,GCASH,PAID,COMPLETED,TXN-GCA-78052066
ORD-20260915-03792-1D8F2,2026-09-15 20:47:18,ONLINE,Mark Bautista,Grilled Seafood Platter x1; Seafood Cajun Boil x1; Fresh Calamansi Juice Pitcher x2; Seafood Bilao Feast x2,9310.00,1117.20,85.00,10512.20,CASH,PAID,COMPLETED,TXN-CAS-63570617
ORD-20260915-01221-E44BB,2026-09-15 20:53:40,ONLINE,Juan Tamad,Fresh Calamansi Juice Pitcher x1; Seafood Cajun Boil x1,2130.00,255.60,75.00,2460.60,GCASH,PAID,COMPLETED,TXN-GCA-63128579
ORD-20260915-01394-ED8CB,2026-09-15 20:55:00,ON_SITE,Daniel Padilla,Garlic Butter Prawns x1; Seafood Bilao Feast x1; Seafood Cajun Boil x1,5500.00,660.00,0.00,6160.00,GCASH,PAID,COMPLETED,TXN-GCA-22683655
ORD-20260915-00563-F0920,2026-09-15 21:05:48,ONLINE,Mark Bautista,Fresh Calamansi Juice Pitcher x2,560.00,67.20,50.00,677.20,GCASH,PAID,COMPLETED,TXN-GCA-56271985
ORD-20260915-04008-80A58,2026-09-15 21:08:21,ON_SITE,Clara Dizon,Grilled Seafood Platter x1,2100.00,252.00,0.00,2352.00,GCASH,PAID,COMPLETED,TXN-GCA-76782079
ORD-20260915-01588-274E2,2026-09-15 21:20:42,ONLINE,Juan Tamad,Classic Seafood Paella x3,4950.00,594.00,100.00,5644.00,GCASH,PAID,COMPLETED,TXN-GCA-28571611
ORD-20260915-04905-55E50,2026-09-15 21:44:34,ON_SITE,Bea Alonzo,Garlic Butter Prawns x1; Crispy Seafood Basket x1; Grilled Seafood Platter x1,4330.00,519.60,0.00,4849.60,SPLIT (Cash + GCash),PAID,COMPLETED,TXN-SPL-42269275
ORD-20260915-01684-AACF0,2026-09-15 21:45:39,ON_SITE,Joshua Garcia,Garlic Butter Prawns x1; Crispy Seafood Basket x1; Classic Seafood Paella x2,5530.00,663.60,0.00,6193.60,GCASH,PAID,COMPLETED,TXN-GCA-63611222
ORD-20260915-02888-7FF7D,2026-09-15 21:48:25,ONLINE,Mark Bautista,Crispy Seafood Basket x1,980.00,117.60,75.00,1172.60,GCASH,PAID,COMPLETED,TXN-GCA-23169317
ORD-20260915-03930-73FE1,2026-09-15 21:50:37,ONLINE,Ana Reyes,Garlic Butter Prawns x1; Sweet & Chili Crab Bucket x1,3200.00,384.00,75.00,3659.00,MAYA,PAID,COMPLETED,TXN-MAY-37586426
ORD-20260915-01538-D598D,2026-09-15 21:51:57,ONLINE,Clara Dizon,Garlic Butter Prawns x1; Fresh Calamansi Juice Pitcher x1,1530.00,183.60,120.00,1833.60,CASH,PAID,COMPLETED,TXN-CAS-13379473
ORD-20260915-03239-AC350,2026-09-15 21:52:46,ONLINE,Clara Dizon,Garlic Butter Prawns x1; Classic Seafood Paella x1,2900.00,348.00,50.00,3298.00,GCASH,PAID,COMPLETED,TXN-GCA-26661435
ORD-20260916-02737-2BB49,2026-09-16 10:01:27,ONLINE,Clara Dizon,Garlic Butter Prawns x2; Grilled Seafood Platter x2,6700.00,804.00,85.00,7589.00,GCASH,PAID,COMPLETED,TXN-GCA-40282203
ORD-20260916-03007-DCFFB,2026-09-16 10:15:55,ONLINE,Juan Tamad,Crispy Seafood Basket x1; Fresh Calamansi Juice Pitcher x1,1260.00,151.20,120.00,1531.20,GCASH,PAID,COMPLETED,TXN-GCA-32730430
ORD-20260916-01088-2580E,2026-09-16 10:16:24,ONLINE,Lisa Manoban,Fresh Calamansi Juice Pitcher x2,560.00,67.20,85.00,712.20,SPLIT (Cash + GCash),PAID,COMPLETED,TXN-SPL-18363080
ORD-20260916-02378-22984,2026-09-16 10:17:02,ON_SITE,Ana Reyes,Fresh Calamansi Juice Pitcher x1; Garlic Butter Prawns x3,4030.00,483.60,0.00,4513.60,HYBRID (Cash + GCash),PAID,COMPLETED,TXN-HYB-27327590
ORD-20260916-00572-258F8,2026-09-16 10:21:46,ON_SITE,Dindo Dela Cruz,Grilled Seafood Platter x1,2100.00,252.00,0.00,2352.00,SPLIT (Cash + GCash),PENDING,IN_PROCESS,N/A
ORD-20260916-01198-BF14A,2026-09-16 10:28:51,ON_SITE,Dingdong Dantes,Fresh Calamansi Juice Pitcher x1,280.00,33.60,0.00,313.60,CASH,PENDING,IN_PROCESS,N/A
ORD-20260916-00590-5E7DA,2026-09-16 10:32:49,ON_SITE,Pedro Penduko,Sweet & Chili Crab Bucket x3; Fresh Calamansi Juice Pitcher x1,6130.00,735.60,0.00,6865.60,CASH,PAID,COMPLETED,TXN-CAS-87178685
ORD-20260916-04721-36D99,2026-09-16 10:37:20,ON_SITE,Clara Dizon,Garlic Butter Prawns x1,1250.00,150.00,0.00,1400.00,CASH,PAID,COMPLETED,TXN-CAS-14982783
ORD-20260916-04193-2D0D7,2026-09-16 10:37:53,ON_SITE,Clara Dizon,Crispy Seafood Basket x1; Seafood Cajun Boil x2; Grilled Seafood Platter x1; Fresh Calamansi Juice Pitcher x2,7340.00,880.80,0.00,8220.80,CASH,PAID,COMPLETED,TXN-CAS-82200254
ORD-20260916-04722-1C77A,2026-09-16 10:39:55,ON_SITE,Dindo Dela Cruz,Sweet & Chili Crab Bucket x2; Classic Seafood Paella x1; Garlic Butter Prawns x1,6800.00,816.00,0.00,7616.00,HYBRID (Cash + GCash),PAID,COMPLETED,TXN-HYB-29553194
ORD-20260916-00602-D4DA9,2026-09-16 10:40:49,ONLINE,Lisa Manoban,Classic Seafood Paella x1; Crispy Seafood Basket x2; Grilled Seafood Platter x1,5710.00,685.20,60.00,6455.20,COD,PAID,COMPLETED,TXN-COD-18379797
ORD-20260916-02567-95F49,2026-09-16 10:52:45,ON_SITE,Maria Clara Santos,Seafood Cajun Boil x1; Fresh Calamansi Juice Pitcher x1; Grilled Seafood Platter x1; Crispy Seafood Basket x1,5210.00,625.20,0.00,5835.20,CASH,PAID,COMPLETED,TXN-CAS-65656497
ORD-20260916-01175-8030E,2026-09-16 10:57:21,ONLINE,Mark Bautista,Classic Seafood Paella x1,1650.00,198.00,75.00,1923.00,GCASH,PAID,COMPLETED,TXN-GCA-86967144
ORD-20260916-02225-EFB90,2026-09-16 11:04:00,ONLINE,Juan Tamad,Seafood Bilao Feast x1; Classic Seafood Paella x2; Crispy Seafood Basket x1,6680.00,801.60,75.00,7556.60,SPLIT (Cash + GCash),PAID,COMPLETED,TXN-SPL-29777323
ORD-20260916-03736-B93C6,2026-09-16 11:05:06,ON_SITE,Sarah Geronimo,Sweet & Chili Crab Bucket x1,1950.00,234.00,0.00,2184.00,SPLIT (Cash + GCash),PAID,COMPLETED,TXN-SPL-52651261
ORD-20260916-00187-8D2FE,2026-09-16 11:05:22,ONLINE,Clara Dizon,Seafood Bilao Feast x1; Grilled Seafood Platter x1; Sweet & Chili Crab Bucket x1,6450.00,774.00,75.00,7299.00,HYBRID (Cash + GCash),PAID,COMPLETED,TXN-HYB-43805644
ORD-20260916-00974-B868E,2026-09-16 11:09:46,ONLINE,Juan Tamad,Seafood Bilao Feast x2,4800.00,576.00,100.00,5476.00,CASH,PENDING,IN_PROCESS,N/A
ORD-20260916-00668-E490E,2026-09-16 11:12:38,ON_SITE,Ana Reyes,Sweet & Chili Crab Bucket x1; Seafood Bilao Feast x1; Grilled Seafood Platter x2,8550.00,1026.00,0.00,9576.00,GCASH,PAID,COMPLETED,TXN-GCA-47808929
ORD-20260916-00693-97DBE,2026-09-16 11:18:57,ONLINE,Mark Bautista,Fresh Calamansi Juice Pitcher x1; Grilled Seafood Platter x1,2380.00,285.60,120.00,2785.60,GCASH,PAID,COMPLETED,TXN-GCA-53780098
ORD-20260916-04912-7A6F6,2026-09-16 11:20:33,ON_SITE,Mark Bautista,Grilled Seafood Platter x1; Seafood Cajun Boil x1,3950.00,474.00,0.00,4424.00,CASH,PAID,IN_PROCESS,TXN-CAS-14032019
ORD-20260916-02890-2E37E,2026-09-16 11:20:44,ON_SITE,Maria Clara Santos,Sweet & Chili Crab Bucket x1,1950.00,234.00,0.00,2184.00,CASH,PAID,COMPLETED,TXN-CAS-98502185
ORD-20260916-01008-443C2,2026-09-16 11:22:07,ONLINE,Clara Dizon,Sweet & Chili Crab Bucket x1,1950.00,234.00,75.00,2259.00,GCASH,PAID,COMPLETED,TXN-GCA-17316176
ORD-20260916-00494-0A8BE,2026-09-16 11:23:17,ONLINE,Lisa Manoban,Fresh Calamansi Juice Pitcher x1,280.00,33.60,100.00,413.60,HYBRID (Cash + GCash),PAID,COMPLETED,TXN-HYB-23531916
ORD-20260916-01524-036B0,2026-09-16 11:26:49,ONLINE,Pedro Penduko,Classic Seafood Paella x1; Garlic Butter Prawns x1,2900.00,348.00,100.00,3348.00,SPLIT (Cash + GCash),PAID,COMPLETED,TXN-SPL-43762277
ORD-20260916-03240-8AB42,2026-09-16 11:29:53,ON_SITE,Ramon Magsaysay Jr.,Crispy Seafood Basket x1; Garlic Butter Prawns x1; Seafood Bilao Feast x1,4630.00,555.60,0.00,5185.60,SPLIT (Cash + GCash),PAID,COMPLETED,TXN-SPL-28453939
ORD-20260916-02783-B3C44,2026-09-16 11:30:35,ONLINE,Ana Reyes,Sweet & Chili Crab Bucket x1; Seafood Cajun Boil x2,5650.00,678.00,50.00,6378.00,GCASH,PAID,COMPLETED,TXN-GCA-79954686
ORD-20260916-01589-A8064,2026-09-16 11:35:02,ONLINE,Juan Tamad,Seafood Bilao Feast x3; Classic Seafood Paella x1,8850.00,1062.00,60.00,9972.00,SPLIT (Cash + GCash),PAID,COMPLETED,TXN-SPL-75759318
ORD-20260916-04616-3A7BA,2026-09-16 11:38:17,ONLINE,Juan Tamad,Seafood Cajun Boil x1; Seafood Bilao Feast x1; Fresh Calamansi Juice Pitcher x1; Classic Seafood Paella x1,6180.00,741.60,60.00,6981.60,GCASH,PAID,COMPLETED,TXN-GCA-14862905
ORD-20260916-04818-6064F,2026-09-16 11:44:02,ONLINE,Clara Dizon,Garlic Butter Prawns x1; Classic Seafood Paella x2; Sweet & Chili Crab Bucket x2; Crispy Seafood Basket x2,10410.00,1249.20,75.00,11734.20,GCASH,PAID,COMPLETED,TXN-GCA-80258593
ORD-20260916-02920-9F8A4,2026-09-16 11:44:09,ONLINE,Mark Bautista,Classic Seafood Paella x1; Seafood Bilao Feast x2,6450.00,774.00,100.00,7324.00,HYBRID (Cash + GCash),PAID,COMPLETED,TXN-HYB-20104126
ORD-20260916-03916-B3D60,2026-09-16 11:44:55,ONLINE,Pedro Penduko,Seafood Bilao Feast x1,2400.00,288.00,50.00,2738.00,CASH,PAID,COMPLETED,TXN-CAS-35180509
ORD-20260916-04377-83C90,2026-09-16 11:46:36,ONLINE,Lisa Manoban,Seafood Bilao Feast x1,2400.00,288.00,100.00,2788.00,MAYA,REFUNDED,CANCELLED,N/A
ORD-20260916-02060-D2299,2026-09-16 11:55:15,ON_SITE,Daniel Padilla,Garlic Butter Prawns x2,2500.00,300.00,0.00,2800.00,CASH,REFUNDED,CANCELLED,N/A
ORD-20260916-01400-BA0BF,2026-09-16 11:57:03,ON_SITE,Maria Clara Santos,Sweet & Chili Crab Bucket x1,1950.00,234.00,0.00,2184.00,HYBRID (Cash + GCash),PAID,COMPLETED,TXN-HYB-43195365
ORD-20260916-02107-19694,2026-09-16 12:03:22,ONLINE,Juan Tamad,Seafood Bilao Feast x1,2400.00,288.00,85.00,2773.00,GCASH,PAID,COMPLETED,TXN-GCA-81788291
ORD-20260916-01658-6D661,2026-09-16 12:18:18,ONLINE,Clara Dizon,Seafood Bilao Feast x1; Seafood Cajun Boil x1; Sweet & Chili Crab Bucket x1,6200.00,744.00,120.00,7064.00,GCASH,PAID,COMPLETED,TXN-GCA-48395763
ORD-20260916-03501-7EB93,2026-09-16 12:24:01,ON_SITE,Maria Clara Santos,Fresh Calamansi Juice Pitcher x1; Crispy Seafood Basket x2,2240.00,268.80,0.00,2508.80,GCASH,PAID,COMPLETED,TXN-GCA-64509902
ORD-20260916-00988-1BDEE,2026-09-16 12:46:25,ONLINE,Ana Reyes,Fresh Calamansi Juice Pitcher x1; Sweet & Chili Crab Bucket x2,4180.00,501.60,50.00,4731.60,GCASH,PAID,COMPLETED,TXN-GCA-12049500
ORD-20260916-03283-B8EEC,2026-09-16 12:46:45,ONLINE,Juan Tamad,Seafood Cajun Boil x1,1850.00,222.00,60.00,2132.00,HYBRID (Cash + GCash),PAID,COMPLETED,TXN-HYB-66498362
ORD-20260916-01090-E6517,2026-09-16 12:50:29,ONLINE,Pedro Penduko,Classic Seafood Paella x2; Garlic Butter Prawns x2,5800.00,696.00,75.00,6571.00,CASH,PAID,COMPLETED,TXN-CAS-18366537
ORD-20260916-03311-53277,2026-09-16 12:51:34,ON_SITE,Ramon Magsaysay Jr.,Crispy Seafood Basket x1; Seafood Bilao Feast x2,5780.00,693.60,0.00,6473.60,SPLIT (Cash + GCash),PAID,COMPLETED,TXN-SPL-41432653
ORD-20260916-01163-9B04D,2026-09-16 12:52:05,ONLINE,Clara Dizon,Fresh Calamansi Juice Pitcher x1; Seafood Bilao Feast x1; Grilled Seafood Platter x1,4780.00,573.60,60.00,5413.60,GCASH,PAID,COMPLETED,TXN-GCA-23806076
ORD-20260916-03880-7F1A7,2026-09-16 12:57:37,ONLINE,Clara Dizon,Garlic Butter Prawns x3,3750.00,450.00,60.00,4260.00,GCASH,PAID,COMPLETED,TXN-GCA-49465374
ORD-20260916-02518-EA33E,2026-09-16 13:07:37,ON_SITE,Ferdinand Marcos,Grilled Seafood Platter x1; Classic Seafood Paella x1,3750.00,450.00,0.00,4200.00,CASH,PAID,COMPLETED,TXN-CAS-69857485
ORD-20260916-02780-A0DAB,2026-09-16 13:14:01,ONLINE,Juan Tamad,Seafood Cajun Boil x2,3700.00,444.00,60.00,4204.00,HYBRID (Cash + GCash),PAID,COMPLETED,TXN-HYB-17232915
ORD-20260916-00013-7EEB0,2026-09-16 13:14:02,ON_SITE,Lisa Manoban,Seafood Cajun Boil x1; Crispy Seafood Basket x1; Fresh Calamansi Juice Pitcher x1; Garlic Butter Prawns x1,4360.00,523.20,0.00,4883.20,HYBRID (Cash + GCash),PAID,COMPLETED,TXN-HYB-81053218
ORD-20260916-03040-67FC0,2026-09-16 13:21:33,ONLINE,Mark Bautista,Crispy Seafood Basket x1; Seafood Cajun Boil x2,4680.00,561.60,120.00,5361.60,CASH,PAID,COMPLETED,TXN-CAS-84563180
ORD-20260916-00288-1F31D,2026-09-16 13:29:03,ON_SITE,Daniel Padilla,Classic Seafood Paella x3,4950.00,594.00,0.00,5544.00,GCASH,PAID,COMPLETED,TXN-GCA-31987603
ORD-20260916-01373-A1E62,2026-09-16 13:45:29,ONLINE,Lisa Manoban,Grilled Seafood Platter x1; Classic Seafood Paella x1,3750.00,450.00,120.00,4320.00,GCASH,PAID,COMPLETED,TXN-GCA-19630427
ORD-20260916-01432-58A4A,2026-09-16 13:53:13,ON_SITE,Giselle Hernandez,Crispy Seafood Basket x1; Grilled Seafood Platter x1,3080.00,369.60,0.00,3449.60,MAYA,PAID,COMPLETED,TXN-MAY-27456032
ORD-20260916-04049-124CC,2026-09-16 13:58:49,ON_SITE,Juan Tamad,Classic Seafood Paella x2,3300.00,396.00,0.00,3696.00,GCASH,PAID,COMPLETED,TXN-GCA-52610371
ORD-20260916-02296-8C5A1,2026-09-16 14:04:04,ONLINE,Juan Tamad,Fresh Calamansi Juice Pitcher x2; Sweet & Chili Crab Bucket x1; Garlic Butter Prawns x2,5010.00,601.20,60.00,5671.20,HYBRID (Cash + GCash),PAID,COMPLETED,TXN-HYB-43934535
ORD-20260916-00735-285AB,2026-09-16 14:08:01,ON_SITE,Carlos Mendoza,Seafood Bilao Feast x1; Classic Seafood Paella x1,4050.00,486.00,0.00,4536.00,CASH,PAID,COMPLETED,TXN-CAS-73081879
ORD-20260916-04158-A4B8F,2026-09-16 14:12:46,ON_SITE,Dingdong Dantes,Fresh Calamansi Juice Pitcher x1; Classic Seafood Paella x1,1930.00,231.60,0.00,2161.60,CASH,PAID,COMPLETED,TXN-CAS-75799063
ORD-20260916-01671-C8CA3,2026-09-16 14:18:38,ON_SITE,Lisa Manoban,Sweet & Chili Crab Bucket x1,1950.00,234.00,0.00,2184.00,CASH,PAID,COMPLETED,TXN-CAS-10273874
ORD-20260916-04458-3C2C2,2026-09-16 14:24:19,ONLINE,Mark Bautista,Fresh Calamansi Juice Pitcher x1; Seafood Bilao Feast x1,2680.00,321.60,120.00,3121.60,HYBRID (Cash + GCash),PAID,IN_PROCESS,TXN-HYB-42504318
ORD-20260916-04074-3DE72,2026-09-16 14:27:47,ON_SITE,Juan Tamad,Classic Seafood Paella x1; Seafood Cajun Boil x1; Fresh Calamansi Juice Pitcher x1; Crispy Seafood Basket x1,4760.00,571.20,0.00,5331.20,CASH,PAID,COMPLETED,TXN-CAS-32823411
ORD-20260916-03807-2D535,2026-09-16 14:36:23,ONLINE,Juan Tamad,Fresh Calamansi Juice Pitcher x2,560.00,67.20,50.00,677.20,CASH,PAID,COMPLETED,TXN-CAS-51180094
ORD-20260916-00308-809E8,2026-09-16 14:37:17,ON_SITE,Carlos Mendoza,Classic Seafood Paella x1; Grilled Seafood Platter x1,3750.00,450.00,0.00,4200.00,CASH,PAID,COMPLETED,TXN-CAS-89773113
ORD-20260916-01889-70E7A,2026-09-16 14:39:08,ONLINE,Mark Bautista,Seafood Bilao Feast x2,4800.00,576.00,85.00,5461.00,GCASH,PENDING,IN_PROCESS,N/A
ORD-20260916-01510-342C0,2026-09-16 14:40:49,ONLINE,Mark Bautista,Sweet & Chili Crab Bucket x1; Fresh Calamansi Juice Pitcher x2; Seafood Bilao Feast x1,4910.00,589.20,85.00,5584.20,MAYA,PAID,COMPLETED,TXN-MAY-37463763
ORD-20260916-00239-2D02D,2026-09-16 14:49:55,ON_SITE,Maria Clara Santos,Classic Seafood Paella x1,1650.00,198.00,0.00,1848.00,GCASH,PAID,COMPLETED,TXN-GCA-81800504
ORD-20260916-03054-36A49,2026-09-16 14:52:19,ON_SITE,Ana Reyes,Seafood Cajun Boil x1; Crispy Seafood Basket x1,2830.00,339.60,0.00,3169.60,MAYA,PAID,COMPLETED,TXN-MAY-43415871
ORD-20260916-01857-2BA9A,2026-09-16 14:52:45,ON_SITE,Matteo Guidicelli,Crispy Seafood Basket x1; Garlic Butter Prawns x1,2230.00,267.60,0.00,2497.60,GCASH,PAID,COMPLETED,TXN-GCA-53880306
ORD-20260916-01059-3F2C9,2026-09-16 14:59:46,ONLINE,Juan Tamad,Grilled Seafood Platter x1; Crispy Seafood Basket x1,3080.00,369.60,75.00,3524.60,GCASH,PAID,COMPLETED,TXN-GCA-52834265
ORD-20260916-01179-1B6E7,2026-09-16 15:04:10,ON_SITE,Clara Dizon,Seafood Bilao Feast x2; Sweet & Chili Crab Bucket x1,6750.00,810.00,0.00,7560.00,GCASH,PAID,COMPLETED,TXN-GCA-77740732
ORD-20260916-00025-2213E,2026-09-16 15:05:25,ONLINE,Juan Tamad,Fresh Calamansi Juice Pitcher x2; Garlic Butter Prawns x1; Sweet & Chili Crab Bucket x1; Classic Seafood Paella x1,5410.00,649.20,75.00,6134.20,MAYA,PAID,COMPLETED,TXN-MAY-60097231
ORD-20260916-01781-A828C,2026-09-16 15:06:47,ONLINE,Pedro Penduko,Seafood Bilao Feast x1; Grilled Seafood Platter x1,4500.00,540.00,85.00,5125.00,GCASH,PAID,COMPLETED,TXN-GCA-65322665
ORD-20260916-02875-91D04,2026-09-16 15:26:44,ONLINE,Ana Reyes,Crispy Seafood Basket x1,980.00,117.60,120.00,1217.60,GCASH,PAID,COMPLETED,TXN-GCA-13471463
ORD-20260916-03728-F468D,2026-09-16 15:28:18,ONLINE,Juan Tamad,Grilled Seafood Platter x1,2100.00,252.00,50.00,2402.00,HYBRID (Cash + GCash),PAID,COMPLETED,TXN-HYB-59088411
ORD-20260916-03544-0C53C,2026-09-16 15:30:59,ON_SITE,Juan Tamad,Crispy Seafood Basket x3; Sweet & Chili Crab Bucket x1,4890.00,586.80,0.00,5476.80,CASH,REFUNDED,CANCELLED,N/A
ORD-20260916-01617-B9E28,2026-09-16 15:31:12,ONLINE,Pedro Penduko,Seafood Cajun Boil x2; Crispy Seafood Basket x1,4680.00,561.60,100.00,5341.60,COD,PAID,COMPLETED,TXN-COD-87296397
ORD-20260916-04471-AE2CD,2026-09-16 15:36:22,ONLINE,Pedro Penduko,Garlic Butter Prawns x1,1250.00,150.00,75.00,1475.00,HYBRID (Cash + GCash),PAID,COMPLETED,TXN-HYB-26355634
ORD-20260916-04257-1B243,2026-09-16 15:38:42,ON_SITE,Katrina Halili,Seafood Bilao Feast x1,2400.00,288.00,0.00,2688.00,CASH,PAID,COMPLETED,TXN-CAS-66964240
ORD-20260916-04135-A3A20,2026-09-16 15:44:30,ONLINE,Ana Reyes,Grilled Seafood Platter x2; Seafood Bilao Feast x1; Sweet & Chili Crab Bucket x1,8550.00,1026.00,85.00,9661.00,GCASH,PAID,COMPLETED,TXN-GCA-42868976
ORD-20260916-01060-17102,2026-09-16 15:45:58,ON_SITE,Pedro Penduko,Crispy Seafood Basket x1; Sweet & Chili Crab Bucket x1; Seafood Cajun Boil x1,4780.00,573.60,0.00,5353.60,CASH,PAID,COMPLETED,TXN-CAS-58551134
ORD-20260916-04366-F927D,2026-09-16 15:47:56,ONLINE,Clara Dizon,Classic Seafood Paella x1,1650.00,198.00,75.00,1923.00,GCASH,PAID,IN_PROCESS,TXN-GCA-56066618
ORD-20260916-02524-0CC4A,2026-09-16 15:53:06,ONLINE,Mark Bautista,Crispy Seafood Basket x3; Sweet & Chili Crab Bucket x1,4890.00,586.80,60.00,5536.80,GCASH,PAID,COMPLETED,TXN-GCA-74728616
ORD-20260916-03188-A6281,2026-09-16 16:08:05,ONLINE,Pedro Penduko,Sweet & Chili Crab Bucket x1; Seafood Bilao Feast x1,4350.00,522.00,85.00,4957.00,SPLIT (Cash + GCash),PAID,COMPLETED,TXN-SPL-98155010
ORD-20260916-03142-5D6AD,2026-09-16 16:08:15,ONLINE,Lisa Manoban,Seafood Bilao Feast x1; Classic Seafood Paella x1,4050.00,486.00,120.00,4656.00,GCASH,PAID,COMPLETED,TXN-GCA-18225304
ORD-20260916-00967-170E3,2026-09-16 16:09:46,ON_SITE,Ferdinand Marcos,Crispy Seafood Basket x1; Garlic Butter Prawns x2,3480.00,417.60,0.00,3897.60,GCASH,PAID,COMPLETED,TXN-GCA-80415040
ORD-20260916-00380-849EA,2026-09-16 16:12:09,ON_SITE,Alden Richards,Sweet & Chili Crab Bucket x1; Seafood Bilao Feast x1,4350.00,522.00,0.00,4872.00,GCASH,PAID,COMPLETED,TXN-GCA-71830041
ORD-20260916-04939-21D13,2026-09-16 16:20:44,ONLINE,Ana Reyes,Sweet & Chili Crab Bucket x2; Seafood Cajun Boil x1,5750.00,690.00,75.00,6515.00,GCASH,PAID,COMPLETED,TXN-GCA-94443314
ORD-20260916-00755-5E588,2026-09-16 16:24:02,ON_SITE,Daniel Padilla,Classic Seafood Paella x1; Fresh Calamansi Juice Pitcher x1,1930.00,231.60,0.00,2161.60,CASH,PAID,COMPLETED,TXN-CAS-56234074
ORD-20260916-03844-FE881,2026-09-16 16:24:12,ON_SITE,Katrina Halili,Fresh Calamansi Juice Pitcher x1; Grilled Seafood Platter x1; Seafood Bilao Feast x1,4780.00,573.60,0.00,5353.60,GCASH,PAID,COMPLETED,TXN-GCA-56311935
ORD-20260916-01512-D885C,2026-09-16 16:25:58,ONLINE,Pedro Penduko,Seafood Cajun Boil x2; Seafood Bilao Feast x1; Sweet & Chili Crab Bucket x1,8050.00,966.00,85.00,9101.00,GCASH,PAID,COMPLETED,TXN-GCA-44044736
ORD-20260916-02726-CDAA1,2026-09-16 16:28:43,ONLINE,Mark Bautista,Crispy Seafood Basket x1,980.00,117.60,85.00,1182.60,GCASH,PAID,COMPLETED,TXN-GCA-66457020
ORD-20260916-03871-7C367,2026-09-16 16:29:48,ON_SITE,Kathryn Bernardo,Crispy Seafood Basket x1; Seafood Bilao Feast x1; Classic Seafood Paella x1; Grilled Seafood Platter x1,7130.00,855.60,0.00,7985.60,GCASH,PAID,COMPLETED,TXN-GCA-56356589
ORD-20260916-01768-14325,2026-09-16 16:30:13,ONLINE,Clara Dizon,Grilled Seafood Platter x1,2100.00,252.00,100.00,2452.00,GCASH,PAID,COMPLETED,TXN-GCA-15963281
ORD-20260916-04598-D039E,2026-09-16 16:30:30,ONLINE,Clara Dizon,Garlic Butter Prawns x2; Seafood Cajun Boil x2; Grilled Seafood Platter x2; Classic Seafood Paella x1,12050.00,1446.00,120.00,13616.00,CASH,PENDING,IN_PROCESS,N/A
ORD-20260916-03050-DA81D,2026-09-16 16:33:34,ONLINE,Ana Reyes,Sweet & Chili Crab Bucket x1; Seafood Bilao Feast x1,4350.00,522.00,120.00,4992.00,COD,PAID,COMPLETED,TXN-COD-50112057
ORD-20260916-00197-17F94,2026-09-16 16:36:06,ON_SITE,Lisa Manoban,Garlic Butter Prawns x3; Seafood Cajun Boil x1,5600.00,672.00,0.00,6272.00,CASH,PAID,COMPLETED,TXN-CAS-13401593
ORD-20260916-01395-62705,2026-09-16 16:36:25,ON_SITE,Juan Tamad,Classic Seafood Paella x1,1650.00,198.00,0.00,1848.00,GCASH,PAID,COMPLETED,TXN-GCA-59292012
ORD-20260916-03672-91C9F,2026-09-16 16:37:40,ONLINE,Pedro Penduko,Sweet & Chili Crab Bucket x1,1950.00,234.00,50.00,2234.00,GCASH,PAID,COMPLETED,TXN-GCA-61941406
ORD-20260916-03877-EB962,2026-09-16 16:44:45,ONLINE,Clara Dizon,Crispy Seafood Basket x1,980.00,117.60,75.00,1172.60,HYBRID (Cash + GCash),PAID,COMPLETED,TXN-HYB-52331819
ORD-20260916-03331-A9E92,2026-09-16 17:01:53,ONLINE,Mark Bautista,Crispy Seafood Basket x1,980.00,117.60,100.00,1197.60,GCASH,PAID,COMPLETED,TXN-GCA-87228911
ORD-20260916-02355-8FB81,2026-09-16 17:02:19,ONLINE,Lisa Manoban,Garlic Butter Prawns x3; Crispy Seafood Basket x1,4730.00,567.60,60.00,5357.60,SPLIT (Cash + GCash),PAID,COMPLETED,TXN-SPL-21140206
ORD-20260916-00075-85939,2026-09-16 17:08:40,ON_SITE,Clara Dizon,Crispy Seafood Basket x1; Fresh Calamansi Juice Pitcher x1,1260.00,151.20,0.00,1411.20,CASH,PAID,COMPLETED,TXN-CAS-16917266
ORD-20260916-04984-A9E5F,2026-09-16 17:09:54,ONLINE,Lisa Manoban,Classic Seafood Paella x1,1650.00,198.00,75.00,1923.00,GCASH,PAID,COMPLETED,TXN-GCA-92471600
ORD-20260916-00119-FC267,2026-09-16 17:14:13,ONLINE,Juan Tamad,Classic Seafood Paella x1; Fresh Calamansi Juice Pitcher x1; Garlic Butter Prawns x1,3180.00,381.60,75.00,3636.60,GCASH,PAID,COMPLETED,TXN-GCA-22497059
ORD-20260916-02527-60BEC,2026-09-16 17:19:45,ON_SITE,Pedro Penduko,Crispy Seafood Basket x1; Grilled Seafood Platter x1; Seafood Cajun Boil x1,4930.00,591.60,0.00,5521.60,HYBRID (Cash + GCash),PAID,COMPLETED,TXN-HYB-21503908
ORD-20260916-01464-D346F,2026-09-16 17:22:59,ONLINE,Lisa Manoban,Garlic Butter Prawns x1,1250.00,150.00,50.00,1450.00,GCASH,PAID,COMPLETED,TXN-GCA-81800387
ORD-20260916-00530-91F5E,2026-09-16 17:24:44,ON_SITE,Matteo Guidicelli,Fresh Calamansi Juice Pitcher x2; Sweet & Chili Crab Bucket x1,2510.00,301.20,0.00,2811.20,HYBRID (Cash + GCash),PAID,COMPLETED,TXN-HYB-14050855
ORD-20260916-02252-4F53F,2026-09-16 17:27:14,ONLINE,Juan Tamad,Seafood Cajun Boil x1; Crispy Seafood Basket x1,2830.00,339.60,120.00,3289.60,COD,PAID,COMPLETED,TXN-COD-40325411
ORD-20260916-01746-6B5AB,2026-09-16 17:29:09,ONLINE,Lisa Manoban,Sweet & Chili Crab Bucket x2; Seafood Cajun Boil x1; Crispy Seafood Basket x2; Garlic Butter Prawns x2,10210.00,1225.20,85.00,11520.20,GCASH,PAID,COMPLETED,TXN-GCA-15625944
ORD-20260916-03925-4F5F8,2026-09-16 17:33:01,ONLINE,Pedro Penduko,Seafood Cajun Boil x1; Garlic Butter Prawns x1; Grilled Seafood Platter x2,7300.00,876.00,60.00,8236.00,GCASH,PAID,COMPLETED,TXN-GCA-30282944
ORD-20260916-00123-35A3C,2026-09-16 17:39:05,ONLINE,Pedro Penduko,Fresh Calamansi Juice Pitcher x3,840.00,100.80,120.00,1060.80,GCASH,PAID,COMPLETED,TXN-GCA-97903702
ORD-20260916-02538-D64C7,2026-09-16 17:42:26,ON_SITE,Juan Tamad,Sweet & Chili Crab Bucket x2,3900.00,468.00,0.00,4368.00,CASH,PAID,COMPLETED,TXN-CAS-19282462
ORD-20260916-00698-62AA2,2026-09-16 17:43:19,ONLINE,Clara Dizon,Crispy Seafood Basket x1,980.00,117.60,85.00,1182.60,GCASH,PAID,COMPLETED,TXN-GCA-92536323
ORD-20260916-00266-8F332,2026-09-16 17:51:30,ON_SITE,Sarah Geronimo,Seafood Bilao Feast x1; Fresh Calamansi Juice Pitcher x1; Grilled Seafood Platter x2; Seafood Cajun Boil x1,8730.00,1047.60,0.00,9777.60,CASH,PENDING,IN_PROCESS,N/A
ORD-20260916-03462-63433,2026-09-16 17:51:57,ON_SITE,Carlos Mendoza,Grilled Seafood Platter x1; Seafood Bilao Feast x2,6900.00,828.00,0.00,7728.00,GCASH,PAID,COMPLETED,TXN-GCA-58562897
ORD-20260916-01680-9B8AB,2026-09-16 17:57:16,ONLINE,Pedro Penduko,Crispy Seafood Basket x3,2940.00,352.80,85.00,3377.80,HYBRID (Cash + GCash),PAID,COMPLETED,TXN-HYB-76199885
ORD-20260916-00188-FCD74,2026-09-16 17:58:25,ONLINE,Juan Tamad,Sweet & Chili Crab Bucket x1; Garlic Butter Prawns x1; Seafood Cajun Boil x1,5050.00,606.00,120.00,5776.00,MAYA,PAID,COMPLETED,TXN-MAY-37174814
ORD-20260916-00091-43FCF,2026-09-16 17:59:59,ONLINE,Ana Reyes,Fresh Calamansi Juice Pitcher x1; Crispy Seafood Basket x1,1260.00,151.20,75.00,1486.20,GCASH,PAID,COMPLETED,TXN-GCA-57018431
ORD-20260916-04538-333DA,2026-09-16 18:04:24,ONLINE,Lisa Manoban,Sweet & Chili Crab Bucket x1; Classic Seafood Paella x1,3600.00,432.00,85.00,4117.00,CASH,PAID,COMPLETED,TXN-CAS-95771153
ORD-20260916-04585-C13BF,2026-09-16 18:04:36,ONLINE,Pedro Penduko,Classic Seafood Paella x2,3300.00,396.00,75.00,3771.00,CASH,PAID,COMPLETED,TXN-CAS-16520126
ORD-20260916-04374-2C547,2026-09-16 18:06:37,ONLINE,Clara Dizon,Seafood Cajun Boil x1; Crispy Seafood Basket x1; Fresh Calamansi Juice Pitcher x1,3110.00,373.20,50.00,3533.20,GCASH,PAID,COMPLETED,TXN-GCA-39697025
ORD-20260916-01792-EC8EF,2026-09-16 18:08:05,ONLINE,Ana Reyes,Crispy Seafood Basket x1,980.00,117.60,75.00,1172.60,MAYA,PAID,COMPLETED,TXN-MAY-32168245
ORD-20260916-04281-8CC6D,2026-09-16 18:15:51,ON_SITE,Pedro Penduko,Grilled Seafood Platter x1; Sweet & Chili Crab Bucket x1; Crispy Seafood Basket x1,5030.00,603.60,0.00,5633.60,CASH,PAID,COMPLETED,TXN-CAS-85870784
ORD-20260916-01580-0035B,2026-09-16 18:16:19,ONLINE,Mark Bautista,Fresh Calamansi Juice Pitcher x1; Garlic Butter Prawns x1; Sweet & Chili Crab Bucket x1,3480.00,417.60,120.00,4017.60,GCASH,PAID,IN_PROCESS,TXN-GCA-69809708
ORD-20260916-03744-142DC,2026-09-16 18:19:26,ONLINE,Lisa Manoban,Seafood Cajun Boil x1; Crispy Seafood Basket x1,2830.00,339.60,85.00,3254.60,CASH,PAID,COMPLETED,TXN-CAS-15954318
ORD-20260916-02781-B0853,2026-09-16 18:21:12,ONLINE,Ana Reyes,Crispy Seafood Basket x1,980.00,117.60,60.00,1157.60,MAYA,PAID,COMPLETED,TXN-MAY-41562407
ORD-20260916-04838-F8CC6,2026-09-16 18:40:28,ONLINE,Juan Tamad,Garlic Butter Prawns x2; Crispy Seafood Basket x1; Fresh Calamansi Juice Pitcher x2; Seafood Cajun Boil x1,5890.00,706.80,75.00,6671.80,GCASH,PAID,COMPLETED,TXN-GCA-93448344
ORD-20260916-00203-ADE8E,2026-09-16 18:42:47,ON_SITE,Juan Tamad,Fresh Calamansi Juice Pitcher x1; Garlic Butter Prawns x1,1530.00,183.60,0.00,1713.60,CASH,PAID,COMPLETED,TXN-CAS-22714025
ORD-20260916-01334-8BB3E,2026-09-16 18:46:55,ON_SITE,Lisa Manoban,Crispy Seafood Basket x1,980.00,117.60,0.00,1097.60,CASH,PAID,COMPLETED,TXN-CAS-59794132
ORD-20260916-03784-4C1D3,2026-09-16 18:49:22,ONLINE,Lisa Manoban,Seafood Cajun Boil x1; Crispy Seafood Basket x1; Seafood Bilao Feast x1,5230.00,627.60,100.00,5957.60,HYBRID (Cash + GCash),PAID,COMPLETED,TXN-HYB-80101914
ORD-20260916-03667-CCBFE,2026-09-16 19:05:43,ON_SITE,Clara Dizon,Crispy Seafood Basket x1; Fresh Calamansi Juice Pitcher x1; Seafood Cajun Boil x1,3110.00,373.20,0.00,3483.20,HYBRID (Cash + GCash),PAID,COMPLETED,TXN-HYB-27309757
ORD-20260916-02742-26131,2026-09-16 19:16:00,ONLINE,Lisa Manoban,Seafood Bilao Feast x2,4800.00,576.00,100.00,5476.00,GCASH,PAID,COMPLETED,TXN-GCA-64625559
ORD-20260916-01015-46CBC,2026-09-16 19:17:21,ONLINE,Mark Bautista,Grilled Seafood Platter x3; Garlic Butter Prawns x1; Seafood Bilao Feast x1; Classic Seafood Paella x1,11600.00,1392.00,75.00,13067.00,GCASH,PAID,COMPLETED,TXN-GCA-45805056
ORD-20260916-03481-10F91,2026-09-16 19:18:12,ONLINE,Ana Reyes,Seafood Bilao Feast x1,2400.00,288.00,60.00,2748.00,SPLIT (Cash + GCash),PAID,COMPLETED,TXN-SPL-72023278
ORD-20260916-04872-B6F21,2026-09-16 19:22:58,ON_SITE,Daniel Padilla,Fresh Calamansi Juice Pitcher x1; Classic Seafood Paella x1,1930.00,231.60,0.00,2161.60,CASH,PAID,COMPLETED,TXN-CAS-90863859
ORD-20260916-01269-4AAD2,2026-09-16 19:23:50,ON_SITE,Katrina Halili,Classic Seafood Paella x1,1650.00,198.00,0.00,1848.00,HYBRID (Cash + GCash),PAID,COMPLETED,TXN-HYB-17048228
ORD-20260916-04438-FE6D0,2026-09-16 19:31:37,ONLINE,Clara Dizon,Garlic Butter Prawns x1,1250.00,150.00,75.00,1475.00,MAYA,PAID,COMPLETED,TXN-MAY-16053245
ORD-20260916-04294-E802A,2026-09-16 19:34:22,ON_SITE,Daniel Padilla,Seafood Bilao Feast x2; Crispy Seafood Basket x2,6760.00,811.20,0.00,7571.20,GCASH,PAID,COMPLETED,TXN-GCA-93951209
ORD-20260916-03709-2C4E1,2026-09-16 19:36:10,ON_SITE,Juan Tamad,Sweet & Chili Crab Bucket x2,3900.00,468.00,0.00,4368.00,GCASH,PAID,COMPLETED,TXN-GCA-80332363
ORD-20260916-03777-F422C,2026-09-16 19:38:51,ONLINE,Clara Dizon,Fresh Calamansi Juice Pitcher x1; Sweet & Chili Crab Bucket x1,2230.00,267.60,120.00,2617.60,GCASH,PAID,COMPLETED,TXN-GCA-80305805
ORD-20260916-03639-E53CB,2026-09-16 19:40:11,ON_SITE,Clara Dizon,Seafood Cajun Boil x1; Classic Seafood Paella x1,3500.00,420.00,0.00,3920.00,CASH,PAID,IN_PROCESS,TXN-CAS-74221693
ORD-20260916-01864-5E61F,2026-09-16 19:43:16,ON_SITE,Mark Bautista,Crispy Seafood Basket x3,2940.00,352.80,0.00,3292.80,CASH,PAID,COMPLETED,TXN-CAS-20835045
ORD-20260916-03683-85422,2026-09-16 19:44:44,ON_SITE,Joshua Garcia,Grilled Seafood Platter x1,2100.00,252.00,0.00,2352.00,CASH,PAID,COMPLETED,TXN-CAS-85838650
ORD-20260916-01593-C514C,2026-09-16 19:45:57,ONLINE,Pedro Penduko,Sweet & Chili Crab Bucket x1,1950.00,234.00,120.00,2304.00,MAYA,PAID,COMPLETED,TXN-MAY-95091894
ORD-20260916-03290-F7C93,2026-09-16 19:46:39,ON_SITE,Bea Alonzo,Grilled Seafood Platter x1; Seafood Cajun Boil x2,5800.00,696.00,0.00,6496.00,MAYA,PAID,COMPLETED,TXN-MAY-53196518
ORD-20260916-03758-AE822,2026-09-16 19:56:24,ON_SITE,Bea Alonzo,Seafood Cajun Boil x1; Garlic Butter Prawns x1; Seafood Bilao Feast x1,5500.00,660.00,0.00,6160.00,CASH,PAID,IN_PROCESS,TXN-CAS-71685670
ORD-20260916-00620-C4D76,2026-09-16 20:01:41,ONLINE,Ana Reyes,Garlic Butter Prawns x1; Seafood Bilao Feast x1,3650.00,438.00,60.00,4148.00,SPLIT (Cash + GCash),PAID,COMPLETED,TXN-SPL-16763543
ORD-20260916-03994-D019D,2026-09-16 20:11:17,ONLINE,Pedro Penduko,Garlic Butter Prawns x1; Grilled Seafood Platter x3,7550.00,906.00,50.00,8506.00,GCASH,PAID,COMPLETED,TXN-GCA-16428491
ORD-20260916-02389-F569D,2026-09-16 20:14:06,ONLINE,Ana Reyes,Crispy Seafood Basket x2,1960.00,235.20,100.00,2295.20,GCASH,PAID,COMPLETED,TXN-GCA-15346944
ORD-20260916-01384-DB48E,2026-09-16 20:15:03,ONLINE,Pedro Penduko,Sweet & Chili Crab Bucket x2; Classic Seafood Paella x3,8850.00,1062.00,100.00,10012.00,CASH,PAID,COMPLETED,TXN-CAS-19736287
ORD-20260916-00670-8E930,2026-09-16 20:15:09,ONLINE,Clara Dizon,Sweet & Chili Crab Bucket x1; Crispy Seafood Basket x2,3910.00,469.20,85.00,4464.20,CASH,PAID,COMPLETED,TXN-CAS-11231615
ORD-20260916-00936-B31BC,2026-09-16 20:20:22,ONLINE,Lisa Manoban,Crispy Seafood Basket x1,980.00,117.60,120.00,1217.60,HYBRID (Cash + GCash),PAID,COMPLETED,TXN-HYB-47160336
ORD-20260916-02009-F0801,2026-09-16 20:24:42,ON_SITE,Bea Alonzo,Crispy Seafood Basket x2,1960.00,235.20,0.00,2195.20,CASH,PENDING,IN_PROCESS,N/A
ORD-20260916-01638-7C6D3,2026-09-16 20:27:26,ONLINE,Pedro Penduko,Seafood Bilao Feast x1,2400.00,288.00,85.00,2773.00,MAYA,PAID,COMPLETED,TXN-MAY-33830384
ORD-20260916-02915-ACB34,2026-09-16 20:27:45,ON_SITE,Marian Rivera,Classic Seafood Paella x1; Fresh Calamansi Juice Pitcher x1; Seafood Cajun Boil x1,3780.00,453.60,0.00,4233.60,CASH,PENDING,CANCELLED,N/A
ORD-20260916-02475-DA561,2026-09-16 20:42:53,ON_SITE,Matteo Guidicelli,Crispy Seafood Basket x2; Seafood Cajun Boil x2,5660.00,679.20,0.00,6339.20,SPLIT (Cash + GCash),PENDING,IN_PROCESS,N/A
ORD-20260916-00280-ABC80,2026-09-16 20:43:40,ONLINE,Ana Reyes,Crispy Seafood Basket x2,1960.00,235.20,85.00,2280.20,HYBRID (Cash + GCash),PAID,COMPLETED,TXN-HYB-95447868
ORD-20260916-00625-8BAAD,2026-09-16 20:43:50,ON_SITE,Clara Dizon,Seafood Bilao Feast x2; Crispy Seafood Basket x2,6760.00,811.20,0.00,7571.20,MAYA,PAID,COMPLETED,TXN-MAY-93771524
ORD-20260916-04455-40C82,2026-09-16 20:52:34,ON_SITE,Dindo Dela Cruz,Garlic Butter Prawns x1; Fresh Calamansi Juice Pitcher x1,1530.00,183.60,0.00,1713.60,CASH,PAID,COMPLETED,TXN-CAS-89993717
ORD-20260916-03943-2AEE7,2026-09-16 20:54:27,ONLINE,Pedro Penduko,Garlic Butter Prawns x1,1250.00,150.00,85.00,1485.00,HYBRID (Cash + GCash),PAID,COMPLETED,TXN-HYB-49591654
ORD-20260916-04426-3F37B,2026-09-16 20:55:58,ONLINE,Pedro Penduko,Garlic Butter Prawns x1; Seafood Cajun Boil x2; Grilled Seafood Platter x1; Seafood Bilao Feast x2,11850.00,1422.00,100.00,13372.00,HYBRID (Cash + GCash),PAID,COMPLETED,TXN-HYB-77848275
ORD-20260916-02400-01933,2026-09-16 21:01:38,ON_SITE,Katrina Halili,Seafood Bilao Feast x1; Crispy Seafood Basket x1,3380.00,405.60,0.00,3785.60,CASH,PAID,COMPLETED,TXN-CAS-99486276
ORD-20260916-03447-98DDF,2026-09-16 21:03:31,ON_SITE,Clara Dizon,Seafood Bilao Feast x1,2400.00,288.00,0.00,2688.00,CASH,PAID,COMPLETED,TXN-CAS-33047623
ORD-20260916-02764-2A5E2,2026-09-16 21:04:02,ONLINE,Clara Dizon,Seafood Bilao Feast x1,2400.00,288.00,50.00,2738.00,SPLIT (Cash + GCash),PAID,COMPLETED,TXN-SPL-90527108
ORD-20260916-04628-C96FC,2026-09-16 21:15:21,ON_SITE,Clara Dizon,Crispy Seafood Basket x1,980.00,117.60,0.00,1097.60,GCASH,PAID,COMPLETED,TXN-GCA-81937826
ORD-20260916-02586-B84F6,2026-09-16 21:18:49,ON_SITE,Juan Tamad,Garlic Butter Prawns x1,1250.00,150.00,0.00,1400.00,CASH,PAID,COMPLETED,TXN-CAS-52445306
ORD-20260916-02713-9E013,2026-09-16 21:20:28,ON_SITE,Ramon Magsaysay Jr.,Classic Seafood Paella x1,1650.00,198.00,0.00,1848.00,CASH,PENDING,CANCELLED,N/A
ORD-20260916-01556-C0CAC,2026-09-16 21:22:30,ONLINE,Lisa Manoban,Seafood Bilao Feast x1; Classic Seafood Paella x1,4050.00,486.00,60.00,4596.00,CASH,PAID,COMPLETED,TXN-CAS-98914358
ORD-20260916-04696-CA3FD,2026-09-16 21:22:50,ON_SITE,Clara Dizon,Seafood Bilao Feast x1; Classic Seafood Paella x1,4050.00,486.00,0.00,4536.00,CASH,PAID,COMPLETED,TXN-CAS-46225335
ORD-20260916-03543-E8E6E,2026-09-16 21:24:23,ON_SITE,Alden Richards,Sweet & Chili Crab Bucket x2; Classic Seafood Paella x1; Grilled Seafood Platter x1; Seafood Cajun Boil x3,13200.00,1584.00,0.00,14784.00,GCASH,PAID,COMPLETED,TXN-GCA-41077555
ORD-20260916-03990-19258,2026-09-16 21:25:38,ON_SITE,Ana Reyes,Grilled Seafood Platter x1; Classic Seafood Paella x1,3750.00,450.00,0.00,4200.00,GCASH,PAID,COMPLETED,TXN-GCA-26296739
ORD-20260916-03869-5429C,2026-09-16 21:48:08,ON_SITE,Carlos Mendoza,Crispy Seafood Basket x1,980.00,117.60,0.00,1097.60,CASH,PAID,COMPLETED,TXN-CAS-76644143
ORD-20260916-03902-01114,2026-09-16 21:52:58,ONLINE,Juan Tamad,Seafood Bilao Feast x1; Classic Seafood Paella x2; Grilled Seafood Platter x1,7800.00,936.00,120.00,8856.00,GCASH,PAID,COMPLETED,TXN-GCA-73791834
ORD-20260916-00860-C5DF0,2026-09-16 21:55:18,ONLINE,Ana Reyes,Fresh Calamansi Juice Pitcher x1,280.00,33.60,60.00,373.60,GCASH,PAID,COMPLETED,TXN-GCA-92592798
ORD-20260916-03825-76005,2026-09-16 21:56:20,ON_SITE,Clara Dizon,Seafood Cajun Boil x1,1850.00,222.00,0.00,2072.00,CASH,PAID,COMPLETED,TXN-CAS-57102985
ORD-20260916-02302-B4C76,2026-09-16 21:57:44,ONLINE,Mark Bautista,Seafood Cajun Boil x2; Garlic Butter Prawns x1; Fresh Calamansi Juice Pitcher x1; Crispy Seafood Basket x1,6210.00,745.20,50.00,7005.20,GCASH,PAID,COMPLETED,TXN-GCA-16743584
ORD-20260917-00135-6F3E4,2026-09-17 10:07:21,ONLINE,Mark Bautista,Classic Seafood Paella x1,1650.00,198.00,100.00,1948.00,HYBRID (Cash + GCash),REFUNDED,CANCELLED,N/A
ORD-20260917-02966-BE3D5,2026-09-17 10:10:31,ONLINE,Ana Reyes,Sweet & Chili Crab Bucket x2; Seafood Bilao Feast x1; Grilled Seafood Platter x1,8400.00,1008.00,100.00,9508.00,SPLIT (Cash + GCash),PAID,COMPLETED,TXN-SPL-70843521
ORD-20260917-00461-49AAB,2026-09-17 10:10:40,ON_SITE,Mark Bautista,Seafood Bilao Feast x1; Garlic Butter Prawns x1,3650.00,438.00,0.00,4088.00,CASH,PAID,COMPLETED,TXN-CAS-20926288
ORD-20260917-03227-1FDC0,2026-09-17 10:19:24,ONLINE,Pedro Penduko,Garlic Butter Prawns x2,2500.00,300.00,85.00,2885.00,MAYA,PAID,COMPLETED,TXN-MAY-83721201
ORD-20260917-04077-CEBDB,2026-09-17 10:26:37,ON_SITE,Lisa Manoban,Fresh Calamansi Juice Pitcher x1,280.00,33.60,0.00,313.60,CASH,FAILED,CANCELLED,N/A
ORD-20260917-02846-671C6,2026-09-17 10:39:33,ONLINE,Clara Dizon,Sweet & Chili Crab Bucket x1; Seafood Bilao Feast x2,6750.00,810.00,120.00,7680.00,HYBRID (Cash + GCash),PAID,COMPLETED,TXN-HYB-44253749
ORD-20260917-00030-20290,2026-09-17 10:39:34,ON_SITE,Joshua Garcia,Grilled Seafood Platter x1,2100.00,252.00,0.00,2352.00,GCASH,PAID,COMPLETED,TXN-GCA-46494588
ORD-20260917-02356-4998F,2026-09-17 10:39:38,ON_SITE,Dindo Dela Cruz,Fresh Calamansi Juice Pitcher x3,840.00,100.80,0.00,940.80,HYBRID (Cash + GCash),PAID,COMPLETED,TXN-HYB-21301689
ORD-20260917-03391-86C37,2026-09-17 10:42:18,ONLINE,Mark Bautista,Garlic Butter Prawns x1,1250.00,150.00,120.00,1520.00,HYBRID (Cash + GCash),PAID,COMPLETED,TXN-HYB-88150779
ORD-20260917-03617-ED7DA,2026-09-17 10:42:32,ONLINE,Juan Tamad,Seafood Bilao Feast x1,2400.00,288.00,85.00,2773.00,GCASH,PAID,COMPLETED,TXN-GCA-43399166
ORD-20260917-01844-A0584,2026-09-17 10:49:41,ON_SITE,Giselle Hernandez,Garlic Butter Prawns x1,1250.00,150.00,0.00,1400.00,HYBRID (Cash + GCash),PAID,COMPLETED,TXN-HYB-74092463
ORD-20260917-03274-5C7E3,2026-09-17 10:56:57,ONLINE,Lisa Manoban,Fresh Calamansi Juice Pitcher x1; Crispy Seafood Basket x1,1260.00,151.20,100.00,1511.20,GCASH,PAID,COMPLETED,TXN-GCA-99508489
ORD-20260917-03914-93D10,2026-09-17 11:03:16,ONLINE,Juan Tamad,Grilled Seafood Platter x1,2100.00,252.00,50.00,2402.00,CASH,PAID,COMPLETED,TXN-CAS-33312187
ORD-20260917-04344-F98FE,2026-09-17 11:07:15,ON_SITE,Carlos Mendoza,Grilled Seafood Platter x1; Fresh Calamansi Juice Pitcher x1; Classic Seafood Paella x1; Seafood Bilao Feast x1,6430.00,771.60,0.00,7201.60,CASH,PAID,COMPLETED,TXN-CAS-87969201
ORD-20260917-02882-FCEF9,2026-09-17 11:15:56,ONLINE,Lisa Manoban,Sweet & Chili Crab Bucket x2; Seafood Bilao Feast x1; Crispy Seafood Basket x1,7280.00,873.60,50.00,8203.60,MAYA,PENDING,IN_PROCESS,N/A
ORD-20260917-02771-FBE3E,2026-09-17 11:23:58,ON_SITE,Pedro Penduko,Grilled Seafood Platter x1; Seafood Bilao Feast x2; Crispy Seafood Basket x1,7880.00,945.60,0.00,8825.60,HYBRID (Cash + GCash),PAID,COMPLETED,TXN-HYB-19631179
ORD-20260917-02967-6AB04,2026-09-17 11:27:20,ON_SITE,Carlos Mendoza,Sweet & Chili Crab Bucket x1,1950.00,234.00,0.00,2184.00,HYBRID (Cash + GCash),PAID,COMPLETED,TXN-HYB-95306664
ORD-20260917-04372-15D3F,2026-09-17 11:30:29,ONLINE,Ana Reyes,Grilled Seafood Platter x1; Fresh Calamansi Juice Pitcher x1,2380.00,285.60,50.00,2715.60,COD,PAID,COMPLETED,TXN-COD-42050412
ORD-20260917-01761-1DA90,2026-09-17 11:31:27,ONLINE,Clara Dizon,Crispy Seafood Basket x1,980.00,117.60,100.00,1197.60,GCASH,PAID,COMPLETED,TXN-GCA-44581087
ORD-20260917-00956-E47A8,2026-09-17 11:37:47,ON_SITE,Ramon Magsaysay Jr.,Classic Seafood Paella x2; Seafood Bilao Feast x1,5700.00,684.00,0.00,6384.00,CASH,PAID,COMPLETED,TXN-CAS-68297261
ORD-20260917-03801-B222C,2026-09-17 11:38:40,ONLINE,Mark Bautista,Fresh Calamansi Juice Pitcher x1,280.00,33.60,100.00,413.60,HYBRID (Cash + GCash),PAID,COMPLETED,TXN-HYB-14234117
ORD-20260917-03191-C9055,2026-09-17 11:38:51,ON_SITE,Matteo Guidicelli,Seafood Bilao Feast x1,2400.00,288.00,0.00,2688.00,CASH,PAID,COMPLETED,TXN-CAS-32379183
ORD-20260917-04718-D56E4,2026-09-17 11:43:31,ON_SITE,Dingdong Dantes,Seafood Cajun Boil x1; Fresh Calamansi Juice Pitcher x1,2130.00,255.60,0.00,2385.60,HYBRID (Cash + GCash),PENDING,CANCELLED,N/A
ORD-20260917-02624-DE77F,2026-09-17 11:50:13,ONLINE,Clara Dizon,Seafood Bilao Feast x1; Crispy Seafood Basket x1,3380.00,405.60,85.00,3870.60,SPLIT (Cash + GCash),PAID,COMPLETED,TXN-SPL-67632146
ORD-20260917-04996-D473B,2026-09-17 11:50:35,ON_SITE,Mark Bautista,Fresh Calamansi Juice Pitcher x2,560.00,67.20,0.00,627.20,CASH,PAID,COMPLETED,TXN-CAS-25783056
ORD-20260917-03878-2A53E,2026-09-17 11:53:47,ONLINE,Ana Reyes,Garlic Butter Prawns x1,1250.00,150.00,75.00,1475.00,HYBRID (Cash + GCash),PAID,COMPLETED,TXN-HYB-81762473
ORD-20260917-03901-A4D95,2026-09-17 11:54:25,ON_SITE,Pedro Penduko,Garlic Butter Prawns x1,1250.00,150.00,0.00,1400.00,SPLIT (Cash + GCash),PAID,COMPLETED,TXN-SPL-66393349
ORD-20260917-04197-B9C11,2026-09-17 12:01:41,ON_SITE,Alden Richards,Garlic Butter Prawns x3; Grilled Seafood Platter x1,5850.00,702.00,0.00,6552.00,CASH,PAID,COMPLETED,TXN-CAS-24975394
ORD-20260917-00427-7DC4B,2026-09-17 12:02:13,ONLINE,Lisa Manoban,Seafood Cajun Boil x1,1850.00,222.00,60.00,2132.00,GCASH,PAID,COMPLETED,TXN-GCA-38634689
ORD-20260917-01401-CCD97,2026-09-17 12:02:58,ON_SITE,Pedro Penduko,Sweet & Chili Crab Bucket x1; Fresh Calamansi Juice Pitcher x2,2510.00,301.20,0.00,2811.20,SPLIT (Cash + GCash),PAID,COMPLETED,TXN-SPL-52696296
ORD-20260917-01111-D8E71,2026-09-17 12:04:19,ON_SITE,Matteo Guidicelli,Classic Seafood Paella x1,1650.00,198.00,0.00,1848.00,HYBRID (Cash + GCash),PAID,COMPLETED,TXN-HYB-42790806
ORD-20260917-04189-5C0BF,2026-09-17 12:04:56,ON_SITE,Pedro Penduko,Seafood Bilao Feast x1; Grilled Seafood Platter x2,6600.00,792.00,0.00,7392.00,CASH,PAID,COMPLETED,TXN-CAS-24882415
ORD-20260917-04497-0A5E2,2026-09-17 12:05:48,ON_SITE,Juan Tamad,Seafood Cajun Boil x1; Crispy Seafood Basket x1; Seafood Bilao Feast x1,5230.00,627.60,0.00,5857.60,CASH,PAID,COMPLETED,TXN-CAS-65558670
ORD-20260917-00550-686F8,2026-09-17 12:09:57,ONLINE,Ana Reyes,Grilled Seafood Platter x1,2100.00,252.00,50.00,2402.00,GCASH,PAID,COMPLETED,TXN-GCA-67558439
ORD-20260917-03561-44B12,2026-09-17 12:11:21,ON_SITE,Matteo Guidicelli,Garlic Butter Prawns x1,1250.00,150.00,0.00,1400.00,HYBRID (Cash + GCash),PAID,COMPLETED,TXN-HYB-40874699
ORD-20260917-02625-462B1,2026-09-17 12:11:43,ONLINE,Juan Tamad,Garlic Butter Prawns x2,2500.00,300.00,75.00,2875.00,GCASH,PAID,COMPLETED,TXN-GCA-75359412
ORD-20260917-04661-D7D3A,2026-09-17 12:14:27,ONLINE,Mark Bautista,Seafood Bilao Feast x1; Seafood Cajun Boil x2; Fresh Calamansi Juice Pitcher x1,6380.00,765.60,85.00,7230.60,GCASH,PAID,COMPLETED,TXN-GCA-58165295
ORD-20260917-00535-E2446,2026-09-17 12:18:30,ON_SITE,Joshua Garcia,Seafood Cajun Boil x1,1850.00,222.00,0.00,2072.00,CASH,PAID,COMPLETED,TXN-CAS-67339576
ORD-20260917-01485-5B4B1,2026-09-17 12:20:54,ONLINE,Juan Tamad,Classic Seafood Paella x1,1650.00,198.00,100.00,1948.00,GCASH,PAID,COMPLETED,TXN-GCA-22470115
ORD-20260917-04221-DAC25,2026-09-17 12:21:07,ON_SITE,Dingdong Dantes,Seafood Cajun Boil x1,1850.00,222.00,0.00,2072.00,CASH,PAID,COMPLETED,TXN-CAS-97385473
ORD-20260917-00977-6CBB8,2026-09-17 12:28:16,ONLINE,Pedro Penduko,Classic Seafood Paella x1,1650.00,198.00,60.00,1908.00,SPLIT (Cash + GCash),PAID,COMPLETED,TXN-SPL-82566245
ORD-20260917-03496-AC613,2026-09-17 12:38:13,ONLINE,Pedro Penduko,Fresh Calamansi Juice Pitcher x1,280.00,33.60,50.00,363.60,HYBRID (Cash + GCash),PAID,COMPLETED,TXN-HYB-33139984
ORD-20260917-01282-36DBB,2026-09-17 12:38:35,ON_SITE,Marian Rivera,Seafood Bilao Feast x2; Classic Seafood Paella x1; Fresh Calamansi Juice Pitcher x2,7010.00,841.20,0.00,7851.20,MAYA,PAID,COMPLETED,TXN-MAY-37736495
ORD-20260917-00326-68697,2026-09-17 12:51:19,ONLINE,Mark Bautista,Sweet & Chili Crab Bucket x1; Grilled Seafood Platter x1,4050.00,486.00,85.00,4621.00,GCASH,PAID,COMPLETED,TXN-GCA-48755696
ORD-20260917-00552-F00F0,2026-09-17 12:54:19,ON_SITE,Maria Clara Santos,Seafood Bilao Feast x1; Grilled Seafood Platter x2; Fresh Calamansi Juice Pitcher x1; Classic Seafood Paella x1,8530.00,1023.60,0.00,9553.60,CASH,PAID,COMPLETED,TXN-CAS-84809100
ORD-20260917-04586-705AF,2026-09-17 12:57:40,ON_SITE,Ramon Magsaysay Jr.,Seafood Bilao Feast x1; Seafood Cajun Boil x1,4250.00,510.00,0.00,4760.00,GCASH,PAID,COMPLETED,TXN-GCA-84360029
ORD-20260917-01421-3CB3C,2026-09-17 12:58:41,ONLINE,Clara Dizon,Seafood Cajun Boil x1; Crispy Seafood Basket x1; Grilled Seafood Platter x1,4930.00,591.60,120.00,5641.60,GCASH,PAID,COMPLETED,TXN-GCA-10394201
ORD-20260917-01985-011A5,2026-09-17 13:03:16,ONLINE,Ana Reyes,Fresh Calamansi Juice Pitcher x2; Seafood Cajun Boil x1; Seafood Bilao Feast x1,4810.00,577.20,60.00,5447.20,GCASH,PAID,COMPLETED,TXN-GCA-34152464
ORD-20260917-02322-A6C2B,2026-09-17 13:04:46,ON_SITE,Ramon Magsaysay Jr.,Seafood Cajun Boil x1; Fresh Calamansi Juice Pitcher x1; Crispy Seafood Basket x3; Classic Seafood Paella x1,6720.00,806.40,0.00,7526.40,GCASH,PAID,COMPLETED,TXN-GCA-19242010
ORD-20260917-00254-C56A9,2026-09-17 13:06:32,ONLINE,Mark Bautista,Classic Seafood Paella x1,1650.00,198.00,50.00,1898.00,COD,PAID,COMPLETED,TXN-COD-53239705
ORD-20260917-03604-11955,2026-09-17 13:14:12,ON_SITE,Ana Reyes,Seafood Bilao Feast x1,2400.00,288.00,0.00,2688.00,GCASH,PAID,COMPLETED,TXN-GCA-80370551
ORD-20260917-00958-D2F98,2026-09-17 13:14:23,ON_SITE,Lisa Manoban,Fresh Calamansi Juice Pitcher x3,840.00,100.80,0.00,940.80,SPLIT (Cash + GCash),PAID,COMPLETED,TXN-SPL-34274043
ORD-20260917-02879-35E0E,2026-09-17 13:22:03,ON_SITE,Juan Tamad,Garlic Butter Prawns x1,1250.00,150.00,0.00,1400.00,HYBRID (Cash + GCash),PAID,COMPLETED,TXN-HYB-11198469
ORD-20260917-04635-8F119,2026-09-17 13:30:14,ONLINE,Lisa Manoban,Seafood Cajun Boil x1; Fresh Calamansi Juice Pitcher x2,2410.00,289.20,100.00,2799.20,SPLIT (Cash + GCash),PAID,COMPLETED,TXN-SPL-28265363
ORD-20260917-03231-459C9,2026-09-17 13:31:20,ONLINE,Ana Reyes,Seafood Bilao Feast x3; Grilled Seafood Platter x1; Fresh Calamansi Juice Pitcher x1,9580.00,1149.60,60.00,10789.60,HYBRID (Cash + GCash),PAID,COMPLETED,TXN-HYB-56565409
ORD-20260917-02730-8E0AD,2026-09-17 13:32:40,ONLINE,Pedro Penduko,Fresh Calamansi Juice Pitcher x1; Crispy Seafood Basket x1,1260.00,151.20,60.00,1471.20,CASH,PAID,COMPLETED,TXN-CAS-90211394
ORD-20260917-04682-06922,2026-09-17 13:49:41,ON_SITE,Sarah Geronimo,Fresh Calamansi Juice Pitcher x1; Garlic Butter Prawns x1,1530.00,183.60,0.00,1713.60,CASH,PAID,COMPLETED,TXN-CAS-24887457
ORD-20260917-01114-E1BA1,2026-09-17 13:50:44,ON_SITE,Katrina Halili,Sweet & Chili Crab Bucket x1; Seafood Cajun Boil x2,5650.00,678.00,0.00,6328.00,CASH,REFUNDED,CANCELLED,N/A
ORD-20260917-01078-B6398,2026-09-17 13:51:55,ONLINE,Juan Tamad,Classic Seafood Paella x1; Grilled Seafood Platter x2; Fresh Calamansi Juice Pitcher x1; Seafood Bilao Feast x2,10930.00,1311.60,50.00,12291.60,GCASH,PAID,COMPLETED,TXN-GCA-79248405
ORD-20260917-01339-B5131,2026-09-17 13:56:32,ON_SITE,Clara Dizon,Crispy Seafood Basket x1; Seafood Cajun Boil x3; Grilled Seafood Platter x1,8630.00,1035.60,0.00,9665.60,CASH,PAID,COMPLETED,TXN-CAS-24135139
ORD-20260917-03512-6A8BE,2026-09-17 13:57:37,ON_SITE,Clara Dizon,Seafood Cajun Boil x1,1850.00,222.00,0.00,2072.00,CASH,PAID,COMPLETED,TXN-CAS-21188990
ORD-20260917-01603-56417,2026-09-17 14:07:50,ON_SITE,Matteo Guidicelli,Crispy Seafood Basket x1; Classic Seafood Paella x2; Sweet & Chili Crab Bucket x2,8180.00,981.60,0.00,9161.60,CASH,REFUNDED,CANCELLED,N/A
ORD-20260917-02850-9ABF9,2026-09-17 14:11:07,ON_SITE,Mark Bautista,Fresh Calamansi Juice Pitcher x2; Seafood Bilao Feast x1,2960.00,355.20,0.00,3315.20,CASH,PAID,COMPLETED,TXN-CAS-75562728
ORD-20260917-00249-D3EDD,2026-09-17 14:13:10,ON_SITE,Juan Tamad,Crispy Seafood Basket x1; Seafood Bilao Feast x2,5780.00,693.60,0.00,6473.60,GCASH,PAID,COMPLETED,TXN-GCA-33897778
ORD-20260917-04639-343D6,2026-09-17 14:14:59,ON_SITE,Matteo Guidicelli,Sweet & Chili Crab Bucket x1; Grilled Seafood Platter x1,4050.00,486.00,0.00,4536.00,CASH,PAID,COMPLETED,TXN-CAS-66745431
ORD-20260917-00436-9AE9B,2026-09-17 14:21:20,ON_SITE,Matteo Guidicelli,Sweet & Chili Crab Bucket x3,5850.00,702.00,0.00,6552.00,CASH,PAID,COMPLETED,TXN-CAS-31518581
ORD-20260917-03120-EFD9B,2026-09-17 14:21:57,ON_SITE,Ferdinand Marcos,Seafood Cajun Boil x1; Classic Seafood Paella x2; Garlic Butter Prawns x1,6400.00,768.00,0.00,7168.00,CASH,PAID,COMPLETED,TXN-CAS-99018298
ORD-20260917-04024-5F02C,2026-09-17 14:26:20,ON_SITE,Ferdinand Marcos,Garlic Butter Prawns x1,1250.00,150.00,0.00,1400.00,SPLIT (Cash + GCash),PENDING,IN_PROCESS,N/A
ORD-20260917-00200-76426,2026-09-17 14:29:28,ON_SITE,Mark Bautista,Sweet & Chili Crab Bucket x1,1950.00,234.00,0.00,2184.00,CASH,PAID,COMPLETED,TXN-CAS-31450233
ORD-20260917-00496-8E29C,2026-09-17 14:34:09,ON_SITE,Sarah Geronimo,Classic Seafood Paella x1,1650.00,198.00,0.00,1848.00,GCASH,PAID,COMPLETED,TXN-GCA-17685083
ORD-20260917-04977-E2FFB,2026-09-17 14:35:55,ONLINE,Ana Reyes,Seafood Cajun Boil x1,1850.00,222.00,100.00,2172.00,SPLIT (Cash + GCash),PAID,COMPLETED,TXN-SPL-74452274
ORD-20260917-03148-4AF0E,2026-09-17 14:39:22,ONLINE,Ana Reyes,Seafood Bilao Feast x1; Garlic Butter Prawns x2; Grilled Seafood Platter x1,7000.00,840.00,75.00,7915.00,GCASH,PAID,COMPLETED,TXN-GCA-62879552
ORD-20260917-02732-E37D7,2026-09-17 14:49:46,ON_SITE,Katrina Halili,Garlic Butter Prawns x1; Classic Seafood Paella x1; Fresh Calamansi Juice Pitcher x1,3180.00,381.60,0.00,3561.60,HYBRID (Cash + GCash),PAID,COMPLETED,TXN-HYB-70354676
ORD-20260917-03313-FB788,2026-09-17 14:50:59,ON_SITE,Juan Tamad,Seafood Cajun Boil x3; Classic Seafood Paella x1,7200.00,864.00,0.00,8064.00,CASH,PAID,COMPLETED,TXN-CAS-45257699
ORD-20260917-02974-2F99A,2026-09-17 14:51:41,ON_SITE,Kathryn Bernardo,Seafood Cajun Boil x2; Classic Seafood Paella x1,5350.00,642.00,0.00,5992.00,GCASH,PAID,COMPLETED,TXN-GCA-15592423
ORD-20260917-01677-7423C,2026-09-17 14:54:10,ON_SITE,Lisa Manoban,Grilled Seafood Platter x2; Crispy Seafood Basket x1,5180.00,621.60,0.00,5801.60,HYBRID (Cash + GCash),PAID,IN_PROCESS,TXN-HYB-88056868
ORD-20260917-03456-35301,2026-09-17 14:55:52,ON_SITE,Ferdinand Marcos,Garlic Butter Prawns x1,1250.00,150.00,0.00,1400.00,CASH,PAID,COMPLETED,TXN-CAS-61982185
ORD-20260917-00293-AC0EE,2026-09-17 15:00:30,ONLINE,Clara Dizon,Grilled Seafood Platter x1; Fresh Calamansi Juice Pitcher x1,2380.00,285.60,50.00,2715.60,HYBRID (Cash + GCash),PAID,COMPLETED,TXN-HYB-67801111
ORD-20260917-04836-5E4CB,2026-09-17 15:01:22,ONLINE,Mark Bautista,Seafood Bilao Feast x1,2400.00,288.00,60.00,2748.00,GCASH,PAID,COMPLETED,TXN-GCA-33136616
ORD-20260917-00032-C9936,2026-09-17 15:02:50,ON_SITE,Matteo Guidicelli,Classic Seafood Paella x1,1650.00,198.00,0.00,1848.00,GCASH,PAID,COMPLETED,TXN-GCA-72200699
ORD-20260917-01151-4DA79,2026-09-17 15:04:19,ONLINE,Mark Bautista,Garlic Butter Prawns x1; Seafood Bilao Feast x2; Classic Seafood Paella x1; Seafood Cajun Boil x1,9550.00,1146.00,50.00,10746.00,SPLIT (Cash + GCash),PAID,COMPLETED,TXN-SPL-81585993
ORD-20260917-03957-E07C4,2026-09-17 15:07:16,ONLINE,Lisa Manoban,Garlic Butter Prawns x3,3750.00,450.00,75.00,4275.00,GCASH,PAID,COMPLETED,TXN-GCA-92970340
ORD-20260917-00263-B50B1,2026-09-17 15:21:04,ONLINE,Mark Bautista,Seafood Bilao Feast x1,2400.00,288.00,60.00,2748.00,MAYA,PAID,COMPLETED,TXN-MAY-58654599
ORD-20260917-01466-2494D,2026-09-17 15:22:44,ON_SITE,Clara Dizon,Seafood Cajun Boil x1; Grilled Seafood Platter x1,3950.00,474.00,0.00,4424.00,GCASH,PAID,COMPLETED,TXN-GCA-14193113
ORD-20260917-00694-9F796,2026-09-17 15:23:30,ONLINE,Ana Reyes,Seafood Bilao Feast x1; Fresh Calamansi Juice Pitcher x1,2680.00,321.60,100.00,3101.60,MAYA,PAID,COMPLETED,TXN-MAY-63681396
ORD-20260917-03625-7801B,2026-09-17 15:25:02,ON_SITE,Carlos Mendoza,Crispy Seafood Basket x1; Seafood Bilao Feast x2; Fresh Calamansi Juice Pitcher x1,6060.00,727.20,0.00,6787.20,HYBRID (Cash + GCash),REFUNDED,CANCELLED,N/A
ORD-20260917-04777-411BD,2026-09-17 15:26:38,ON_SITE,Ana Reyes,Garlic Butter Prawns x1; Seafood Cajun Boil x1; Classic Seafood Paella x2,6400.00,768.00,0.00,7168.00,GCASH,PAID,COMPLETED,TXN-GCA-98041493
ORD-20260917-02247-8544D,2026-09-17 15:29:46,ONLINE,Clara Dizon,Classic Seafood Paella x1,1650.00,198.00,60.00,1908.00,GCASH,PAID,COMPLETED,TXN-GCA-90253967
ORD-20260917-03594-E1C8F,2026-09-17 15:33:53,ON_SITE,Ana Reyes,Seafood Bilao Feast x2,4800.00,576.00,0.00,5376.00,HYBRID (Cash + GCash),PAID,COMPLETED,TXN-HYB-68662760
ORD-20260917-02129-05D37,2026-09-17 15:40:46,ON_SITE,Katrina Halili,Crispy Seafood Basket x1; Seafood Cajun Boil x1; Garlic Butter Prawns x2,5330.00,639.60,0.00,5969.60,CASH,PAID,COMPLETED,TXN-CAS-11733414
ORD-20260917-04035-86D49,2026-09-17 15:41:25,ON_SITE,Dingdong Dantes,Garlic Butter Prawns x2; Seafood Bilao Feast x1,4900.00,588.00,0.00,5488.00,CASH,PAID,COMPLETED,TXN-CAS-28923500
ORD-20260917-03850-B0DB4,2026-09-17 15:49:15,ON_SITE,Dingdong Dantes,Crispy Seafood Basket x1,980.00,117.60,0.00,1097.60,CASH,PAID,COMPLETED,TXN-CAS-97308499
ORD-20260917-02555-33A68,2026-09-17 15:59:33,ON_SITE,Bea Alonzo,Seafood Bilao Feast x1,2400.00,288.00,0.00,2688.00,SPLIT (Cash + GCash),PAID,COMPLETED,TXN-SPL-61085108
ORD-20260917-04520-67629,2026-09-17 16:04:51,ON_SITE,Ana Reyes,Sweet & Chili Crab Bucket x3,5850.00,702.00,0.00,6552.00,GCASH,PAID,COMPLETED,TXN-GCA-52730182
ORD-20260917-03680-4EC8A,2026-09-17 16:05:40,ONLINE,Clara Dizon,Sweet & Chili Crab Bucket x1; Grilled Seafood Platter x2,6150.00,738.00,75.00,6963.00,HYBRID (Cash + GCash),PAID,COMPLETED,TXN-HYB-33919118
ORD-20260917-00829-3257B,2026-09-17 16:05:46,ON_SITE,Juan Tamad,Garlic Butter Prawns x1; Fresh Calamansi Juice Pitcher x1; Seafood Bilao Feast x3; Crispy Seafood Basket x2,10690.00,1282.80,0.00,11972.80,HYBRID (Cash + GCash),PAID,COMPLETED,TXN-HYB-40758133
ORD-20260917-02065-9CB39,2026-09-17 16:09:49,ON_SITE,Giselle Hernandez,Crispy Seafood Basket x2,1960.00,235.20,0.00,2195.20,HYBRID (Cash + GCash),PAID,COMPLETED,TXN-HYB-99143163
ORD-20260917-02354-7D3FE,2026-09-17 16:10:33,ONLINE,Clara Dizon,Crispy Seafood Basket x1; Seafood Bilao Feast x2,5780.00,693.60,50.00,6523.60,SPLIT (Cash + GCash),REFUNDED,CANCELLED,N/A
ORD-20260917-01750-3C1F5,2026-09-17 16:18:13,ONLINE,Ana Reyes,Seafood Cajun Boil x1; Garlic Butter Prawns x1,3100.00,372.00,85.00,3557.00,CASH,PAID,COMPLETED,TXN-CAS-38999164
ORD-20260917-00842-3F180,2026-09-17 16:19:13,ON_SITE,Clara Dizon,Classic Seafood Paella x1,1650.00,198.00,0.00,1848.00,GCASH,PAID,COMPLETED,TXN-GCA-82609320
ORD-20260917-04738-EB5A3,2026-09-17 16:24:57,ON_SITE,Juan Tamad,Garlic Butter Prawns x1; Classic Seafood Paella x1; Fresh Calamansi Juice Pitcher x1,3180.00,381.60,0.00,3561.60,HYBRID (Cash + GCash),PAID,COMPLETED,TXN-HYB-73989063
ORD-20260917-00113-5CF6A,2026-09-17 16:25:23,ON_SITE,Mark Bautista,Garlic Butter Prawns x1; Crispy Seafood Basket x2,3210.00,385.20,0.00,3595.20,CASH,PAID,COMPLETED,TXN-CAS-57598267
ORD-20260917-00715-FD0F7,2026-09-17 16:25:51,ON_SITE,Ana Reyes,Seafood Bilao Feast x1; Sweet & Chili Crab Bucket x1,4350.00,522.00,0.00,4872.00,CASH,PAID,COMPLETED,TXN-CAS-98105430
ORD-20260917-04806-2A623,2026-09-17 16:26:21,ONLINE,Juan Tamad,Garlic Butter Prawns x1,1250.00,150.00,100.00,1500.00,MAYA,PAID,IN_PROCESS,TXN-MAY-37831232
ORD-20260917-03910-3F708,2026-09-17 16:29:33,ONLINE,Ana Reyes,Seafood Bilao Feast x2,4800.00,576.00,120.00,5496.00,GCASH,PAID,COMPLETED,TXN-GCA-68355238
ORD-20260917-04462-92B1B,2026-09-17 16:29:41,ON_SITE,Marian Rivera,Seafood Bilao Feast x1,2400.00,288.00,0.00,2688.00,GCASH,PAID,COMPLETED,TXN-GCA-44266392
ORD-20260917-02962-DE6C1,2026-09-17 16:30:54,ONLINE,Juan Tamad,Grilled Seafood Platter x1,2100.00,252.00,60.00,2412.00,GCASH,PAID,COMPLETED,TXN-GCA-42904955
ORD-20260917-03253-98489,2026-09-17 16:32:02,ON_SITE,Lisa Manoban,Crispy Seafood Basket x1,980.00,117.60,0.00,1097.60,CASH,PAID,COMPLETED,TXN-CAS-95893551
ORD-20260917-03166-3D7EF,2026-09-17 16:41:35,ON_SITE,Mark Bautista,Seafood Bilao Feast x1,2400.00,288.00,0.00,2688.00,CASH,PAID,COMPLETED,TXN-CAS-14590874
ORD-20260917-03954-E32AE,2026-09-17 16:50:45,ON_SITE,Dindo Dela Cruz,Garlic Butter Prawns x1; Fresh Calamansi Juice Pitcher x1; Grilled Seafood Platter x1; Classic Seafood Paella x3,8580.00,1029.60,0.00,9609.60,GCASH,PAID,COMPLETED,TXN-GCA-10875212
ORD-20260917-03405-14F1E,2026-09-17 16:54:09,ON_SITE,Pedro Penduko,Crispy Seafood Basket x1; Seafood Cajun Boil x1,2830.00,339.60,0.00,3169.60,CASH,PAID,COMPLETED,TXN-CAS-81606856
ORD-20260917-02584-51357,2026-09-17 16:57:36,ON_SITE,Bea Alonzo,Sweet & Chili Crab Bucket x1; Garlic Butter Prawns x2,4450.00,534.00,0.00,4984.00,GCASH,PAID,COMPLETED,TXN-GCA-90335637
ORD-20260917-04182-13451,2026-09-17 17:01:06,ON_SITE,Clara Dizon,Garlic Butter Prawns x1; Seafood Cajun Boil x1,3100.00,372.00,0.00,3472.00,GCASH,PENDING,IN_PROCESS,N/A
ORD-20260917-01070-457B8,2026-09-17 17:04:34,ON_SITE,Sarah Geronimo,Seafood Bilao Feast x1; Classic Seafood Paella x2,5700.00,684.00,0.00,6384.00,CASH,PAID,COMPLETED,TXN-CAS-47904130
ORD-20260917-00548-635AD,2026-09-17 17:05:25,ONLINE,Ana Reyes,Fresh Calamansi Juice Pitcher x2; Sweet & Chili Crab Bucket x2; Grilled Seafood Platter x1,6560.00,787.20,85.00,7432.20,HYBRID (Cash + GCash),PAID,COMPLETED,TXN-HYB-87536161
ORD-20260917-01479-D5C66,2026-09-17 17:08:18,ON_SITE,Juan Tamad,Grilled Seafood Platter x1; Seafood Cajun Boil x1; Classic Seafood Paella x1,5600.00,672.00,0.00,6272.00,GCASH,PENDING,CANCELLED,N/A
ORD-20260917-00772-1D887,2026-09-17 17:11:52,ON_SITE,Daniel Padilla,Sweet & Chili Crab Bucket x1; Classic Seafood Paella x1; Fresh Calamansi Juice Pitcher x1,3880.00,465.60,0.00,4345.60,GCASH,PAID,COMPLETED,TXN-GCA-67177878
ORD-20260917-01553-AF485,2026-09-17 17:14:51,ON_SITE,Alden Richards,Classic Seafood Paella x2; Fresh Calamansi Juice Pitcher x1; Seafood Cajun Boil x1,5430.00,651.60,0.00,6081.60,CASH,PAID,COMPLETED,TXN-CAS-83809292
ORD-20260917-02131-33EA8,2026-09-17 17:16:57,ONLINE,Pedro Penduko,Fresh Calamansi Juice Pitcher x1; Seafood Cajun Boil x1,2130.00,255.60,120.00,2505.60,GCASH,PAID,COMPLETED,TXN-GCA-54971334
ORD-20260917-00546-DB1B0,2026-09-17 17:22:55,ON_SITE,Mark Bautista,Grilled Seafood Platter x1; Sweet & Chili Crab Bucket x1; Classic Seafood Paella x1; Crispy Seafood Basket x1,6680.00,801.60,0.00,7481.60,CASH,PAID,COMPLETED,TXN-CAS-22039373
ORD-20260917-01041-83793,2026-09-17 17:36:41,ON_SITE,Carlos Mendoza,Seafood Bilao Feast x1; Crispy Seafood Basket x1; Sweet & Chili Crab Bucket x2,7280.00,873.60,0.00,8153.60,CASH,PAID,COMPLETED,TXN-CAS-57651168
ORD-20260917-00177-6E50E,2026-09-17 17:40:41,ON_SITE,Dindo Dela Cruz,Fresh Calamansi Juice Pitcher x2,560.00,67.20,0.00,627.20,GCASH,PAID,COMPLETED,TXN-GCA-95868194
ORD-20260917-03448-CC186,2026-09-17 17:50:37,ON_SITE,Giselle Hernandez,Crispy Seafood Basket x1; Classic Seafood Paella x1; Garlic Butter Prawns x2,5130.00,615.60,0.00,5745.60,CASH,PAID,COMPLETED,TXN-CAS-88198335
ORD-20260917-02964-FD9A3,2026-09-17 17:53:01,ONLINE,Mark Bautista,Garlic Butter Prawns x1,1250.00,150.00,50.00,1450.00,CASH,PAID,COMPLETED,TXN-CAS-10300653
ORD-20260917-01525-EFECD,2026-09-17 17:57:03,ON_SITE,Giselle Hernandez,Fresh Calamansi Juice Pitcher x3,840.00,100.80,0.00,940.80,CASH,PAID,COMPLETED,TXN-CAS-59404225
ORD-20260917-02755-5D73A,2026-09-17 18:00:55,ON_SITE,Alden Richards,Garlic Butter Prawns x2; Fresh Calamansi Juice Pitcher x2,3060.00,367.20,0.00,3427.20,CASH,PAID,COMPLETED,TXN-CAS-89497182
ORD-20260917-02623-D2137,2026-09-17 18:04:27,ON_SITE,Giselle Hernandez,Seafood Cajun Boil x1; Crispy Seafood Basket x1; Grilled Seafood Platter x2,7030.00,843.60,0.00,7873.60,GCASH,PAID,COMPLETED,TXN-GCA-97628419
ORD-20260917-00001-F9A41,2026-09-17 18:05:00,ON_SITE,Joshua Garcia,Sweet & Chili Crab Bucket x1,1950.00,234.00,0.00,2184.00,GCASH,PAID,COMPLETED,TXN-GCA-14973160
ORD-20260917-01849-D4C0A,2026-09-17 18:05:20,ONLINE,Mark Bautista,Crispy Seafood Basket x1; Grilled Seafood Platter x1,3080.00,369.60,100.00,3549.60,MAYA,REFUNDED,CANCELLED,N/A
ORD-20260917-03810-F69ED,2026-09-17 18:10:03,ON_SITE,Daniel Padilla,Seafood Cajun Boil x2,3700.00,444.00,0.00,4144.00,GCASH,PAID,COMPLETED,TXN-GCA-98087723
ORD-20260917-01314-08EA5,2026-09-17 18:11:29,ON_SITE,Clara Dizon,Seafood Cajun Boil x2; Crispy Seafood Basket x2; Seafood Bilao Feast x3; Grilled Seafood Platter x1,14960.00,1795.20,0.00,16755.20,GCASH,PAID,COMPLETED,TXN-GCA-73641080
ORD-20260917-00031-51C80,2026-09-17 18:13:50,ONLINE,Lisa Manoban,Crispy Seafood Basket x2; Garlic Butter Prawns x1; Seafood Cajun Boil x2,6910.00,829.20,75.00,7814.20,GCASH,FAILED,CANCELLED,N/A
ORD-20260917-02741-3BE63,2026-09-17 18:14:00,ONLINE,Clara Dizon,Fresh Calamansi Juice Pitcher x1; Sweet & Chili Crab Bucket x1,2230.00,267.60,120.00,2617.60,GCASH,PAID,COMPLETED,TXN-GCA-73964829
ORD-20260917-01921-BEAEE,2026-09-17 18:15:59,ON_SITE,Dingdong Dantes,Classic Seafood Paella x1; Seafood Bilao Feast x1,4050.00,486.00,0.00,4536.00,SPLIT (Cash + GCash),PAID,COMPLETED,TXN-SPL-78921371
ORD-20260917-01351-4239E,2026-09-17 18:16:16,ONLINE,Clara Dizon,Sweet & Chili Crab Bucket x1; Seafood Bilao Feast x1,4350.00,522.00,85.00,4957.00,GCASH,PAID,IN_PROCESS,TXN-GCA-96724183
ORD-20260917-00859-D8469,2026-09-17 18:22:28,ON_SITE,Matteo Guidicelli,Garlic Butter Prawns x1; Seafood Bilao Feast x1,3650.00,438.00,0.00,4088.00,GCASH,PAID,COMPLETED,TXN-GCA-24506625
ORD-20260917-03116-23F74,2026-09-17 18:26:33,ONLINE,Mark Bautista,Grilled Seafood Platter x1,2100.00,252.00,120.00,2472.00,GCASH,PAID,COMPLETED,TXN-GCA-29752374
ORD-20260917-04645-07CD5,2026-09-17 18:30:54,ON_SITE,Ferdinand Marcos,Sweet & Chili Crab Bucket x1,1950.00,234.00,0.00,2184.00,CASH,PAID,COMPLETED,TXN-CAS-36642108
ORD-20260917-02916-0B4EC,2026-09-17 18:32:37,ONLINE,Ana Reyes,Garlic Butter Prawns x1; Crispy Seafood Basket x2; Grilled Seafood Platter x1,5310.00,637.20,85.00,6032.20,MAYA,PAID,COMPLETED,TXN-MAY-89304972
ORD-20260917-02877-AFEFD,2026-09-17 18:35:17,ON_SITE,Kathryn Bernardo,Grilled Seafood Platter x1; Fresh Calamansi Juice Pitcher x1,2380.00,285.60,0.00,2665.60,CASH,PAID,COMPLETED,TXN-CAS-18094344
ORD-20260917-02698-42B09,2026-09-17 18:36:31,ON_SITE,Mark Bautista,Seafood Bilao Feast x1,2400.00,288.00,0.00,2688.00,GCASH,PAID,COMPLETED,TXN-GCA-81796210
ORD-20260917-04607-23F50,2026-09-17 18:40:57,ONLINE,Pedro Penduko,Crispy Seafood Basket x2; Grilled Seafood Platter x1,4060.00,487.20,120.00,4667.20,GCASH,PAID,COMPLETED,TXN-GCA-65424612
ORD-20260917-03610-1468A,2026-09-17 18:45:41,ONLINE,Ana Reyes,Fresh Calamansi Juice Pitcher x1,280.00,33.60,60.00,373.60,CASH,PAID,COMPLETED,TXN-CAS-26547230
ORD-20260917-02530-4F285,2026-09-17 18:47:18,ONLINE,Clara Dizon,Grilled Seafood Platter x1,2100.00,252.00,120.00,2472.00,GCASH,PAID,COMPLETED,TXN-GCA-49955191
ORD-20260917-02122-1FB17,2026-09-17 18:49:36,ONLINE,Ana Reyes,Seafood Cajun Boil x1; Fresh Calamansi Juice Pitcher x2,2410.00,289.20,60.00,2759.20,HYBRID (Cash + GCash),PAID,COMPLETED,TXN-HYB-58343277
ORD-20260917-02786-2A110,2026-09-17 18:52:53,ONLINE,Lisa Manoban,Seafood Bilao Feast x1,2400.00,288.00,100.00,2788.00,HYBRID (Cash + GCash),PAID,COMPLETED,TXN-HYB-68837180
ORD-20260917-01918-91687,2026-09-17 18:54:12,ONLINE,Mark Bautista,Grilled Seafood Platter x1; Fresh Calamansi Juice Pitcher x3; Classic Seafood Paella x2; Garlic Butter Prawns x1,7490.00,898.80,75.00,8463.80,GCASH,REFUNDED,CANCELLED,N/A
ORD-20260917-00937-47050,2026-09-17 18:57:29,ON_SITE,Kathryn Bernardo,Classic Seafood Paella x1; Seafood Bilao Feast x3; Garlic Butter Prawns x2; Sweet & Chili Crab Bucket x1,13300.00,1596.00,0.00,14896.00,GCASH,PAID,COMPLETED,TXN-GCA-87437092
ORD-20260917-02790-1D0DC,2026-09-17 18:58:12,ONLINE,Juan Tamad,Fresh Calamansi Juice Pitcher x2; Garlic Butter Prawns x1; Crispy Seafood Basket x2; Seafood Bilao Feast x2,8570.00,1028.40,120.00,9718.40,HYBRID (Cash + GCash),PAID,COMPLETED,TXN-HYB-92767799
ORD-20260917-00934-47FB3,2026-09-17 18:59:24,ON_SITE,Dingdong Dantes,Grilled Seafood Platter x1; Garlic Butter Prawns x1; Seafood Cajun Boil x1,5200.00,624.00,0.00,5824.00,GCASH,PAID,COMPLETED,TXN-GCA-11486087
ORD-20260917-03515-858EB,2026-09-17 19:01:04,ONLINE,Ana Reyes,Grilled Seafood Platter x1,2100.00,252.00,60.00,2412.00,SPLIT (Cash + GCash),PAID,COMPLETED,TXN-SPL-22253060
ORD-20260917-02309-22814,2026-09-17 19:01:29,ON_SITE,Mark Bautista,Seafood Cajun Boil x1; Fresh Calamansi Juice Pitcher x1,2130.00,255.60,0.00,2385.60,CASH,PAID,COMPLETED,TXN-CAS-81337069
ORD-20260917-03785-3C448,2026-09-17 19:05:52,ONLINE,Clara Dizon,Crispy Seafood Basket x1; Seafood Cajun Boil x1,2830.00,339.60,100.00,3269.60,HYBRID (Cash + GCash),PAID,COMPLETED,TXN-HYB-56459132
ORD-20260917-03868-4F72C,2026-09-17 19:20:01,ON_SITE,Maria Clara Santos,Fresh Calamansi Juice Pitcher x2,560.00,67.20,0.00,627.20,GCASH,PAID,COMPLETED,TXN-GCA-45407679
ORD-20260917-03685-59798,2026-09-17 19:21:53,ONLINE,Mark Bautista,Seafood Cajun Boil x1,1850.00,222.00,85.00,2157.00,GCASH,PAID,COMPLETED,TXN-GCA-23614343
ORD-20260917-02823-C4B15,2026-09-17 19:24:40,ONLINE,Mark Bautista,Classic Seafood Paella x1; Sweet & Chili Crab Bucket x1; Fresh Calamansi Juice Pitcher x1,3880.00,465.60,60.00,4405.60,GCASH,PAID,COMPLETED,TXN-GCA-87006530
ORD-20260917-00092-203CE,2026-09-17 19:25:47,ON_SITE,Bea Alonzo,Crispy Seafood Basket x1,980.00,117.60,0.00,1097.60,CASH,PAID,COMPLETED,TXN-CAS-81062730
ORD-20260917-02720-47900,2026-09-17 19:27:05,ON_SITE,Joshua Garcia,Sweet & Chili Crab Bucket x1; Seafood Cajun Boil x1,3800.00,456.00,0.00,4256.00,HYBRID (Cash + GCash),PAID,COMPLETED,TXN-HYB-12702251
ORD-20260917-04592-B10A4,2026-09-17 19:30:12,ON_SITE,Carlos Mendoza,Garlic Butter Prawns x1; Classic Seafood Paella x1,2900.00,348.00,0.00,3248.00,CASH,PAID,COMPLETED,TXN-CAS-73810320
ORD-20260917-00133-73E5B,2026-09-17 19:30:17,ONLINE,Pedro Penduko,Sweet & Chili Crab Bucket x3,5850.00,702.00,60.00,6612.00,HYBRID (Cash + GCash),PAID,COMPLETED,TXN-HYB-93068574
ORD-20260917-02733-82263,2026-09-17 19:34:06,ON_SITE,Dindo Dela Cruz,Crispy Seafood Basket x2,1960.00,235.20,0.00,2195.20,MAYA,PAID,COMPLETED,TXN-MAY-50985823
ORD-20260917-00579-D9F7F,2026-09-17 19:49:08,ONLINE,Clara Dizon,Sweet & Chili Crab Bucket x1,1950.00,234.00,50.00,2234.00,GCASH,PAID,COMPLETED,TXN-GCA-34350150
ORD-20260917-01848-4CC15,2026-09-17 19:54:02,ON_SITE,Clara Dizon,Garlic Butter Prawns x1; Seafood Bilao Feast x1,3650.00,438.00,0.00,4088.00,CASH,PAID,COMPLETED,TXN-CAS-81220981
ORD-20260917-03841-B7119,2026-09-17 20:00:29,ONLINE,Clara Dizon,Fresh Calamansi Juice Pitcher x2; Crispy Seafood Basket x1,1540.00,184.80,60.00,1784.80,GCASH,PAID,COMPLETED,TXN-GCA-83756555
ORD-20260917-04233-B5EDA,2026-09-17 20:01:13,ONLINE,Mark Bautista,Seafood Bilao Feast x1; Grilled Seafood Platter x1,4500.00,540.00,75.00,5115.00,GCASH,PAID,COMPLETED,TXN-GCA-67631862
ORD-20260917-03739-0DEEC,2026-09-17 20:05:42,ONLINE,Pedro Penduko,Fresh Calamansi Juice Pitcher x1; Seafood Cajun Boil x1,2130.00,255.60,120.00,2505.60,GCASH,PAID,COMPLETED,TXN-GCA-64230429
ORD-20260917-00168-C8889,2026-09-17 20:11:23,ON_SITE,Mark Bautista,Seafood Bilao Feast x3,7200.00,864.00,0.00,8064.00,CASH,PAID,COMPLETED,TXN-CAS-95868055
ORD-20260917-00451-2ACB8,2026-09-17 20:12:09,ONLINE,Lisa Manoban,Sweet & Chili Crab Bucket x2; Seafood Cajun Boil x1,5750.00,690.00,60.00,6500.00,GCASH,PAID,COMPLETED,TXN-GCA-53289572
ORD-20260917-00669-E446F,2026-09-17 20:16:34,ON_SITE,Clara Dizon,Grilled Seafood Platter x1; Classic Seafood Paella x1,3750.00,450.00,0.00,4200.00,SPLIT (Cash + GCash),PAID,IN_PROCESS,TXN-SPL-69623819
ORD-20260917-00790-BD324,2026-09-17 20:17:28,ONLINE,Lisa Manoban,Crispy Seafood Basket x2,1960.00,235.20,50.00,2245.20,GCASH,PAID,IN_PROCESS,TXN-GCA-51262480
ORD-20260917-04120-E88B5,2026-09-17 20:19:09,ONLINE,Mark Bautista,Seafood Bilao Feast x1,2400.00,288.00,85.00,2773.00,MAYA,PAID,IN_PROCESS,TXN-MAY-89835954
ORD-20260917-01789-13ECF,2026-09-17 20:23:52,ONLINE,Lisa Manoban,Fresh Calamansi Juice Pitcher x1,280.00,33.60,100.00,413.60,GCASH,FAILED,CANCELLED,N/A
ORD-20260917-03735-50399,2026-09-17 20:27:08,ONLINE,Ana Reyes,Sweet & Chili Crab Bucket x1,1950.00,234.00,60.00,2244.00,GCASH,PAID,COMPLETED,TXN-GCA-80806298
ORD-20260917-00028-DB146,2026-09-17 20:28:02,ONLINE,Pedro Penduko,Classic Seafood Paella x2; Sweet & Chili Crab Bucket x1; Garlic Butter Prawns x1,6500.00,780.00,120.00,7400.00,CASH,PAID,COMPLETED,TXN-CAS-28337928
ORD-20260917-00665-F38B1,2026-09-17 20:28:58,ONLINE,Clara Dizon,Seafood Bilao Feast x2; Seafood Cajun Boil x2; Classic Seafood Paella x1; Crispy Seafood Basket x1,11130.00,1335.60,50.00,12515.60,GCASH,PAID,COMPLETED,TXN-GCA-50698682
ORD-20260917-00729-E4BA5,2026-09-17 20:29:21,ONLINE,Juan Tamad,Sweet & Chili Crab Bucket x1,1950.00,234.00,60.00,2244.00,GCASH,PAID,COMPLETED,TXN-GCA-60667769
ORD-20260917-03509-9FB2E,2026-09-17 20:40:57,ONLINE,Ana Reyes,Sweet & Chili Crab Bucket x1,1950.00,234.00,50.00,2234.00,GCASH,PAID,COMPLETED,TXN-GCA-86758237
ORD-20260917-00334-C3143,2026-09-17 20:45:33,ONLINE,Pedro Penduko,Crispy Seafood Basket x3; Classic Seafood Paella x1,4590.00,550.80,120.00,5260.80,SPLIT (Cash + GCash),PAID,COMPLETED,TXN-SPL-97302462
ORD-20260917-04073-AA0A5,2026-09-17 20:48:23,ON_SITE,Lisa Manoban,Garlic Butter Prawns x1; Grilled Seafood Platter x1,3350.00,402.00,0.00,3752.00,HYBRID (Cash + GCash),PAID,COMPLETED,TXN-HYB-38352794
ORD-20260917-03885-46697,2026-09-17 20:58:01,ON_SITE,Lisa Manoban,Garlic Butter Prawns x1; Classic Seafood Paella x1; Seafood Cajun Boil x3; Crispy Seafood Basket x1,9430.00,1131.60,0.00,10561.60,CASH,PAID,COMPLETED,TXN-CAS-64717505
ORD-20260917-01021-AF079,2026-09-17 21:01:07,ONLINE,Lisa Manoban,Seafood Cajun Boil x1; Sweet & Chili Crab Bucket x1; Garlic Butter Prawns x1,5050.00,606.00,85.00,5741.00,GCASH,PAID,COMPLETED,TXN-GCA-76603454
ORD-20260917-04770-39B57,2026-09-17 21:02:22,ON_SITE,Ferdinand Marcos,Garlic Butter Prawns x1; Seafood Cajun Boil x1,3100.00,372.00,0.00,3472.00,GCASH,PAID,COMPLETED,TXN-GCA-90612465
ORD-20260917-01085-50D5C,2026-09-17 21:32:30,ONLINE,Clara Dizon,Fresh Calamansi Juice Pitcher x1; Seafood Bilao Feast x1,2680.00,321.60,75.00,3076.60,GCASH,PAID,COMPLETED,TXN-GCA-10872919
ORD-20260917-03605-82D11,2026-09-17 21:35:34,ON_SITE,Carlos Mendoza,Crispy Seafood Basket x1; Seafood Cajun Boil x1,2830.00,339.60,0.00,3169.60,MAYA,PAID,COMPLETED,TXN-MAY-55142542
ORD-20260917-04866-A4924,2026-09-17 21:37:32,ON_SITE,Dingdong Dantes,Classic Seafood Paella x1,1650.00,198.00,0.00,1848.00,CASH,PAID,COMPLETED,TXN-CAS-35114008
ORD-20260917-03177-E713D,2026-09-17 21:42:13,ONLINE,Ana Reyes,Fresh Calamansi Juice Pitcher x1; Classic Seafood Paella x1,1930.00,231.60,75.00,2236.60,GCASH,PAID,COMPLETED,TXN-GCA-17912964
ORD-20260917-01308-18088,2026-09-17 21:42:27,ONLINE,Mark Bautista,Crispy Seafood Basket x1; Garlic Butter Prawns x2,3480.00,417.60,50.00,3947.60,SPLIT (Cash + GCash),PAID,COMPLETED,TXN-SPL-52523511
ORD-20260917-04951-8F57C,2026-09-17 21:55:36,ONLINE,Juan Tamad,Garlic Butter Prawns x3,3750.00,450.00,60.00,4260.00,GCASH,PENDING,CANCELLED,N/A
ORD-20260917-04889-DB320,2026-09-17 21:57:30,ON_SITE,Maria Clara Santos,Crispy Seafood Basket x1; Fresh Calamansi Juice Pitcher x1,1260.00,151.20,0.00,1411.20,MAYA,PAID,COMPLETED,TXN-MAY-42298137
ORD-20260917-00216-092C9,2026-09-17 21:59:02,ON_SITE,Ana Reyes,Fresh Calamansi Juice Pitcher x1; Classic Seafood Paella x1,1930.00,231.60,0.00,2161.60,HYBRID (Cash + GCash),PAID,COMPLETED,TXN-HYB-42902103
ORD-20260918-01042-B28C9,2026-09-18 10:00:31,ON_SITE,Daniel Padilla,Crispy Seafood Basket x2; Seafood Cajun Boil x1,3810.00,457.20,0.00,4267.20,SPLIT (Cash + GCash),PAID,COMPLETED,TXN-SPL-80944867
ORD-20260918-00495-8C7A7,2026-09-18 10:06:28,ONLINE,Lisa Manoban,Classic Seafood Paella x1; Crispy Seafood Basket x1; Grilled Seafood Platter x1,4730.00,567.60,60.00,5357.60,MAYA,PAID,COMPLETED,TXN-MAY-57502541
ORD-20260918-01054-E31BA,2026-09-18 10:06:54,ON_SITE,Ferdinand Marcos,Sweet & Chili Crab Bucket x1; Grilled Seafood Platter x1,4050.00,486.00,0.00,4536.00,CASH,PAID,COMPLETED,TXN-CAS-46020051
ORD-20260918-03962-C4CEB,2026-09-18 10:09:49,ONLINE,Pedro Penduko,Sweet & Chili Crab Bucket x2,3900.00,468.00,85.00,4453.00,GCASH,PAID,COMPLETED,TXN-GCA-86536419
ORD-20260918-03003-66AD1,2026-09-18 10:10:26,ON_SITE,Daniel Padilla,Crispy Seafood Basket x2; Garlic Butter Prawns x1,3210.00,385.20,0.00,3595.20,CASH,PAID,COMPLETED,TXN-CAS-92821202
ORD-20260918-01277-9F9EB,2026-09-18 10:11:08,ON_SITE,Daniel Padilla,Fresh Calamansi Juice Pitcher x1,280.00,33.60,0.00,313.60,GCASH,PAID,COMPLETED,TXN-GCA-36401856
ORD-20260918-03903-5D618,2026-09-18 10:12:14,ONLINE,Pedro Penduko,Garlic Butter Prawns x1; Classic Seafood Paella x2,4550.00,546.00,75.00,5171.00,GCASH,PAID,COMPLETED,TXN-GCA-34981642
ORD-20260918-04194-984A2,2026-09-18 10:13:04,ON_SITE,Mark Bautista,Fresh Calamansi Juice Pitcher x1; Seafood Bilao Feast x1; Classic Seafood Paella x2,5980.00,717.60,0.00,6697.60,HYBRID (Cash + GCash),PAID,COMPLETED,TXN-HYB-84289553
ORD-20260918-00348-EF349,2026-09-18 10:17:00,ONLINE,Juan Tamad,Crispy Seafood Basket x1; Seafood Cajun Boil x1; Classic Seafood Paella x2,6130.00,735.60,120.00,6985.60,CASH,PAID,COMPLETED,TXN-CAS-63846335
ORD-20260918-00053-C5E37,2026-09-18 10:23:48,ONLINE,Lisa Manoban,Seafood Cajun Boil x1; Grilled Seafood Platter x1,3950.00,474.00,120.00,4544.00,GCASH,PAID,COMPLETED,TXN-GCA-23332200
ORD-20260918-00403-945E9,2026-09-18 10:25:48,ON_SITE,Dindo Dela Cruz,Crispy Seafood Basket x1; Seafood Bilao Feast x2,5780.00,693.60,0.00,6473.60,SPLIT (Cash + GCash),PAID,COMPLETED,TXN-SPL-85599138
ORD-20260918-01914-A6287,2026-09-18 10:27:23,ONLINE,Juan Tamad,Garlic Butter Prawns x1; Sweet & Chili Crab Bucket x1,3200.00,384.00,50.00,3634.00,MAYA,PENDING,IN_PROCESS,N/A
ORD-20260918-01988-3F283,2026-09-18 10:27:41,ONLINE,Lisa Manoban,Seafood Cajun Boil x1; Sweet & Chili Crab Bucket x2; Grilled Seafood Platter x1; Seafood Bilao Feast x3,15050.00,1806.00,75.00,16931.00,GCASH,PAID,COMPLETED,TXN-GCA-88460226
ORD-20260918-04778-D1700,2026-09-18 10:34:57,ONLINE,Juan Tamad,Fresh Calamansi Juice Pitcher x1,280.00,33.60,75.00,388.60,GCASH,PAID,COMPLETED,TXN-GCA-18848007
ORD-20260918-01102-2A27E,2026-09-18 10:37:52,ONLINE,Clara Dizon,Classic Seafood Paella x1,1650.00,198.00,100.00,1948.00,GCASH,PAID,COMPLETED,TXN-GCA-59368590
ORD-20260918-00508-0DDE0,2026-09-18 10:45:20,ONLINE,Ana Reyes,Seafood Cajun Boil x1,1850.00,222.00,85.00,2157.00,HYBRID (Cash + GCash),PAID,COMPLETED,TXN-HYB-24431004
ORD-20260918-03737-8AFEC,2026-09-18 10:55:21,ON_SITE,Juan Tamad,Crispy Seafood Basket x1; Classic Seafood Paella x1; Sweet & Chili Crab Bucket x1,4580.00,549.60,0.00,5129.60,GCASH,PAID,COMPLETED,TXN-GCA-56915992
ORD-20260918-04856-A43ED,2026-09-18 10:58:01,ON_SITE,Giselle Hernandez,Grilled Seafood Platter x1; Classic Seafood Paella x1,3750.00,450.00,0.00,4200.00,CASH,PAID,COMPLETED,TXN-CAS-13416498
ORD-20260918-01852-78B24,2026-09-18 11:11:56,ONLINE,Ana Reyes,Classic Seafood Paella x1,1650.00,198.00,75.00,1923.00,SPLIT (Cash + GCash),REFUNDED,CANCELLED,N/A
ORD-20260918-01522-6FEE7,2026-09-18 11:22:06,ON_SITE,Juan Tamad,Sweet & Chili Crab Bucket x1,1950.00,234.00,0.00,2184.00,CASH,PAID,COMPLETED,TXN-CAS-81221792
ORD-20260918-00129-EBCD5,2026-09-18 11:23:38,ON_SITE,Pedro Penduko,Grilled Seafood Platter x1; Seafood Bilao Feast x2,6900.00,828.00,0.00,7728.00,CASH,PAID,COMPLETED,TXN-CAS-93121515
ORD-20260918-03119-36718,2026-09-18 11:27:07,ON_SITE,Matteo Guidicelli,Crispy Seafood Basket x1; Fresh Calamansi Juice Pitcher x1,1260.00,151.20,0.00,1411.20,SPLIT (Cash + GCash),PAID,COMPLETED,TXN-SPL-73570813
ORD-20260918-03664-AFA41,2026-09-18 11:50:28,ONLINE,Clara Dizon,Classic Seafood Paella x1; Seafood Cajun Boil x2,5350.00,642.00,85.00,6077.00,SPLIT (Cash + GCash),PAID,COMPLETED,TXN-SPL-68111606
ORD-20260918-02150-7A373,2026-09-18 12:10:41,ON_SITE,Pedro Penduko,Seafood Bilao Feast x2,4800.00,576.00,0.00,5376.00,GCASH,PAID,COMPLETED,TXN-GCA-34586584
ORD-20260918-04371-6AE83,2026-09-18 12:12:38,ONLINE,Ana Reyes,Classic Seafood Paella x1; Garlic Butter Prawns x1,2900.00,348.00,120.00,3368.00,MAYA,PAID,COMPLETED,TXN-MAY-61431966
ORD-20260918-02546-F2BD5,2026-09-18 12:13:09,ON_SITE,Clara Dizon,Crispy Seafood Basket x1,980.00,117.60,0.00,1097.60,GCASH,PAID,COMPLETED,TXN-GCA-51723918
ORD-20260918-01731-C6DF0,2026-09-18 12:13:15,ONLINE,Lisa Manoban,Garlic Butter Prawns x2,2500.00,300.00,75.00,2875.00,GCASH,PAID,IN_PROCESS,TXN-GCA-22742211
ORD-20260918-01865-44437,2026-09-18 12:14:39,ONLINE,Ana Reyes,Crispy Seafood Basket x1,980.00,117.60,120.00,1217.60,MAYA,PAID,COMPLETED,TXN-MAY-28729543
ORD-20260918-01295-8EB35,2026-09-18 12:16:31,ONLINE,Mark Bautista,Fresh Calamansi Juice Pitcher x1,280.00,33.60,75.00,388.60,GCASH,PAID,COMPLETED,TXN-GCA-74717282
ORD-20260918-01156-90FD5,2026-09-18 12:17:19,ONLINE,Ana Reyes,Sweet & Chili Crab Bucket x2; Seafood Cajun Boil x2; Garlic Butter Prawns x1,8850.00,1062.00,120.00,10032.00,SPLIT (Cash + GCash),PENDING,IN_PROCESS,N/A
ORD-20260918-04761-21F37,2026-09-18 12:22:07,ON_SITE,Ana Reyes,Garlic Butter Prawns x2,2500.00,300.00,0.00,2800.00,GCASH,PAID,COMPLETED,TXN-GCA-37203353
ORD-20260918-02215-C5200,2026-09-18 12:29:21,ON_SITE,Alden Richards,Seafood Bilao Feast x1,2400.00,288.00,0.00,2688.00,CASH,PAID,COMPLETED,TXN-CAS-67999553
ORD-20260918-02038-AFBBF,2026-09-18 12:33:25,ONLINE,Pedro Penduko,Crispy Seafood Basket x2; Seafood Cajun Boil x1,3810.00,457.20,85.00,4352.20,GCASH,PAID,COMPLETED,TXN-GCA-67364145
ORD-20260918-04099-11E15,2026-09-18 12:35:19,ON_SITE,Dindo Dela Cruz,Sweet & Chili Crab Bucket x2; Crispy Seafood Basket x1; Seafood Bilao Feast x1; Garlic Butter Prawns x1,8530.00,1023.60,0.00,9553.60,CASH,PAID,COMPLETED,TXN-CAS-61110826
ORD-20260918-01737-DE53F,2026-09-18 12:38:01,ONLINE,Mark Bautista,Crispy Seafood Basket x1; Classic Seafood Paella x3,5930.00,711.60,120.00,6761.60,CASH,PAID,COMPLETED,TXN-CAS-87597851
ORD-20260918-01838-711C5,2026-09-18 12:38:36,ON_SITE,Alden Richards,Fresh Calamansi Juice Pitcher x1; Garlic Butter Prawns x1; Crispy Seafood Basket x1; Grilled Seafood Platter x3,8810.00,1057.20,0.00,9867.20,HYBRID (Cash + GCash),PAID,COMPLETED,TXN-HYB-48789109
ORD-20260918-01901-127EE,2026-09-18 12:39:12,ON_SITE,Sarah Geronimo,Sweet & Chili Crab Bucket x1,1950.00,234.00,0.00,2184.00,GCASH,PAID,COMPLETED,TXN-GCA-77235853
ORD-20260918-01961-D9FB9,2026-09-18 12:41:02,ONLINE,Pedro Penduko,Grilled Seafood Platter x2; Garlic Butter Prawns x1,5450.00,654.00,85.00,6189.00,SPLIT (Cash + GCash),PAID,COMPLETED,TXN-SPL-10414366
ORD-20260918-00710-1A701,2026-09-18 12:44:30,ON_SITE,Dingdong Dantes,Seafood Bilao Feast x1,2400.00,288.00,0.00,2688.00,CASH,PAID,COMPLETED,TXN-CAS-70672104
ORD-20260918-01514-D2B97,2026-09-18 12:48:57,ONLINE,Clara Dizon,Garlic Butter Prawns x1; Grilled Seafood Platter x1; Seafood Bilao Feast x1; Fresh Calamansi Juice Pitcher x1,6030.00,723.60,100.00,6853.60,GCASH,PAID,COMPLETED,TXN-GCA-68546865
ORD-20260918-02587-C2078,2026-09-18 12:51:43,ONLINE,Ana Reyes,Crispy Seafood Basket x1,980.00,117.60,50.00,1147.60,GCASH,PAID,COMPLETED,TXN-GCA-45730283
ORD-20260918-02414-61A83,2026-09-18 12:55:04,ONLINE,Juan Tamad,Crispy Seafood Basket x1,980.00,117.60,85.00,1182.60,COD,REFUNDED,CANCELLED,N/A
ORD-20260918-01567-DBAB1,2026-09-18 13:03:28,ONLINE,Pedro Penduko,Sweet & Chili Crab Bucket x1,1950.00,234.00,50.00,2234.00,GCASH,PAID,COMPLETED,TXN-GCA-76116803
ORD-20260918-03109-0B82C,2026-09-18 13:04:08,ON_SITE,Mark Bautista,Fresh Calamansi Juice Pitcher x1,280.00,33.60,0.00,313.60,GCASH,PAID,COMPLETED,TXN-GCA-23220848
ORD-20260918-03659-322ED,2026-09-18 13:06:57,ON_SITE,Matteo Guidicelli,Crispy Seafood Basket x1; Classic Seafood Paella x2,4280.00,513.60,0.00,4793.60,MAYA,PAID,COMPLETED,TXN-MAY-46406115
ORD-20260918-01273-4D39C,2026-09-18 13:07:02,ON_SITE,Joshua Garcia,Fresh Calamansi Juice Pitcher x1; Sweet & Chili Crab Bucket x1; Crispy Seafood Basket x1; Classic Seafood Paella x1,4860.00,583.20,0.00,5443.20,CASH,PAID,COMPLETED,TXN-CAS-99263875
ORD-20260918-04967-6023E,2026-09-18 13:10:49,ONLINE,Clara Dizon,Grilled Seafood Platter x1; Seafood Cajun Boil x1; Sweet & Chili Crab Bucket x2,7850.00,942.00,50.00,8842.00,GCASH,FAILED,CANCELLED,N/A
ORD-20260918-02676-4A850,2026-09-18 13:18:01,ONLINE,Pedro Penduko,Classic Seafood Paella x1; Garlic Butter Prawns x2; Grilled Seafood Platter x1; Seafood Cajun Boil x1,8100.00,972.00,60.00,9132.00,MAYA,PAID,COMPLETED,TXN-MAY-45957509
ORD-20260918-00225-2ECBF,2026-09-18 13:18:55,ON_SITE,Juan Tamad,Classic Seafood Paella x1; Garlic Butter Prawns x1,2900.00,348.00,0.00,3248.00,SPLIT (Cash + GCash),PENDING,IN_PROCESS,N/A
ORD-20260918-03470-64E42,2026-09-18 13:21:51,ON_SITE,Dindo Dela Cruz,Seafood Bilao Feast x1; Grilled Seafood Platter x1,4500.00,540.00,0.00,5040.00,HYBRID (Cash + GCash),PAID,COMPLETED,TXN-HYB-93801661
ORD-20260918-00470-6EF9A,2026-09-18 13:23:19,ON_SITE,Clara Dizon,Grilled Seafood Platter x1,2100.00,252.00,0.00,2352.00,CASH,PAID,COMPLETED,TXN-CAS-82708419
ORD-20260918-00598-1E4B4,2026-09-18 13:28:21,ONLINE,Ana Reyes,Grilled Seafood Platter x2; Sweet & Chili Crab Bucket x1,6150.00,738.00,100.00,6988.00,GCASH,PAID,COMPLETED,TXN-GCA-57988966
ORD-20260918-02226-32EEB,2026-09-18 13:29:28,ON_SITE,Mark Bautista,Seafood Bilao Feast x1; Sweet & Chili Crab Bucket x2; Fresh Calamansi Juice Pitcher x1; Garlic Butter Prawns x1,7830.00,939.60,0.00,8769.60,CASH,PAID,COMPLETED,TXN-CAS-95299287
ORD-20260918-04206-654B3,2026-09-18 13:29:32,ON_SITE,Lisa Manoban,Seafood Cajun Boil x1; Grilled Seafood Platter x2,6050.00,726.00,0.00,6776.00,GCASH,PAID,COMPLETED,TXN-GCA-41466443
ORD-20260918-03749-EBEF3,2026-09-18 13:29:47,ON_SITE,Alden Richards,Sweet & Chili Crab Bucket x1; Crispy Seafood Basket x1; Garlic Butter Prawns x3,6680.00,801.60,0.00,7481.60,SPLIT (Cash + GCash),PAID,COMPLETED,TXN-SPL-97985265
ORD-20260918-00303-E837E,2026-09-18 13:32:04,ON_SITE,Ferdinand Marcos,Seafood Bilao Feast x3,7200.00,864.00,0.00,8064.00,CASH,PAID,COMPLETED,TXN-CAS-86450027
ORD-20260918-01640-8A424,2026-09-18 13:33:07,ON_SITE,Alden Richards,Garlic Butter Prawns x1; Sweet & Chili Crab Bucket x1,3200.00,384.00,0.00,3584.00,GCASH,PAID,COMPLETED,TXN-GCA-99734814
ORD-20260918-02963-EF0ED,2026-09-18 13:35:44,ON_SITE,Pedro Penduko,Sweet & Chili Crab Bucket x1; Seafood Bilao Feast x2,6750.00,810.00,0.00,7560.00,MAYA,PAID,COMPLETED,TXN-MAY-57492372
ORD-20260918-02566-A80C4,2026-09-18 13:37:20,ON_SITE,Katrina Halili,Seafood Bilao Feast x1; Seafood Cajun Boil x1,4250.00,510.00,0.00,4760.00,CASH,PENDING,CANCELLED,N/A
ORD-20260918-01533-BAAEA,2026-09-18 13:38:26,ONLINE,Lisa Manoban,Fresh Calamansi Juice Pitcher x1; Seafood Bilao Feast x1; Crispy Seafood Basket x2; Seafood Cajun Boil x3,10190.00,1222.80,85.00,11497.80,GCASH,PAID,COMPLETED,TXN-GCA-97981705
ORD-20260918-03053-25F00,2026-09-18 13:39:42,ONLINE,Mark Bautista,Crispy Seafood Basket x2,1960.00,235.20,100.00,2295.20,GCASH,PAID,COMPLETED,TXN-GCA-58040269
ORD-20260918-02118-D94B9,2026-09-18 13:43:41,ON_SITE,Pedro Penduko,Garlic Butter Prawns x1; Sweet & Chili Crab Bucket x1; Classic Seafood Paella x3; Seafood Cajun Boil x1,10000.00,1200.00,0.00,11200.00,HYBRID (Cash + GCash),PAID,COMPLETED,TXN-HYB-31205501
ORD-20260918-04318-91F2B,2026-09-18 13:45:29,ON_SITE,Clara Dizon,Grilled Seafood Platter x1,2100.00,252.00,0.00,2352.00,GCASH,PAID,COMPLETED,TXN-GCA-10165612
ORD-20260918-03024-2B400,2026-09-18 13:46:42,ON_SITE,Kathryn Bernardo,Grilled Seafood Platter x1,2100.00,252.00,0.00,2352.00,HYBRID (Cash + GCash),PAID,COMPLETED,TXN-HYB-93331579
ORD-20260918-03129-0EB65,2026-09-18 13:51:42,ON_SITE,Ana Reyes,Seafood Cajun Boil x1,1850.00,222.00,0.00,2072.00,CASH,PAID,COMPLETED,TXN-CAS-46570965
ORD-20260918-04483-DE613,2026-09-18 13:52:17,ON_SITE,Pedro Penduko,Seafood Cajun Boil x1; Grilled Seafood Platter x1,3950.00,474.00,0.00,4424.00,SPLIT (Cash + GCash),PAID,IN_PROCESS,TXN-SPL-84707563
ORD-20260918-03644-5F99A,2026-09-18 13:56:24,ONLINE,Clara Dizon,Fresh Calamansi Juice Pitcher x1; Sweet & Chili Crab Bucket x2,4180.00,501.60,60.00,4741.60,GCASH,PAID,COMPLETED,TXN-GCA-34062627
ORD-20260918-01185-F133C,2026-09-18 13:59:53,ONLINE,Ana Reyes,Classic Seafood Paella x1; Grilled Seafood Platter x1,3750.00,450.00,50.00,4250.00,HYBRID (Cash + GCash),PENDING,IN_PROCESS,N/A
ORD-20260918-01276-F7167,2026-09-18 14:06:43,ON_SITE,Mark Bautista,Seafood Cajun Boil x1; Crispy Seafood Basket x2; Classic Seafood Paella x2,7110.00,853.20,0.00,7963.20,CASH,PAID,COMPLETED,TXN-CAS-29678813
ORD-20260918-00105-E5635,2026-09-18 14:11:57,ONLINE,Pedro Penduko,Crispy Seafood Basket x1,980.00,117.60,100.00,1197.60,GCASH,PAID,IN_PROCESS,TXN-GCA-94031090
ORD-20260918-02736-EB72A,2026-09-18 14:12:56,ONLINE,Pedro Penduko,Grilled Seafood Platter x1; Crispy Seafood Basket x1; Garlic Butter Prawns x1,4330.00,519.60,60.00,4909.60,MAYA,PAID,COMPLETED,TXN-MAY-90040278
ORD-20260918-01281-AA48F,2026-09-18 14:17:37,ONLINE,Mark Bautista,Grilled Seafood Platter x2,4200.00,504.00,50.00,4754.00,COD,PAID,COMPLETED,TXN-COD-35169719
ORD-20260918-01364-95273,2026-09-18 14:19:06,ONLINE,Pedro Penduko,Classic Seafood Paella x1,1650.00,198.00,50.00,1898.00,GCASH,PAID,COMPLETED,TXN-GCA-10891304
ORD-20260918-01367-20C76,2026-09-18 14:29:17,ONLINE,Ana Reyes,Garlic Butter Prawns x1,1250.00,150.00,60.00,1460.00,MAYA,PENDING,IN_PROCESS,N/A
ORD-20260918-00382-86484,2026-09-18 14:33:08,ON_SITE,Mark Bautista,Sweet & Chili Crab Bucket x1,1950.00,234.00,0.00,2184.00,GCASH,PAID,COMPLETED,TXN-GCA-53090911
ORD-20260918-02418-01D31,2026-09-18 14:35:04,ONLINE,Juan Tamad,Seafood Cajun Boil x1; Fresh Calamansi Juice Pitcher x1,2130.00,255.60,60.00,2445.60,GCASH,PAID,COMPLETED,TXN-GCA-10055444
ORD-20260918-00026-10B70,2026-09-18 14:36:52,ONLINE,Ana Reyes,Fresh Calamansi Juice Pitcher x1; Seafood Bilao Feast x1,2680.00,321.60,120.00,3121.60,GCASH,PAID,COMPLETED,TXN-GCA-59698848
ORD-20260918-00700-1BF21,2026-09-18 14:48:28,ON_SITE,Clara Dizon,Fresh Calamansi Juice Pitcher x1,280.00,33.60,0.00,313.60,CASH,PAID,COMPLETED,TXN-CAS-41283144
ORD-20260918-01194-9BE81,2026-09-18 14:48:41,ONLINE,Ana Reyes,Seafood Cajun Boil x1,1850.00,222.00,50.00,2122.00,GCASH,PAID,COMPLETED,TXN-GCA-44394858
ORD-20260918-04540-CAC0E,2026-09-18 14:50:11,ON_SITE,Katrina Halili,Crispy Seafood Basket x1; Seafood Bilao Feast x1; Sweet & Chili Crab Bucket x2,7280.00,873.60,0.00,8153.60,HYBRID (Cash + GCash),PAID,COMPLETED,TXN-HYB-44318449
ORD-20260918-00568-F0F4B,2026-09-18 14:50:13,ON_SITE,Marian Rivera,Garlic Butter Prawns x1; Crispy Seafood Basket x1,2230.00,267.60,0.00,2497.60,SPLIT (Cash + GCash),PAID,COMPLETED,TXN-SPL-72295800
ORD-20260918-03275-41B40,2026-09-18 14:52:37,ON_SITE,Mark Bautista,Fresh Calamansi Juice Pitcher x3,840.00,100.80,0.00,940.80,CASH,PAID,COMPLETED,TXN-CAS-91724746
ORD-20260918-04587-97E8A,2026-09-18 15:02:06,ONLINE,Lisa Manoban,Classic Seafood Paella x1,1650.00,198.00,85.00,1933.00,SPLIT (Cash + GCash),PAID,COMPLETED,TXN-SPL-14729643
ORD-20260918-03169-1041B,2026-09-18 15:10:08,ON_SITE,Pedro Penduko,Sweet & Chili Crab Bucket x1; Fresh Calamansi Juice Pitcher x1,2230.00,267.60,0.00,2497.60,HYBRID (Cash + GCash),PAID,COMPLETED,TXN-HYB-90630829
ORD-20260918-01492-37478,2026-09-18 15:13:09,ONLINE,Pedro Penduko,Fresh Calamansi Juice Pitcher x1,280.00,33.60,50.00,363.60,GCASH,PAID,COMPLETED,TXN-GCA-38441796
ORD-20260918-01148-F949D,2026-09-18 15:27:11,ON_SITE,Ferdinand Marcos,Seafood Cajun Boil x1,1850.00,222.00,0.00,2072.00,CASH,PAID,COMPLETED,TXN-CAS-50949454
ORD-20260918-00215-560D5,2026-09-18 15:29:25,ON_SITE,Dingdong Dantes,Crispy Seafood Basket x1; Sweet & Chili Crab Bucket x2,4880.00,585.60,0.00,5465.60,GCASH,PAID,COMPLETED,TXN-GCA-23473198
ORD-20260918-01444-572E2,2026-09-18 15:32:30,ON_SITE,Bea Alonzo,Sweet & Chili Crab Bucket x1; Fresh Calamansi Juice Pitcher x2; Grilled Seafood Platter x1,4610.00,553.20,0.00,5163.20,GCASH,PAID,COMPLETED,TXN-GCA-47498794
ORD-20260918-03379-D662B,2026-09-18 15:35:03,ON_SITE,Daniel Padilla,Grilled Seafood Platter x2; Sweet & Chili Crab Bucket x1,6150.00,738.00,0.00,6888.00,GCASH,PAID,COMPLETED,TXN-GCA-49732838
ORD-20260918-03944-1ACDF,2026-09-18 15:38:50,ON_SITE,Mark Bautista,Seafood Cajun Boil x1; Seafood Bilao Feast x1; Grilled Seafood Platter x2,8450.00,1014.00,0.00,9464.00,GCASH,PAID,COMPLETED,TXN-GCA-56586836
ORD-20260918-01930-0C559,2026-09-18 15:39:49,ON_SITE,Marian Rivera,Grilled Seafood Platter x1; Classic Seafood Paella x1,3750.00,450.00,0.00,4200.00,CASH,PENDING,IN_PROCESS,N/A
ORD-20260918-03984-82992,2026-09-18 15:42:27,ON_SITE,Daniel Padilla,Fresh Calamansi Juice Pitcher x1,280.00,33.60,0.00,313.60,CASH,PAID,COMPLETED,TXN-CAS-26828575
ORD-20260918-01756-FCFF2,2026-09-18 15:53:45,ONLINE,Juan Tamad,Seafood Cajun Boil x1; Seafood Bilao Feast x2,6650.00,798.00,50.00,7498.00,GCASH,PAID,COMPLETED,TXN-GCA-74965535
ORD-20260918-00332-B6847,2026-09-18 15:57:28,ONLINE,Clara Dizon,Garlic Butter Prawns x2; Seafood Cajun Boil x2; Sweet & Chili Crab Bucket x1,8150.00,978.00,120.00,9248.00,GCASH,PAID,COMPLETED,TXN-GCA-20057780
ORD-20260918-00416-4E8D8,2026-09-18 16:04:25,ON_SITE,Marian Rivera,Fresh Calamansi Juice Pitcher x1,280.00,33.60,0.00,313.60,CASH,PAID,COMPLETED,TXN-CAS-58058056
ORD-20260918-00589-09155,2026-09-18 16:17:49,ON_SITE,Clara Dizon,Garlic Butter Prawns x1; Grilled Seafood Platter x2,5450.00,654.00,0.00,6104.00,CASH,PAID,COMPLETED,TXN-CAS-46742247
ORD-20260918-04306-382F8,2026-09-18 16:17:55,ONLINE,Lisa Manoban,Sweet & Chili Crab Bucket x1,1950.00,234.00,120.00,2304.00,SPLIT (Cash + GCash),PAID,COMPLETED,TXN-SPL-69252062
ORD-20260918-02956-3B93C,2026-09-18 16:29:27,ONLINE,Pedro Penduko,Seafood Bilao Feast x2; Seafood Cajun Boil x1,6650.00,798.00,50.00,7498.00,MAYA,PAID,COMPLETED,TXN-MAY-46700421
ORD-20260918-01178-F8CC9,2026-09-18 16:40:35,ON_SITE,Joshua Garcia,Seafood Cajun Boil x1; Fresh Calamansi Juice Pitcher x3,2690.00,322.80,0.00,3012.80,GCASH,PAID,COMPLETED,TXN-GCA-92832534
ORD-20260918-04768-8C258,2026-09-18 16:41:19,ON_SITE,Ana Reyes,Grilled Seafood Platter x2; Sweet & Chili Crab Bucket x1,6150.00,738.00,0.00,6888.00,CASH,PAID,COMPLETED,TXN-CAS-76100834
ORD-20260918-01195-17FD7,2026-09-18 16:47:53,ON_SITE,Maria Clara Santos,Grilled Seafood Platter x2,4200.00,504.00,0.00,4704.00,GCASH,PAID,COMPLETED,TXN-GCA-64295083
ORD-20260918-00839-A15A7,2026-09-18 16:52:29,ONLINE,Lisa Manoban,Crispy Seafood Basket x1; Fresh Calamansi Juice Pitcher x1; Classic Seafood Paella x1,2910.00,349.20,60.00,3319.20,GCASH,PAID,COMPLETED,TXN-GCA-12841983
ORD-20260918-03573-E2875,2026-09-18 16:52:42,ON_SITE,Sarah Geronimo,Fresh Calamansi Juice Pitcher x1; Classic Seafood Paella x1,1930.00,231.60,0.00,2161.60,GCASH,PENDING,IN_PROCESS,N/A
ORD-20260918-04917-9177D,2026-09-18 16:52:43,ON_SITE,Alden Richards,Classic Seafood Paella x2,3300.00,396.00,0.00,3696.00,CASH,PAID,COMPLETED,TXN-CAS-50836654
ORD-20260918-03671-F94BF,2026-09-18 16:53:57,ON_SITE,Bea Alonzo,Fresh Calamansi Juice Pitcher x1,280.00,33.60,0.00,313.60,HYBRID (Cash + GCash),PAID,COMPLETED,TXN-HYB-40929060
ORD-20260918-04107-BADAC,2026-09-18 17:00:59,ON_SITE,Clara Dizon,Classic Seafood Paella x1; Crispy Seafood Basket x1; Seafood Bilao Feast x1; Garlic Butter Prawns x2,7530.00,903.60,0.00,8433.60,SPLIT (Cash + GCash),PAID,COMPLETED,TXN-SPL-29512486
ORD-20260918-02616-2B7A5,2026-09-18 17:01:20,ONLINE,Pedro Penduko,Garlic Butter Prawns x2; Crispy Seafood Basket x1; Sweet & Chili Crab Bucket x3; Seafood Cajun Boil x1,11180.00,1341.60,60.00,12581.60,GCASH,PAID,COMPLETED,TXN-GCA-31946180
ORD-20260918-02618-47BAE,2026-09-18 17:03:31,ON_SITE,Pedro Penduko,Sweet & Chili Crab Bucket x1; Classic Seafood Paella x1,3600.00,432.00,0.00,4032.00,SPLIT (Cash + GCash),PAID,COMPLETED,TXN-SPL-83542161
ORD-20260918-03008-BA86B,2026-09-18 17:03:51,ON_SITE,Sarah Geronimo,Fresh Calamansi Juice Pitcher x1,280.00,33.60,0.00,313.60,GCASH,PAID,COMPLETED,TXN-GCA-53358348
ORD-20260918-00889-C6B57,2026-09-18 17:16:06,ON_SITE,Lisa Manoban,Grilled Seafood Platter x1,2100.00,252.00,0.00,2352.00,CASH,PAID,COMPLETED,TXN-CAS-37191436
ORD-20260918-00048-566B8,2026-09-18 17:20:08,ONLINE,Pedro Penduko,Fresh Calamansi Juice Pitcher x1; Grilled Seafood Platter x1; Classic Seafood Paella x1,4030.00,483.60,85.00,4598.60,SPLIT (Cash + GCash),PAID,COMPLETED,TXN-SPL-69056176
ORD-20260918-00749-61723,2026-09-18 17:22:06,ON_SITE,Clara Dizon,Sweet & Chili Crab Bucket x1; Grilled Seafood Platter x1,4050.00,486.00,0.00,4536.00,CASH,PAID,COMPLETED,TXN-CAS-32728485
ORD-20260918-02216-BF75B,2026-09-18 17:26:15,ONLINE,Ana Reyes,Garlic Butter Prawns x1,1250.00,150.00,60.00,1460.00,HYBRID (Cash + GCash),PAID,COMPLETED,TXN-HYB-71690925
ORD-20260918-00791-E0170,2026-09-18 17:26:40,ONLINE,Juan Tamad,Seafood Bilao Feast x1; Sweet & Chili Crab Bucket x2,6300.00,756.00,60.00,7116.00,MAYA,PAID,COMPLETED,TXN-MAY-81948703
ORD-20260918-00083-3F0A2,2026-09-18 17:34:54,ON_SITE,Daniel Padilla,Grilled Seafood Platter x2; Seafood Cajun Boil x1,6050.00,726.00,0.00,6776.00,GCASH,PAID,COMPLETED,TXN-GCA-98363559
ORD-20260918-00583-A95CF,2026-09-18 17:42:53,ONLINE,Pedro Penduko,Grilled Seafood Platter x1,2100.00,252.00,85.00,2437.00,GCASH,PAID,COMPLETED,TXN-GCA-17873718
ORD-20260918-01248-015BF,2026-09-18 17:43:34,ONLINE,Lisa Manoban,Sweet & Chili Crab Bucket x1,1950.00,234.00,85.00,2269.00,HYBRID (Cash + GCash),PAID,COMPLETED,TXN-HYB-14186952
ORD-20260918-03440-C12BE,2026-09-18 17:46:41,ON_SITE,Maria Clara Santos,Classic Seafood Paella x1; Sweet & Chili Crab Bucket x1,3600.00,432.00,0.00,4032.00,CASH,PAID,COMPLETED,TXN-CAS-92989732
ORD-20260918-03967-2CD2D,2026-09-18 17:46:58,ON_SITE,Clara Dizon,Grilled Seafood Platter x1,2100.00,252.00,0.00,2352.00,MAYA,PAID,COMPLETED,TXN-MAY-34775454
ORD-20260918-03254-0D953,2026-09-18 17:54:33,ONLINE,Mark Bautista,Garlic Butter Prawns x1; Grilled Seafood Platter x1,3350.00,402.00,85.00,3837.00,GCASH,PAID,COMPLETED,TXN-GCA-50184920
ORD-20260918-00449-C2A1D,2026-09-18 18:00:28,ON_SITE,Juan Tamad,Classic Seafood Paella x1,1650.00,198.00,0.00,1848.00,CASH,PAID,COMPLETED,TXN-CAS-40510188
ORD-20260918-00020-014C9,2026-09-18 18:05:57,ONLINE,Ana Reyes,Garlic Butter Prawns x1,1250.00,150.00,50.00,1450.00,MAYA,PAID,COMPLETED,TXN-MAY-42915184
ORD-20260918-02796-33D5E,2026-09-18 18:06:31,ON_SITE,Marian Rivera,Seafood Bilao Feast x1,2400.00,288.00,0.00,2688.00,CASH,PAID,COMPLETED,TXN-CAS-78788805
ORD-20260918-02317-B66C6,2026-09-18 18:13:50,ONLINE,Lisa Manoban,Seafood Cajun Boil x1; Crispy Seafood Basket x1,2830.00,339.60,50.00,3219.60,CASH,PAID,COMPLETED,TXN-CAS-53189370
ORD-20260918-01602-C1AA4,2026-09-18 18:15:39,ON_SITE,Kathryn Bernardo,Garlic Butter Prawns x1,1250.00,150.00,0.00,1400.00,MAYA,PAID,COMPLETED,TXN-MAY-81083647
ORD-20260918-04606-54BB2,2026-09-18 18:15:48,ON_SITE,Pedro Penduko,Seafood Bilao Feast x1; Crispy Seafood Basket x1,3380.00,405.60,0.00,3785.60,CASH,PAID,COMPLETED,TXN-CAS-53855309
ORD-20260918-00072-35C7C,2026-09-18 18:17:41,ONLINE,Juan Tamad,Seafood Bilao Feast x1,2400.00,288.00,50.00,2738.00,GCASH,PAID,COMPLETED,TXN-GCA-66742054
ORD-20260918-04263-42BEC,2026-09-18 18:19:49,ON_SITE,Matteo Guidicelli,Seafood Bilao Feast x2; Grilled Seafood Platter x1; Crispy Seafood Basket x2; Garlic Butter Prawns x2,11360.00,1363.20,0.00,12723.20,CASH,PAID,COMPLETED,TXN-CAS-30014456
ORD-20260918-01804-F13EA,2026-09-18 18:24:04,ON_SITE,Dingdong Dantes,Seafood Bilao Feast x1; Garlic Butter Prawns x1,3650.00,438.00,0.00,4088.00,GCASH,PAID,COMPLETED,TXN-GCA-25102803
ORD-20260918-00226-6B54B,2026-09-18 18:31:07,ON_SITE,Juan Tamad,Seafood Cajun Boil x1; Fresh Calamansi Juice Pitcher x3,2690.00,322.80,0.00,3012.80,CASH,PAID,COMPLETED,TXN-CAS-84148140
ORD-20260918-04384-4090A,2026-09-18 18:31:18,ON_SITE,Kathryn Bernardo,Classic Seafood Paella x1; Grilled Seafood Platter x1; Seafood Cajun Boil x1; Fresh Calamansi Juice Pitcher x1,5880.00,705.60,0.00,6585.60,CASH,REFUNDED,CANCELLED,N/A
ORD-20260918-01659-57D7E,2026-09-18 18:35:37,ONLINE,Clara Dizon,Crispy Seafood Basket x1; Fresh Calamansi Juice Pitcher x1,1260.00,151.20,100.00,1511.20,COD,PAID,COMPLETED,TXN-COD-19274466
ORD-20260918-04671-C8B1D,2026-09-18 18:36:06,ON_SITE,Dindo Dela Cruz,Crispy Seafood Basket x2,1960.00,235.20,0.00,2195.20,SPLIT (Cash + GCash),PAID,COMPLETED,TXN-SPL-16501074
ORD-20260918-04154-4A2AE,2026-09-18 18:37:00,ONLINE,Pedro Penduko,Seafood Cajun Boil x1; Fresh Calamansi Juice Pitcher x1,2130.00,255.60,85.00,2470.60,MAYA,PAID,COMPLETED,TXN-MAY-31672594
ORD-20260918-04829-25D1A,2026-09-18 18:51:01,ONLINE,Lisa Manoban,Grilled Seafood Platter x1; Seafood Cajun Boil x1; Crispy Seafood Basket x1,4930.00,591.60,100.00,5621.60,HYBRID (Cash + GCash),PAID,COMPLETED,TXN-HYB-88619332
ORD-20260918-00055-959E7,2026-09-18 19:00:28,ON_SITE,Juan Tamad,Sweet & Chili Crab Bucket x2; Grilled Seafood Platter x2; Seafood Bilao Feast x1,10500.00,1260.00,0.00,11760.00,GCASH,PAID,COMPLETED,TXN-GCA-34013387
ORD-20260918-04555-D67C1,2026-09-18 19:06:29,ONLINE,Clara Dizon,Seafood Cajun Boil x3,5550.00,666.00,100.00,6316.00,GCASH,REFUNDED,CANCELLED,N/A
ORD-20260918-03020-1A299,2026-09-18 19:09:35,ON_SITE,Alden Richards,Crispy Seafood Basket x1,980.00,117.60,0.00,1097.60,GCASH,PAID,COMPLETED,TXN-GCA-62134600
ORD-20260918-00878-196E7,2026-09-18 19:11:20,ON_SITE,Alden Richards,Grilled Seafood Platter x1; Classic Seafood Paella x1,3750.00,450.00,0.00,4200.00,GCASH,PAID,COMPLETED,TXN-GCA-80531462
ORD-20260918-04321-B7A75,2026-09-18 19:11:36,ON_SITE,Pedro Penduko,Sweet & Chili Crab Bucket x1; Seafood Cajun Boil x1,3800.00,456.00,0.00,4256.00,CASH,PAID,COMPLETED,TXN-CAS-84751214
ORD-20260918-03661-D7E8F,2026-09-18 19:12:20,ON_SITE,Ana Reyes,Fresh Calamansi Juice Pitcher x1,280.00,33.60,0.00,313.60,GCASH,PAID,COMPLETED,TXN-GCA-60320927
ORD-20260918-03554-CE9FE,2026-09-18 19:16:01,ON_SITE,Pedro Penduko,Grilled Seafood Platter x2; Crispy Seafood Basket x1; Fresh Calamansi Juice Pitcher x1; Sweet & Chili Crab Bucket x1,7410.00,889.20,0.00,8299.20,CASH,PAID,COMPLETED,TXN-CAS-85342959
ORD-20260918-00857-2B61A,2026-09-18 19:24:40,ON_SITE,Matteo Guidicelli,Classic Seafood Paella x1; Seafood Cajun Boil x1,3500.00,420.00,0.00,3920.00,CASH,PAID,COMPLETED,TXN-CAS-82624510
ORD-20260918-03370-39E39,2026-09-18 19:24:41,ON_SITE,Katrina Halili,Sweet & Chili Crab Bucket x2,3900.00,468.00,0.00,4368.00,GCASH,REFUNDED,CANCELLED,N/A
ORD-20260918-02656-6E31C,2026-09-18 19:26:09,ONLINE,Lisa Manoban,Fresh Calamansi Juice Pitcher x1; Sweet & Chili Crab Bucket x1; Seafood Cajun Boil x1; Grilled Seafood Platter x2,8280.00,993.60,75.00,9348.60,COD,PAID,COMPLETED,TXN-COD-16405071
ORD-20260918-02541-1D58C,2026-09-18 19:26:29,ON_SITE,Matteo Guidicelli,Crispy Seafood Basket x1,980.00,117.60,0.00,1097.60,CASH,PAID,COMPLETED,TXN-CAS-48813367
ORD-20260918-02801-1EC63,2026-09-18 19:28:50,ONLINE,Lisa Manoban,Fresh Calamansi Juice Pitcher x1,280.00,33.60,50.00,363.60,GCASH,PAID,COMPLETED,TXN-GCA-31317365
ORD-20260918-00284-825C1,2026-09-18 19:34:30,ONLINE,Pedro Penduko,Seafood Bilao Feast x1; Seafood Cajun Boil x1,4250.00,510.00,60.00,4820.00,HYBRID (Cash + GCash),PAID,COMPLETED,TXN-HYB-45227279
ORD-20260918-00797-92992,2026-09-18 19:45:03,ONLINE,Mark Bautista,Crispy Seafood Basket x2,1960.00,235.20,100.00,2295.20,CASH,PAID,COMPLETED,TXN-CAS-51980002
ORD-20260918-03892-C2A6D,2026-09-18 19:46:30,ONLINE,Pedro Penduko,Classic Seafood Paella x3; Fresh Calamansi Juice Pitcher x1,5230.00,627.60,50.00,5907.60,GCASH,PAID,COMPLETED,TXN-GCA-96485056
ORD-20260918-02176-16B17,2026-09-18 19:47:36,ON_SITE,Lisa Manoban,Fresh Calamansi Juice Pitcher x1,280.00,33.60,0.00,313.60,CASH,PAID,COMPLETED,TXN-CAS-33589331
ORD-20260918-02779-6E48C,2026-09-18 19:47:45,ONLINE,Clara Dizon,Grilled Seafood Platter x1,2100.00,252.00,120.00,2472.00,HYBRID (Cash + GCash),PAID,COMPLETED,TXN-HYB-35641840
ORD-20260918-01764-1B78B,2026-09-18 19:49:53,ONLINE,Clara Dizon,Crispy Seafood Basket x1; Garlic Butter Prawns x1,2230.00,267.60,120.00,2617.60,MAYA,PAID,COMPLETED,TXN-MAY-44645358
ORD-20260918-01721-996C5,2026-09-18 20:00:53,ON_SITE,Ana Reyes,Fresh Calamansi Juice Pitcher x1,280.00,33.60,0.00,313.60,HYBRID (Cash + GCash),PAID,COMPLETED,TXN-HYB-12811803
ORD-20260918-03949-18E61,2026-09-18 20:03:11,ON_SITE,Carlos Mendoza,Crispy Seafood Basket x1,980.00,117.60,0.00,1097.60,CASH,PAID,COMPLETED,TXN-CAS-96733452
ORD-20260918-04940-23EF1,2026-09-18 20:13:14,ON_SITE,Ana Reyes,Garlic Butter Prawns x2,2500.00,300.00,0.00,2800.00,GCASH,FAILED,CANCELLED,N/A
ORD-20260918-02305-CF3F1,2026-09-18 20:17:16,ON_SITE,Juan Tamad,Grilled Seafood Platter x2; Seafood Bilao Feast x1; Fresh Calamansi Juice Pitcher x1; Classic Seafood Paella x1,8530.00,1023.60,0.00,9553.60,CASH,PAID,COMPLETED,TXN-CAS-78631796
ORD-20260918-04950-F3899,2026-09-18 20:27:46,ON_SITE,Bea Alonzo,Fresh Calamansi Juice Pitcher x1; Grilled Seafood Platter x3; Garlic Butter Prawns x1,7830.00,939.60,0.00,8769.60,SPLIT (Cash + GCash),PAID,COMPLETED,TXN-SPL-86156567
ORD-20260918-04627-AAF21,2026-09-18 20:32:01,ON_SITE,Clara Dizon,Garlic Butter Prawns x1; Seafood Cajun Boil x2; Sweet & Chili Crab Bucket x1,6900.00,828.00,0.00,7728.00,GCASH,PAID,COMPLETED,TXN-GCA-86010367
ORD-20260918-03411-1C5E3,2026-09-18 20:40:30,ON_SITE,Dingdong Dantes,Seafood Bilao Feast x1,2400.00,288.00,0.00,2688.00,GCASH,PAID,COMPLETED,TXN-GCA-68573845
ORD-20260918-04619-142EB,2026-09-18 20:40:35,ON_SITE,Sarah Geronimo,Classic Seafood Paella x1; Grilled Seafood Platter x1,3750.00,450.00,0.00,4200.00,CASH,PAID,COMPLETED,TXN-CAS-92373993
ORD-20260918-00822-E791B,2026-09-18 20:44:00,ON_SITE,Ferdinand Marcos,Fresh Calamansi Juice Pitcher x1; Crispy Seafood Basket x2,2240.00,268.80,0.00,2508.80,CASH,PAID,COMPLETED,TXN-CAS-75536462
ORD-20260918-02694-1122F,2026-09-18 20:44:21,ON_SITE,Dindo Dela Cruz,Sweet & Chili Crab Bucket x1,1950.00,234.00,0.00,2184.00,GCASH,PAID,COMPLETED,TXN-GCA-44046473
ORD-20260918-01483-4768A,2026-09-18 20:45:27,ON_SITE,Ferdinand Marcos,Crispy Seafood Basket x2; Fresh Calamansi Juice Pitcher x2; Garlic Butter Prawns x1,3770.00,452.40,0.00,4222.40,GCASH,PAID,COMPLETED,TXN-GCA-52934402
ORD-20260918-00103-0D56E,2026-09-18 20:45:35,ONLINE,Clara Dizon,Sweet & Chili Crab Bucket x2,3900.00,468.00,60.00,4428.00,CASH,PAID,COMPLETED,TXN-CAS-51490613
ORD-20260918-02290-46346,2026-09-18 20:45:46,ON_SITE,Daniel Padilla,Seafood Bilao Feast x1; Sweet & Chili Crab Bucket x3; Seafood Cajun Boil x1,10100.00,1212.00,0.00,11312.00,GCASH,PAID,COMPLETED,TXN-GCA-17404632
ORD-20260918-00232-4F4FA,2026-09-18 20:46:37,ONLINE,Juan Tamad,Crispy Seafood Basket x1,980.00,117.60,60.00,1157.60,HYBRID (Cash + GCash),FAILED,CANCELLED,N/A
ORD-20260918-03595-020CE,2026-09-18 20:48:51,ONLINE,Lisa Manoban,Sweet & Chili Crab Bucket x1; Fresh Calamansi Juice Pitcher x1,2230.00,267.60,100.00,2597.60,HYBRID (Cash + GCash),PAID,COMPLETED,TXN-HYB-73983136
ORD-20260918-04759-A3B2B,2026-09-18 20:49:59,ONLINE,Juan Tamad,Fresh Calamansi Juice Pitcher x1; Grilled Seafood Platter x2,4480.00,537.60,75.00,5092.60,SPLIT (Cash + GCash),PAID,COMPLETED,TXN-SPL-22480175
ORD-20260918-02981-556A2,2026-09-18 20:51:17,ON_SITE,Dingdong Dantes,Seafood Cajun Boil x2,3700.00,444.00,0.00,4144.00,CASH,PAID,COMPLETED,TXN-CAS-63933495
ORD-20260918-01866-B2D58,2026-09-18 20:53:27,ONLINE,Mark Bautista,Sweet & Chili Crab Bucket x1; Fresh Calamansi Juice Pitcher x1,2230.00,267.60,50.00,2547.60,MAYA,PAID,COMPLETED,TXN-MAY-11848465
ORD-20260918-04085-2B3DB,2026-09-18 20:55:58,ON_SITE,Bea Alonzo,Fresh Calamansi Juice Pitcher x1; Seafood Bilao Feast x1; Seafood Cajun Boil x1,4530.00,543.60,0.00,5073.60,HYBRID (Cash + GCash),PENDING,CANCELLED,N/A
ORD-20260918-00917-2F4C9,2026-09-18 20:59:21,ON_SITE,Lisa Manoban,Seafood Cajun Boil x1; Sweet & Chili Crab Bucket x2,5750.00,690.00,0.00,6440.00,CASH,PAID,COMPLETED,TXN-CAS-81784600
ORD-20260918-02577-7D747,2026-09-18 21:00:30,ON_SITE,Mark Bautista,Classic Seafood Paella x2; Garlic Butter Prawns x1,4550.00,546.00,0.00,5096.00,SPLIT (Cash + GCash),PENDING,IN_PROCESS,N/A
ORD-20260918-02761-D96B3,2026-09-18 21:02:54,ON_SITE,Bea Alonzo,Classic Seafood Paella x1; Crispy Seafood Basket x1,2630.00,315.60,0.00,2945.60,HYBRID (Cash + GCash),PAID,COMPLETED,TXN-HYB-36245752
ORD-20260918-04121-50FD5,2026-09-18 21:06:01,ON_SITE,Katrina Halili,Fresh Calamansi Juice Pitcher x1; Sweet & Chili Crab Bucket x1,2230.00,267.60,0.00,2497.60,HYBRID (Cash + GCash),PAID,COMPLETED,TXN-HYB-18510170
ORD-20260918-03323-4E1A0,2026-09-18 21:19:57,ON_SITE,Joshua Garcia,Seafood Cajun Boil x1,1850.00,222.00,0.00,2072.00,CASH,PAID,COMPLETED,TXN-CAS-82508244
ORD-20260918-04679-F6DC7,2026-09-18 21:26:35,ONLINE,Ana Reyes,Seafood Cajun Boil x2,3700.00,444.00,85.00,4229.00,CASH,PAID,COMPLETED,TXN-CAS-61498309
ORD-20260918-02853-54CAE,2026-09-18 21:31:35,ON_SITE,Ana Reyes,Seafood Cajun Boil x1; Seafood Bilao Feast x1; Grilled Seafood Platter x2,8450.00,1014.00,0.00,9464.00,SPLIT (Cash + GCash),PAID,COMPLETED,TXN-SPL-13262661
ORD-20260918-00033-4CADE,2026-09-18 21:36:25,ON_SITE,Katrina Halili,Garlic Butter Prawns x1,1250.00,150.00,0.00,1400.00,CASH,PAID,COMPLETED,TXN-CAS-68062881
ORD-20260918-03270-C45DE,2026-09-18 21:37:14,ON_SITE,Ramon Magsaysay Jr.,Seafood Cajun Boil x1; Grilled Seafood Platter x1; Crispy Seafood Basket x1,4930.00,591.60,0.00,5521.60,HYBRID (Cash + GCash),PAID,IN_PROCESS,TXN-HYB-12392788
ORD-20260918-00584-EA238,2026-09-18 21:40:30,ON_SITE,Kathryn Bernardo,Seafood Bilao Feast x1; Garlic Butter Prawns x1,3650.00,438.00,0.00,4088.00,GCASH,PAID,COMPLETED,TXN-GCA-20181060
ORD-20260918-00017-08B18,2026-09-18 21:42:42,ON_SITE,Lisa Manoban,Seafood Cajun Boil x2,3700.00,444.00,0.00,4144.00,MAYA,PAID,COMPLETED,TXN-MAY-30162753
ORD-20260918-03832-B695C,2026-09-18 21:56:05,ON_SITE,Matteo Guidicelli,Garlic Butter Prawns x1,1250.00,150.00,0.00,1400.00,CASH,PAID,COMPLETED,TXN-CAS-82032775
ORD-20260918-04373-FC46C,2026-09-18 21:57:54,ON_SITE,Clara Dizon,Sweet & Chili Crab Bucket x1,1950.00,234.00,0.00,2184.00,GCASH,PAID,COMPLETED,TXN-GCA-96433864
ORD-20260919-02482-72B7D,2026-09-19 10:11:08,ON_SITE,Alden Richards,Seafood Bilao Feast x2; Sweet & Chili Crab Bucket x1; Classic Seafood Paella x1; Fresh Calamansi Juice Pitcher x3,9240.00,1108.80,0.00,10348.80,MAYA,PAID,COMPLETED,TXN-MAY-57867889
ORD-20260919-03913-A4E3C,2026-09-19 10:12:35,ONLINE,Lisa Manoban,Seafood Cajun Boil x1; Garlic Butter Prawns x1,3100.00,372.00,85.00,3557.00,SPLIT (Cash + GCash),PAID,COMPLETED,TXN-SPL-49302993
ORD-20260919-00151-04E6E,2026-09-19 10:14:57,ON_SITE,Clara Dizon,Garlic Butter Prawns x1; Sweet & Chili Crab Bucket x1,3200.00,384.00,0.00,3584.00,CASH,PAID,COMPLETED,TXN-CAS-95830249
ORD-20260919-01343-04C94,2026-09-19 10:19:33,ONLINE,Juan Tamad,Seafood Cajun Boil x1,1850.00,222.00,50.00,2122.00,HYBRID (Cash + GCash),PAID,COMPLETED,TXN-HYB-18530092
ORD-20260919-03445-82D58,2026-09-19 10:21:10,ON_SITE,Maria Clara Santos,Grilled Seafood Platter x1; Fresh Calamansi Juice Pitcher x1; Seafood Cajun Boil x1,4230.00,507.60,0.00,4737.60,CASH,PAID,COMPLETED,TXN-CAS-98886372
ORD-20260919-01688-6213A,2026-09-19 10:28:27,ON_SITE,Clara Dizon,Fresh Calamansi Juice Pitcher x1; Crispy Seafood Basket x1,1260.00,151.20,0.00,1411.20,GCASH,PAID,COMPLETED,TXN-GCA-63206234
ORD-20260919-00291-76F44,2026-09-19 10:29:16,ON_SITE,Carlos Mendoza,Classic Seafood Paella x2; Crispy Seafood Basket x1,4280.00,513.60,0.00,4793.60,CASH,PAID,COMPLETED,TXN-CAS-56829179
ORD-20260919-02396-A1CB3,2026-09-19 10:29:25,ONLINE,Lisa Manoban,Garlic Butter Prawns x1; Seafood Cajun Boil x1,3100.00,372.00,120.00,3592.00,HYBRID (Cash + GCash),PAID,COMPLETED,TXN-HYB-42812747
ORD-20260919-00933-B027A,2026-09-19 10:34:12,ONLINE,Mark Bautista,Garlic Butter Prawns x1; Seafood Bilao Feast x1,3650.00,438.00,120.00,4208.00,MAYA,PAID,COMPLETED,TXN-MAY-80893447
ORD-20260919-03896-968F8,2026-09-19 10:42:02,ONLINE,Clara Dizon,Seafood Cajun Boil x1,1850.00,222.00,100.00,2172.00,GCASH,PAID,COMPLETED,TXN-GCA-70484172
ORD-20260919-00110-2B2DF,2026-09-19 10:43:10,ON_SITE,Maria Clara Santos,Garlic Butter Prawns x2,2500.00,300.00,0.00,2800.00,CASH,PAID,COMPLETED,TXN-CAS-49458357
ORD-20260919-02687-66DE1,2026-09-19 10:43:53,ONLINE,Juan Tamad,Seafood Bilao Feast x1; Seafood Cajun Boil x1,4250.00,510.00,120.00,4880.00,SPLIT (Cash + GCash),PAID,COMPLETED,TXN-SPL-44127213
ORD-20260919-00426-8C03E,2026-09-19 10:44:27,ON_SITE,Giselle Hernandez,Garlic Butter Prawns x2; Fresh Calamansi Juice Pitcher x2; Seafood Bilao Feast x1,5460.00,655.20,0.00,6115.20,CASH,PAID,COMPLETED,TXN-CAS-22866430
ORD-20260919-04678-5A728,2026-09-19 10:50:43,ON_SITE,Joshua Garcia,Classic Seafood Paella x1,1650.00,198.00,0.00,1848.00,GCASH,PENDING,CANCELLED,N/A
ORD-20260919-03702-404D5,2026-09-19 10:51:50,ONLINE,Juan Tamad,Grilled Seafood Platter x1; Seafood Bilao Feast x1,4500.00,540.00,60.00,5100.00,SPLIT (Cash + GCash),PAID,COMPLETED,TXN-SPL-90325101
ORD-20260919-00727-3A415,2026-09-19 10:52:03,ON_SITE,Ana Reyes,Fresh Calamansi Juice Pitcher x1; Seafood Cajun Boil x1; Grilled Seafood Platter x1; Sweet & Chili Crab Bucket x1,6180.00,741.60,0.00,6921.60,GCASH,PAID,COMPLETED,TXN-GCA-13692086
ORD-20260919-02826-2C352,2026-09-19 11:08:47,ON_SITE,Katrina Halili,Grilled Seafood Platter x1,2100.00,252.00,0.00,2352.00,CASH,PAID,COMPLETED,TXN-CAS-76448037
ORD-20260919-02478-562CD,2026-09-19 11:15:28,ON_SITE,Clara Dizon,Crispy Seafood Basket x1,980.00,117.60,0.00,1097.60,HYBRID (Cash + GCash),PAID,COMPLETED,TXN-HYB-47044477
ORD-20260919-00756-0E741,2026-09-19 11:25:14,ONLINE,Ana Reyes,Grilled Seafood Platter x1,2100.00,252.00,75.00,2427.00,HYBRID (Cash + GCash),PAID,COMPLETED,TXN-HYB-89210620
ORD-20260919-04452-BCFCF,2026-09-19 11:26:13,ON_SITE,Pedro Penduko,Crispy Seafood Basket x1,980.00,117.60,0.00,1097.60,CASH,PAID,COMPLETED,TXN-CAS-21637390
ORD-20260919-04394-6B1F9,2026-09-19 11:29:37,ON_SITE,Giselle Hernandez,Classic Seafood Paella x1; Crispy Seafood Basket x2; Fresh Calamansi Juice Pitcher x2,4170.00,500.40,0.00,4670.40,GCASH,PAID,COMPLETED,TXN-GCA-54346056
ORD-20260919-04909-F4A1D,2026-09-19 11:30:59,ONLINE,Ana Reyes,Seafood Bilao Feast x1; Seafood Cajun Boil x1,4250.00,510.00,100.00,4860.00,GCASH,PAID,COMPLETED,TXN-GCA-83050981
ORD-20260919-04963-7E84B,2026-09-19 11:33:38,ON_SITE,Clara Dizon,Fresh Calamansi Juice Pitcher x2; Seafood Cajun Boil x2; Garlic Butter Prawns x1,5510.00,661.20,0.00,6171.20,CASH,PAID,COMPLETED,TXN-CAS-19827378
ORD-20260919-03565-A2985,2026-09-19 11:34:28,ON_SITE,Kathryn Bernardo,Crispy Seafood Basket x3; Fresh Calamansi Juice Pitcher x1,3220.00,386.40,0.00,3606.40,GCASH,PAID,COMPLETED,TXN-GCA-87027701
ORD-20260919-04817-75C13,2026-09-19 11:36:59,ONLINE,Pedro Penduko,Sweet & Chili Crab Bucket x1; Fresh Calamansi Juice Pitcher x1; Garlic Butter Prawns x1,3480.00,417.60,120.00,4017.60,GCASH,PAID,COMPLETED,TXN-GCA-78487102
ORD-20260919-02408-466F2,2026-09-19 11:40:34,ONLINE,Pedro Penduko,Sweet & Chili Crab Bucket x1; Crispy Seafood Basket x1,2930.00,351.60,60.00,3341.60,GCASH,PAID,IN_PROCESS,TXN-GCA-44862613
ORD-20260919-01452-9A2E4,2026-09-19 11:52:10,ON_SITE,Alden Richards,Sweet & Chili Crab Bucket x2; Fresh Calamansi Juice Pitcher x1; Classic Seafood Paella x1,5830.00,699.60,0.00,6529.60,CASH,PAID,COMPLETED,TXN-CAS-48625279
ORD-20260919-01712-2F7C0,2026-09-19 11:52:36,ONLINE,Pedro Penduko,Crispy Seafood Basket x1,980.00,117.60,85.00,1182.60,MAYA,PAID,COMPLETED,TXN-MAY-97944979
ORD-20260919-01235-0CE5B,2026-09-19 11:55:24,ON_SITE,Dingdong Dantes,Seafood Bilao Feast x1; Seafood Cajun Boil x1; Fresh Calamansi Juice Pitcher x1; Classic Seafood Paella x2,7830.00,939.60,0.00,8769.60,GCASH,PAID,COMPLETED,TXN-GCA-74555653
ORD-20260919-04225-3F2DC,2026-09-19 11:55:56,ON_SITE,Juan Tamad,Sweet & Chili Crab Bucket x1; Grilled Seafood Platter x3,8250.00,990.00,0.00,9240.00,CASH,PAID,COMPLETED,TXN-CAS-11837353
ORD-20260919-01184-5D682,2026-09-19 11:57:56,ON_SITE,Lisa Manoban,Classic Seafood Paella x1; Garlic Butter Prawns x1,2900.00,348.00,0.00,3248.00,GCASH,PAID,COMPLETED,TXN-GCA-64773935
ORD-20260919-03206-03769,2026-09-19 12:00:46,ON_SITE,Ana Reyes,Classic Seafood Paella x1; Sweet & Chili Crab Bucket x2,5550.00,666.00,0.00,6216.00,SPLIT (Cash + GCash),PAID,COMPLETED,TXN-SPL-28209349
ORD-20260919-02493-A2B12,2026-09-19 12:05:36,ON_SITE,Kathryn Bernardo,Crispy Seafood Basket x2; Classic Seafood Paella x1,3610.00,433.20,0.00,4043.20,CASH,PAID,COMPLETED,TXN-CAS-76081626
ORD-20260919-04756-3B1EC,2026-09-19 12:16:31,ON_SITE,Lisa Manoban,Classic Seafood Paella x2,3300.00,396.00,0.00,3696.00,CASH,PAID,COMPLETED,TXN-CAS-68844685
ORD-20260919-02509-D9979,2026-09-19 12:16:40,ON_SITE,Daniel Padilla,Grilled Seafood Platter x1,2100.00,252.00,0.00,2352.00,SPLIT (Cash + GCash),PAID,COMPLETED,TXN-SPL-56946803
ORD-20260919-01993-39D5E,2026-09-19 12:20:27,ON_SITE,Carlos Mendoza,Fresh Calamansi Juice Pitcher x2,560.00,67.20,0.00,627.20,GCASH,PAID,IN_PROCESS,TXN-GCA-43263590
ORD-20260919-04460-06B98,2026-09-19 12:21:50,ONLINE,Pedro Penduko,Sweet & Chili Crab Bucket x1,1950.00,234.00,120.00,2304.00,GCASH,PAID,COMPLETED,TXN-GCA-76779052
ORD-20260919-04925-B9C65,2026-09-19 12:27:51,ON_SITE,Ferdinand Marcos,Grilled Seafood Platter x1; Seafood Cajun Boil x1; Sweet & Chili Crab Bucket x1,5900.00,708.00,0.00,6608.00,CASH,PAID,COMPLETED,TXN-CAS-64241629
ORD-20260919-04420-8CCAB,2026-09-19 12:28:48,ONLINE,Pedro Penduko,Classic Seafood Paella x1; Crispy Seafood Basket x1,2630.00,315.60,120.00,3065.60,HYBRID (Cash + GCash),PAID,COMPLETED,TXN-HYB-15169042
ORD-20260919-04517-D13DC,2026-09-19 12:29:58,ON_SITE,Ramon Magsaysay Jr.,Crispy Seafood Basket x1,980.00,117.60,0.00,1097.60,GCASH,PAID,COMPLETED,TXN-GCA-62912274
ORD-20260919-01043-FF158,2026-09-19 12:30:12,ONLINE,Ana Reyes,Classic Seafood Paella x1,1650.00,198.00,85.00,1933.00,GCASH,PAID,COMPLETED,TXN-GCA-34014526
ORD-20260919-02763-D8439,2026-09-19 12:30:30,ONLINE,Ana Reyes,Seafood Bilao Feast x2; Classic Seafood Paella x1,6450.00,774.00,85.00,7309.00,HYBRID (Cash + GCash),PAID,COMPLETED,TXN-HYB-85218961
ORD-20260919-01261-511EB,2026-09-19 12:31:41,ONLINE,Ana Reyes,Garlic Butter Prawns x1,1250.00,150.00,50.00,1450.00,GCASH,PENDING,CANCELLED,N/A
ORD-20260919-03953-5A20E,2026-09-19 12:33:13,ON_SITE,Ana Reyes,Grilled Seafood Platter x2,4200.00,504.00,0.00,4704.00,CASH,PAID,COMPLETED,TXN-CAS-44042353
ORD-20260919-03074-0F89B,2026-09-19 12:39:58,ONLINE,Pedro Penduko,Fresh Calamansi Juice Pitcher x1,280.00,33.60,120.00,433.60,GCASH,PAID,COMPLETED,TXN-GCA-64695039
ORD-20260919-03989-84D43,2026-09-19 12:47:42,ON_SITE,Giselle Hernandez,Seafood Cajun Boil x1; Sweet & Chili Crab Bucket x1; Fresh Calamansi Juice Pitcher x1,4080.00,489.60,0.00,4569.60,CASH,PAID,COMPLETED,TXN-CAS-15323687
ORD-20260919-02259-022F5,2026-09-19 13:07:38,ON_SITE,Alden Richards,Seafood Cajun Boil x2,3700.00,444.00,0.00,4144.00,HYBRID (Cash + GCash),PAID,COMPLETED,TXN-HYB-97933263
ORD-20260919-03821-EEAD5,2026-09-19 13:11:21,ONLINE,Mark Bautista,Grilled Seafood Platter x1; Sweet & Chili Crab Bucket x1; Fresh Calamansi Juice Pitcher x1,4330.00,519.60,75.00,4924.60,GCASH,PAID,COMPLETED,TXN-GCA-21400496
ORD-20260919-04975-996ED,2026-09-19 13:20:35,ON_SITE,Katrina Halili,Garlic Butter Prawns x2,2500.00,300.00,0.00,2800.00,CASH,PAID,COMPLETED,TXN-CAS-98223580
ORD-20260919-03806-1046D,2026-09-19 13:25:50,ONLINE,Clara Dizon,Garlic Butter Prawns x1; Seafood Cajun Boil x1,3100.00,372.00,100.00,3572.00,SPLIT (Cash + GCash),PAID,COMPLETED,TXN-SPL-13508252
ORD-20260919-01200-697A1,2026-09-19 13:38:08,ON_SITE,Katrina Halili,Fresh Calamansi Juice Pitcher x1,280.00,33.60,0.00,313.60,CASH,PAID,COMPLETED,TXN-CAS-21652163
ORD-20260919-02144-86073,2026-09-19 13:40:39,ON_SITE,Pedro Penduko,Grilled Seafood Platter x1; Seafood Bilao Feast x1; Garlic Butter Prawns x1,5750.00,690.00,0.00,6440.00,CASH,PAID,COMPLETED,TXN-CAS-27962290
ORD-20260919-02647-03CDB,2026-09-19 13:49:03,ONLINE,Ana Reyes,Seafood Bilao Feast x1; Garlic Butter Prawns x1,3650.00,438.00,100.00,4188.00,GCASH,PAID,COMPLETED,TXN-GCA-40788679
ORD-20260919-00969-F02CC,2026-09-19 13:55:40,ON_SITE,Matteo Guidicelli,Grilled Seafood Platter x1,2100.00,252.00,0.00,2352.00,HYBRID (Cash + GCash),PAID,COMPLETED,TXN-HYB-88739736
ORD-20260919-00337-B4A5D,2026-09-19 14:01:36,ONLINE,Ana Reyes,Crispy Seafood Basket x3; Grilled Seafood Platter x1,5040.00,604.80,85.00,5729.80,GCASH,PAID,COMPLETED,TXN-GCA-15432971
ORD-20260919-02360-58CD4,2026-09-19 14:10:24,ONLINE,Clara Dizon,Seafood Bilao Feast x1; Seafood Cajun Boil x1,4250.00,510.00,120.00,4880.00,CASH,PAID,COMPLETED,TXN-CAS-78202754
ORD-20260919-04058-39DF1,2026-09-19 14:21:48,ON_SITE,Clara Dizon,Seafood Bilao Feast x1,2400.00,288.00,0.00,2688.00,CASH,PAID,COMPLETED,TXN-CAS-15286435
ORD-20260919-01270-7BC8A,2026-09-19 14:23:02,ON_SITE,Giselle Hernandez,Crispy Seafood Basket x1,980.00,117.60,0.00,1097.60,CASH,PAID,COMPLETED,TXN-CAS-93493092
ORD-20260919-04287-E02D5,2026-09-19 14:25:02,ON_SITE,Daniel Padilla,Seafood Bilao Feast x1; Crispy Seafood Basket x1; Garlic Butter Prawns x1,4630.00,555.60,0.00,5185.60,CASH,PENDING,IN_PROCESS,N/A
ORD-20260919-02678-A0559,2026-09-19 14:28:53,ON_SITE,Clara Dizon,Garlic Butter Prawns x1,1250.00,150.00,0.00,1400.00,CASH,PAID,COMPLETED,TXN-CAS-82860808
ORD-20260919-00865-D655D,2026-09-19 14:39:30,ONLINE,Clara Dizon,Sweet & Chili Crab Bucket x1; Seafood Cajun Boil x1; Crispy Seafood Basket x1; Fresh Calamansi Juice Pitcher x2,5340.00,640.80,60.00,6040.80,GCASH,PAID,COMPLETED,TXN-GCA-92086732
ORD-20260919-04180-61044,2026-09-19 14:41:04,ONLINE,Ana Reyes,Classic Seafood Paella x2,3300.00,396.00,100.00,3796.00,HYBRID (Cash + GCash),PAID,COMPLETED,TXN-HYB-58469501
ORD-20260919-04792-8D7AC,2026-09-19 14:41:16,ONLINE,Ana Reyes,Grilled Seafood Platter x1,2100.00,252.00,50.00,2402.00,COD,PAID,COMPLETED,TXN-COD-30163632
ORD-20260919-02409-143B1,2026-09-19 14:43:29,ONLINE,Ana Reyes,Crispy Seafood Basket x2,1960.00,235.20,50.00,2245.20,GCASH,PAID,COMPLETED,TXN-GCA-52054068
ORD-20260919-03423-6CEA3,2026-09-19 14:46:29,ON_SITE,Joshua Garcia,Seafood Cajun Boil x1; Seafood Bilao Feast x2,6650.00,798.00,0.00,7448.00,SPLIT (Cash + GCash),PAID,COMPLETED,TXN-SPL-63170346
ORD-20260919-02717-2F439,2026-09-19 14:50:41,ONLINE,Pedro Penduko,Crispy Seafood Basket x2; Sweet & Chili Crab Bucket x1,3910.00,469.20,100.00,4479.20,GCASH,PAID,COMPLETED,TXN-GCA-43428106
ORD-20260919-03357-628E4,2026-09-19 14:53:31,ON_SITE,Dingdong Dantes,Fresh Calamansi Juice Pitcher x1,280.00,33.60,0.00,313.60,CASH,PAID,COMPLETED,TXN-CAS-48884607
ORD-20260919-03870-5175A,2026-09-19 14:55:58,ON_SITE,Ramon Magsaysay Jr.,Fresh Calamansi Juice Pitcher x1; Seafood Cajun Boil x1; Grilled Seafood Platter x1,4230.00,507.60,0.00,4737.60,HYBRID (Cash + GCash),PENDING,IN_PROCESS,N/A
ORD-20260919-01076-6A908,2026-09-19 14:56:08,ON_SITE,Pedro Penduko,Grilled Seafood Platter x1; Garlic Butter Prawns x3; Sweet & Chili Crab Bucket x3,11700.00,1404.00,0.00,13104.00,GCASH,PAID,COMPLETED,TXN-GCA-33433357
ORD-20260919-00638-A9B4D,2026-09-19 15:02:47,ON_SITE,Ana Reyes,Garlic Butter Prawns x1; Seafood Cajun Boil x1; Crispy Seafood Basket x2; Classic Seafood Paella x1,6710.00,805.20,0.00,7515.20,HYBRID (Cash + GCash),PAID,COMPLETED,TXN-HYB-67050759
ORD-20260919-03597-5D1C9,2026-09-19 15:13:49,ONLINE,Juan Tamad,Sweet & Chili Crab Bucket x1; Classic Seafood Paella x2,5250.00,630.00,120.00,6000.00,MAYA,PAID,COMPLETED,TXN-MAY-97883012
ORD-20260919-01981-7CC92,2026-09-19 15:15:20,ON_SITE,Maria Clara Santos,Crispy Seafood Basket x1,980.00,117.60,0.00,1097.60,GCASH,PAID,COMPLETED,TXN-GCA-79358955
ORD-20260919-03707-758DD,2026-09-19 15:18:03,ON_SITE,Ramon Magsaysay Jr.,Garlic Butter Prawns x1; Seafood Cajun Boil x2; Fresh Calamansi Juice Pitcher x2,5510.00,661.20,0.00,6171.20,CASH,PAID,COMPLETED,TXN-CAS-28781560
ORD-20260919-02666-1E5A0,2026-09-19 15:18:58,ON_SITE,Lisa Manoban,Seafood Bilao Feast x2; Crispy Seafood Basket x1; Sweet & Chili Crab Bucket x1; Grilled Seafood Platter x1,9830.00,1179.60,0.00,11009.60,CASH,PENDING,IN_PROCESS,N/A
ORD-20260919-02406-02E91,2026-09-19 15:29:56,ON_SITE,Mark Bautista,Sweet & Chili Crab Bucket x1; Classic Seafood Paella x1,3600.00,432.00,0.00,4032.00,CASH,PAID,COMPLETED,TXN-CAS-80039622
ORD-20260919-04156-20028,2026-09-19 15:32:20,ON_SITE,Pedro Penduko,Garlic Butter Prawns x1; Classic Seafood Paella x2,4550.00,546.00,0.00,5096.00,CASH,PAID,COMPLETED,TXN-CAS-39088356
ORD-20260919-02274-FFA1A,2026-09-19 15:34:03,ONLINE,Mark Bautista,Crispy Seafood Basket x1,980.00,117.60,60.00,1157.60,GCASH,REFUNDED,CANCELLED,N/A
ORD-20260919-01086-CBF54,2026-09-19 15:37:34,ON_SITE,Kathryn Bernardo,Grilled Seafood Platter x3; Seafood Bilao Feast x1,8700.00,1044.00,0.00,9744.00,CASH,PAID,COMPLETED,TXN-CAS-44017595
ORD-20260919-02589-C70F9,2026-09-19 15:40:20,ON_SITE,Clara Dizon,Seafood Cajun Boil x1,1850.00,222.00,0.00,2072.00,HYBRID (Cash + GCash),PAID,COMPLETED,TXN-HYB-72504176
ORD-20260919-01829-CAE03,2026-09-19 15:41:36,ONLINE,Ana Reyes,Sweet & Chili Crab Bucket x1,1950.00,234.00,75.00,2259.00,HYBRID (Cash + GCash),PAID,COMPLETED,TXN-HYB-18888024
ORD-20260919-01744-EA004,2026-09-19 15:44:14,ON_SITE,Juan Tamad,Garlic Butter Prawns x1; Sweet & Chili Crab Bucket x2; Crispy Seafood Basket x1,6130.00,735.60,0.00,6865.60,GCASH,PAID,COMPLETED,TXN-GCA-64123390
ORD-20260919-03767-16522,2026-09-19 15:48:59,ON_SITE,Marian Rivera,Seafood Cajun Boil x2; Sweet & Chili Crab Bucket x2; Seafood Bilao Feast x2; Garlic Butter Prawns x1,13650.00,1638.00,0.00,15288.00,GCASH,PAID,COMPLETED,TXN-GCA-77699965
ORD-20260919-00651-CB1A4,2026-09-19 15:49:34,ONLINE,Ana Reyes,Crispy Seafood Basket x1; Seafood Cajun Boil x1,2830.00,339.60,85.00,3254.60,MAYA,PAID,COMPLETED,TXN-MAY-43813715
ORD-20260919-01735-5BBC6,2026-09-19 15:50:27,ON_SITE,Pedro Penduko,Grilled Seafood Platter x1; Fresh Calamansi Juice Pitcher x1,2380.00,285.60,0.00,2665.60,HYBRID (Cash + GCash),PAID,COMPLETED,TXN-HYB-68578665
ORD-20260919-03080-DE823,2026-09-19 15:56:20,ON_SITE,Ferdinand Marcos,Crispy Seafood Basket x1,980.00,117.60,0.00,1097.60,HYBRID (Cash + GCash),PAID,COMPLETED,TXN-HYB-82883414
ORD-20260919-00065-89A41,2026-09-19 16:03:39,ON_SITE,Joshua Garcia,Sweet & Chili Crab Bucket x1,1950.00,234.00,0.00,2184.00,GCASH,PAID,COMPLETED,TXN-GCA-27016467
ORD-20260919-01032-521D6,2026-09-19 16:09:36,ONLINE,Juan Tamad,Fresh Calamansi Juice Pitcher x1; Grilled Seafood Platter x1,2380.00,285.60,50.00,2715.60,MAYA,FAILED,CANCELLED,N/A
ORD-20260919-04468-E7F60,2026-09-19 16:12:12,ON_SITE,Ana Reyes,Seafood Bilao Feast x1,2400.00,288.00,0.00,2688.00,HYBRID (Cash + GCash),PAID,COMPLETED,TXN-HYB-15110528
ORD-20260919-02819-DA866,2026-09-19 16:23:14,ONLINE,Clara Dizon,Sweet & Chili Crab Bucket x1; Seafood Bilao Feast x2,6750.00,810.00,50.00,7610.00,MAYA,PAID,COMPLETED,TXN-MAY-31134130
ORD-20260919-02027-B7314,2026-09-19 16:28:40,ON_SITE,Clara Dizon,Fresh Calamansi Juice Pitcher x1,280.00,33.60,0.00,313.60,GCASH,PAID,COMPLETED,TXN-GCA-32735241
ORD-20260919-04820-B723E,2026-09-19 16:29:18,ONLINE,Pedro Penduko,Grilled Seafood Platter x1,2100.00,252.00,60.00,2412.00,HYBRID (Cash + GCash),PAID,COMPLETED,TXN-HYB-35355489
ORD-20260919-02805-1C14C,2026-09-19 16:36:07,ONLINE,Juan Tamad,Crispy Seafood Basket x1,980.00,117.60,50.00,1147.60,SPLIT (Cash + GCash),PAID,COMPLETED,TXN-SPL-50398005
ORD-20260919-04469-747B6,2026-09-19 16:39:03,ONLINE,Juan Tamad,Garlic Butter Prawns x2,2500.00,300.00,60.00,2860.00,GCASH,PAID,COMPLETED,TXN-GCA-41794003
ORD-20260919-04456-72643,2026-09-19 16:39:13,ON_SITE,Maria Clara Santos,Sweet & Chili Crab Bucket x1,1950.00,234.00,0.00,2184.00,HYBRID (Cash + GCash),PAID,COMPLETED,TXN-HYB-24642318
ORD-20260919-01627-F2D7D,2026-09-19 16:41:34,ON_SITE,Pedro Penduko,Grilled Seafood Platter x1; Classic Seafood Paella x1,3750.00,450.00,0.00,4200.00,SPLIT (Cash + GCash),PAID,COMPLETED,TXN-SPL-96267724
ORD-20260919-00387-3B90C,2026-09-19 16:42:08,ONLINE,Pedro Penduko,Grilled Seafood Platter x2; Garlic Butter Prawns x1,5450.00,654.00,60.00,6164.00,GCASH,PAID,COMPLETED,TXN-GCA-25958302
ORD-20260919-00139-7B5F3,2026-09-19 16:44:37,ON_SITE,Juan Tamad,Crispy Seafood Basket x1,980.00,117.60,0.00,1097.60,GCASH,PENDING,IN_PROCESS,N/A
ORD-20260919-03731-41F73,2026-09-19 16:51:53,ONLINE,Mark Bautista,Seafood Cajun Boil x1; Garlic Butter Prawns x1; Fresh Calamansi Juice Pitcher x1,3380.00,405.60,85.00,3870.60,GCASH,PAID,COMPLETED,TXN-GCA-62893891
ORD-20260919-02810-FD3BE,2026-09-19 17:00:56,ONLINE,Lisa Manoban,Fresh Calamansi Juice Pitcher x1; Crispy Seafood Basket x1,1260.00,151.20,85.00,1496.20,GCASH,PAID,COMPLETED,TXN-GCA-31358520
ORD-20260919-01119-5D43B,2026-09-19 17:01:30,ONLINE,Pedro Penduko,Garlic Butter Prawns x1; Classic Seafood Paella x1,2900.00,348.00,85.00,3333.00,GCASH,PAID,COMPLETED,TXN-GCA-52779062
ORD-20260919-04957-91F7B,2026-09-19 17:02:43,ONLINE,Mark Bautista,Classic Seafood Paella x1; Fresh Calamansi Juice Pitcher x1; Grilled Seafood Platter x1,4030.00,483.60,60.00,4573.60,CASH,PAID,COMPLETED,TXN-CAS-14043594
ORD-20260919-03579-1F816,2026-09-19 17:05:10,ONLINE,Juan Tamad,Sweet & Chili Crab Bucket x1,1950.00,234.00,60.00,2244.00,GCASH,PENDING,IN_PROCESS,N/A
ORD-20260919-00322-DD95D,2026-09-19 17:12:45,ONLINE,Ana Reyes,Seafood Cajun Boil x2; Crispy Seafood Basket x1,4680.00,561.60,50.00,5291.60,MAYA,PAID,COMPLETED,TXN-MAY-43077161
ORD-20260919-01214-67A50,2026-09-19 17:25:14,ONLINE,Juan Tamad,Garlic Butter Prawns x1; Seafood Bilao Feast x1; Grilled Seafood Platter x1,5750.00,690.00,75.00,6515.00,CASH,PAID,COMPLETED,TXN-CAS-26788063
ORD-20260919-03433-062DB,2026-09-19 17:25:19,ON_SITE,Pedro Penduko,Garlic Butter Prawns x1,1250.00,150.00,0.00,1400.00,GCASH,PAID,COMPLETED,TXN-GCA-13406985
ORD-20260919-04600-7B9E7,2026-09-19 17:26:01,ON_SITE,Sarah Geronimo,Grilled Seafood Platter x1,2100.00,252.00,0.00,2352.00,HYBRID (Cash + GCash),PAID,COMPLETED,TXN-HYB-50686951
ORD-20260919-02421-469BD,2026-09-19 17:29:09,ON_SITE,Clara Dizon,Seafood Bilao Feast x1,2400.00,288.00,0.00,2688.00,CASH,PAID,COMPLETED,TXN-CAS-76572055
ORD-20260919-00678-9CA04,2026-09-19 17:30:45,ONLINE,Mark Bautista,Garlic Butter Prawns x1; Grilled Seafood Platter x1,3350.00,402.00,100.00,3852.00,GCASH,PAID,COMPLETED,TXN-GCA-27442676
ORD-20260919-00407-FA8E1,2026-09-19 17:32:15,ONLINE,Juan Tamad,Garlic Butter Prawns x1; Sweet & Chili Crab Bucket x1; Seafood Cajun Boil x1; Fresh Calamansi Juice Pitcher x1,5330.00,639.60,120.00,6089.60,MAYA,PAID,COMPLETED,TXN-MAY-97695313
ORD-20260919-01329-77394,2026-09-19 17:32:27,ONLINE,Mark Bautista,Seafood Cajun Boil x1,1850.00,222.00,85.00,2157.00,GCASH,PAID,COMPLETED,TXN-GCA-93039520
ORD-20260919-01075-AC082,2026-09-19 17:33:42,ON_SITE,Clara Dizon,Sweet & Chili Crab Bucket x1,1950.00,234.00,0.00,2184.00,SPLIT (Cash + GCash),PAID,COMPLETED,TXN-SPL-69484808
ORD-20260919-00987-38B3C,2026-09-19 17:34:23,ONLINE,Clara Dizon,Seafood Bilao Feast x3,7200.00,864.00,120.00,8184.00,GCASH,PAID,COMPLETED,TXN-GCA-64439547
ORD-20260919-04021-CE42C,2026-09-19 17:44:09,ON_SITE,Katrina Halili,Seafood Cajun Boil x1; Grilled Seafood Platter x1,3950.00,474.00,0.00,4424.00,GCASH,PAID,COMPLETED,TXN-GCA-73711834
ORD-20260919-01898-39118,2026-09-19 17:51:55,ON_SITE,Dindo Dela Cruz,Seafood Cajun Boil x1,1850.00,222.00,0.00,2072.00,CASH,PAID,COMPLETED,TXN-CAS-24377380
ORD-20260919-03754-342E0,2026-09-19 17:52:45,ONLINE,Mark Bautista,Garlic Butter Prawns x1,1250.00,150.00,60.00,1460.00,GCASH,PAID,COMPLETED,TXN-GCA-55893633
ORD-20260919-03075-258FC,2026-09-19 17:58:27,ONLINE,Lisa Manoban,Garlic Butter Prawns x1; Fresh Calamansi Juice Pitcher x1,1530.00,183.60,120.00,1833.60,HYBRID (Cash + GCash),PAID,COMPLETED,TXN-HYB-64723894
ORD-20260919-03459-25078,2026-09-19 18:02:39,ON_SITE,Mark Bautista,Seafood Bilao Feast x1,2400.00,288.00,0.00,2688.00,GCASH,PAID,COMPLETED,TXN-GCA-84422811
ORD-20260919-01130-AC776,2026-09-19 18:07:00,ONLINE,Juan Tamad,Grilled Seafood Platter x1,2100.00,252.00,75.00,2427.00,GCASH,PAID,COMPLETED,TXN-GCA-72550406
ORD-20260919-00593-219B0,2026-09-19 18:07:05,ON_SITE,Maria Clara Santos,Fresh Calamansi Juice Pitcher x1,280.00,33.60,0.00,313.60,CASH,PAID,COMPLETED,TXN-CAS-36965704
ORD-20260919-02983-4FFE2,2026-09-19 18:11:36,ONLINE,Clara Dizon,Crispy Seafood Basket x1,980.00,117.60,100.00,1197.60,COD,PAID,COMPLETED,TXN-COD-69566988
ORD-20260919-03732-6C6E8,2026-09-19 18:16:58,ONLINE,Pedro Penduko,Sweet & Chili Crab Bucket x1,1950.00,234.00,50.00,2234.00,GCASH,PAID,COMPLETED,TXN-GCA-12007586
ORD-20260919-00482-02EB1,2026-09-19 18:18:43,ON_SITE,Kathryn Bernardo,Classic Seafood Paella x1,1650.00,198.00,0.00,1848.00,SPLIT (Cash + GCash),PAID,COMPLETED,TXN-SPL-14843308
ORD-20260919-04218-DE5A8,2026-09-19 18:19:38,ON_SITE,Bea Alonzo,Classic Seafood Paella x1; Garlic Butter Prawns x1,2900.00,348.00,0.00,3248.00,GCASH,FAILED,CANCELLED,N/A
ORD-20260919-01026-04C60,2026-09-19 18:30:59,ONLINE,Clara Dizon,Seafood Bilao Feast x1,2400.00,288.00,50.00,2738.00,GCASH,PAID,COMPLETED,TXN-GCA-89513776
ORD-20260919-01039-72032,2026-09-19 18:32:30,ON_SITE,Giselle Hernandez,Grilled Seafood Platter x1,2100.00,252.00,0.00,2352.00,CASH,PAID,IN_PROCESS,TXN-CAS-88528402
ORD-20260919-04340-D9249,2026-09-19 18:34:05,ONLINE,Lisa Manoban,Grilled Seafood Platter x1; Sweet & Chili Crab Bucket x1; Fresh Calamansi Juice Pitcher x1,4330.00,519.60,85.00,4934.60,HYBRID (Cash + GCash),PAID,COMPLETED,TXN-HYB-31320006
ORD-20260919-03783-AF41F,2026-09-19 18:36:37,ONLINE,Lisa Manoban,Garlic Butter Prawns x1; Crispy Seafood Basket x1; Grilled Seafood Platter x1,4330.00,519.60,100.00,4949.60,GCASH,PAID,COMPLETED,TXN-GCA-28302834
ORD-20260919-00896-9B38A,2026-09-19 18:37:16,ONLINE,Pedro Penduko,Seafood Bilao Feast x1; Garlic Butter Prawns x2; Sweet & Chili Crab Bucket x2,8800.00,1056.00,120.00,9976.00,GCASH,PAID,COMPLETED,TXN-GCA-57064722
ORD-20260919-02189-CE29C,2026-09-19 18:38:46,ON_SITE,Ana Reyes,Seafood Bilao Feast x2,4800.00,576.00,0.00,5376.00,CASH,PAID,COMPLETED,TXN-CAS-17026080
ORD-20260919-01477-2F0CA,2026-09-19 18:44:38,ON_SITE,Bea Alonzo,Seafood Cajun Boil x1,1850.00,222.00,0.00,2072.00,GCASH,PAID,COMPLETED,TXN-GCA-75716136
ORD-20260919-04102-CB985,2026-09-19 18:46:23,ON_SITE,Clara Dizon,Classic Seafood Paella x2; Sweet & Chili Crab Bucket x1,5250.00,630.00,0.00,5880.00,CASH,PAID,COMPLETED,TXN-CAS-65893607
ORD-20260919-03439-29B54,2026-09-19 18:54:46,ONLINE,Ana Reyes,Fresh Calamansi Juice Pitcher x1,280.00,33.60,120.00,433.60,SPLIT (Cash + GCash),PAID,IN_PROCESS,TXN-SPL-12358337
ORD-20260919-02324-5298E,2026-09-19 18:55:02,ON_SITE,Ana Reyes,Fresh Calamansi Juice Pitcher x1; Sweet & Chili Crab Bucket x1; Seafood Cajun Boil x1,4080.00,489.60,0.00,4569.60,HYBRID (Cash + GCash),PAID,COMPLETED,TXN-HYB-44274841
ORD-20260919-00903-37EC1,2026-09-19 18:55:38,ON_SITE,Giselle Hernandez,Fresh Calamansi Juice Pitcher x2,560.00,67.20,0.00,627.20,SPLIT (Cash + GCash),PAID,COMPLETED,TXN-SPL-24915179
ORD-20260919-02250-DDB12,2026-09-19 18:59:13,ON_SITE,Sarah Geronimo,Garlic Butter Prawns x1,1250.00,150.00,0.00,1400.00,GCASH,REFUNDED,CANCELLED,N/A
ORD-20260919-04347-D4723,2026-09-19 19:02:40,ONLINE,Mark Bautista,Seafood Cajun Boil x1; Garlic Butter Prawns x1,3100.00,372.00,100.00,3572.00,GCASH,PAID,COMPLETED,TXN-GCA-58178549
ORD-20260919-00018-B6532,2026-09-19 19:02:57,ONLINE,Ana Reyes,Classic Seafood Paella x1; Grilled Seafood Platter x1; Fresh Calamansi Juice Pitcher x2,4310.00,517.20,50.00,4877.20,SPLIT (Cash + GCash),PAID,COMPLETED,TXN-SPL-13708110
ORD-20260919-03838-7D5D8,2026-09-19 20:10:13,ONLINE,Mark Bautista,Garlic Butter Prawns x1; Crispy Seafood Basket x1,2230.00,267.60,60.00,2557.60,CASH,PAID,COMPLETED,TXN-CAS-74531336
ORD-20260919-02705-3C283,2026-09-19 20:10:28,ON_SITE,Lisa Manoban,Grilled Seafood Platter x2; Seafood Bilao Feast x2,9000.00,1080.00,0.00,10080.00,CASH,PAID,COMPLETED,TXN-CAS-27600780
ORD-20260919-01172-FB927,2026-09-19 20:22:56,ON_SITE,Ramon Magsaysay Jr.,Crispy Seafood Basket x1; Fresh Calamansi Juice Pitcher x1,1260.00,151.20,0.00,1411.20,GCASH,PAID,COMPLETED,TXN-GCA-61848848
ORD-20260919-02474-C84EF,2026-09-19 20:25:04,ONLINE,Ana Reyes,Fresh Calamansi Juice Pitcher x1; Garlic Butter Prawns x1; Sweet & Chili Crab Bucket x1; Grilled Seafood Platter x1,5580.00,669.60,85.00,6334.60,GCASH,PAID,COMPLETED,TXN-GCA-79830086
ORD-20260919-04429-F5158,2026-09-19 20:25:13,ONLINE,Lisa Manoban,Sweet & Chili Crab Bucket x1,1950.00,234.00,60.00,2244.00,GCASH,PAID,COMPLETED,TXN-GCA-23975321
ORD-20260919-00907-38890,2026-09-19 20:25:15,ON_SITE,Ferdinand Marcos,Fresh Calamansi Juice Pitcher x1,280.00,33.60,0.00,313.60,HYBRID (Cash + GCash),PAID,COMPLETED,TXN-HYB-52861559
ORD-20260919-01487-FD3D9,2026-09-19 20:26:09,ON_SITE,Clara Dizon,Crispy Seafood Basket x2; Seafood Cajun Boil x1,3810.00,457.20,0.00,4267.20,CASH,PAID,COMPLETED,TXN-CAS-67581555
ORD-20260919-00219-1D633,2026-09-19 20:28:35,ONLINE,Pedro Penduko,Sweet & Chili Crab Bucket x1; Classic Seafood Paella x1; Fresh Calamansi Juice Pitcher x1,3880.00,465.60,100.00,4445.60,MAYA,PAID,COMPLETED,TXN-MAY-55898848
ORD-20260919-00900-0F052,2026-09-19 20:31:15,ON_SITE,Dindo Dela Cruz,Grilled Seafood Platter x1; Seafood Cajun Boil x1,3950.00,474.00,0.00,4424.00,HYBRID (Cash + GCash),PAID,COMPLETED,TXN-HYB-61786065
ORD-20260919-01704-D1068,2026-09-19 20:32:09,ON_SITE,Carlos Mendoza,Seafood Bilao Feast x1,2400.00,288.00,0.00,2688.00,CASH,PAID,COMPLETED,TXN-CAS-98723349
ORD-20260919-00774-F660A,2026-09-19 20:33:55,ON_SITE,Ana Reyes,Crispy Seafood Basket x1; Classic Seafood Paella x1,2630.00,315.60,0.00,2945.60,HYBRID (Cash + GCash),PAID,COMPLETED,TXN-HYB-86763030
ORD-20260919-00094-F3315,2026-09-19 20:34:58,ONLINE,Clara Dizon,Grilled Seafood Platter x1; Classic Seafood Paella x1,3750.00,450.00,60.00,4260.00,SPLIT (Cash + GCash),REFUNDED,CANCELLED,N/A
ORD-20260919-01516-39A71,2026-09-19 20:55:23,ON_SITE,Dindo Dela Cruz,Fresh Calamansi Juice Pitcher x2; Sweet & Chili Crab Bucket x1; Garlic Butter Prawns x1,3760.00,451.20,0.00,4211.20,HYBRID (Cash + GCash),PAID,COMPLETED,TXN-HYB-36479966
ORD-20260919-03532-8F589,2026-09-19 20:56:23,ONLINE,Mark Bautista,Seafood Bilao Feast x1,2400.00,288.00,50.00,2738.00,SPLIT (Cash + GCash),PAID,COMPLETED,TXN-SPL-17400310
ORD-20260919-03363-89EC5,2026-09-19 21:10:01,ONLINE,Ana Reyes,Crispy Seafood Basket x2; Fresh Calamansi Juice Pitcher x1,2240.00,268.80,120.00,2628.80,MAYA,PAID,COMPLETED,TXN-MAY-30810063
ORD-20260919-04727-29D92,2026-09-19 21:10:04,ON_SITE,Carlos Mendoza,Grilled Seafood Platter x1; Seafood Cajun Boil x1; Classic Seafood Paella x1,5600.00,672.00,0.00,6272.00,CASH,REFUNDED,CANCELLED,N/A
ORD-20260919-01210-EDC56,2026-09-19 21:13:10,ONLINE,Ana Reyes,Seafood Cajun Boil x1; Classic Seafood Paella x1,3500.00,420.00,85.00,4005.00,GCASH,PAID,COMPLETED,TXN-GCA-14789537
ORD-20260919-04472-A42C7,2026-09-19 21:13:46,ON_SITE,Juan Tamad,Crispy Seafood Basket x2,1960.00,235.20,0.00,2195.20,CASH,PAID,COMPLETED,TXN-CAS-97981913
ORD-20260919-02685-710AF,2026-09-19 21:27:57,ONLINE,Pedro Penduko,Crispy Seafood Basket x1; Seafood Bilao Feast x1,3380.00,405.60,85.00,3870.60,CASH,PAID,COMPLETED,TXN-CAS-39593366
ORD-20260919-04029-0A374,2026-09-19 21:39:43,ONLINE,Clara Dizon,Seafood Cajun Boil x2; Grilled Seafood Platter x1,5800.00,696.00,100.00,6596.00,SPLIT (Cash + GCash),PAID,COMPLETED,TXN-SPL-33874959
ORD-20260919-02158-E49C6,2026-09-19 21:41:21,ON_SITE,Dindo Dela Cruz,Grilled Seafood Platter x1,2100.00,252.00,0.00,2352.00,CASH,PAID,COMPLETED,TXN-CAS-45100188
ORD-20260919-02583-22785,2026-09-19 21:41:21,ONLINE,Lisa Manoban,Seafood Cajun Boil x3; Classic Seafood Paella x1,7200.00,864.00,75.00,8139.00,GCASH,PAID,COMPLETED,TXN-GCA-45057606
ORD-20260919-01288-B6260,2026-09-19 21:43:58,ON_SITE,Mark Bautista,Crispy Seafood Basket x1; Classic Seafood Paella x1,2630.00,315.60,0.00,2945.60,SPLIT (Cash + GCash),PAID,COMPLETED,TXN-SPL-79880243
ORD-20260919-00346-0EA70,2026-09-19 21:46:37,ON_SITE,Marian Rivera,Classic Seafood Paella x1,1650.00,198.00,0.00,1848.00,GCASH,PAID,COMPLETED,TXN-GCA-82103140
ORD-20260919-04335-A4EDA,2026-09-19 21:51:20,ONLINE,Mark Bautista,Grilled Seafood Platter x1; Seafood Cajun Boil x1; Seafood Bilao Feast x2,8750.00,1050.00,120.00,9920.00,MAYA,PAID,COMPLETED,TXN-MAY-33642566
ORD-20260919-04254-462DA,2026-09-19 21:54:16,ONLINE,Pedro Penduko,Garlic Butter Prawns x1; Seafood Bilao Feast x2; Crispy Seafood Basket x1,7030.00,843.60,75.00,7948.60,GCASH,PAID,COMPLETED,TXN-GCA-98084011
ORD-20260919-03422-16993,2026-09-19 21:58:37,ONLINE,Clara Dizon,Crispy Seafood Basket x1,980.00,117.60,50.00,1147.60,GCASH,PAID,COMPLETED,TXN-GCA-95658322
ORD-20260920-00323-5E07D,2026-09-20 10:04:41,ON_SITE,Bea Alonzo,Crispy Seafood Basket x1; Sweet & Chili Crab Bucket x1,2930.00,351.60,0.00,3281.60,GCASH,PAID,COMPLETED,TXN-GCA-95887723
ORD-20260920-00836-D10A9,2026-09-20 10:06:20,ONLINE,Ana Reyes,Seafood Cajun Boil x2; Garlic Butter Prawns x2,6200.00,744.00,120.00,7064.00,GCASH,PAID,COMPLETED,TXN-GCA-37383948
ORD-20260920-00019-736CE,2026-09-20 10:09:29,ONLINE,Ana Reyes,Classic Seafood Paella x2; Seafood Bilao Feast x1,5700.00,684.00,100.00,6484.00,GCASH,PAID,COMPLETED,TXN-GCA-30665682
ORD-20260920-04751-90BB1,2026-09-20 10:10:58,ONLINE,Mark Bautista,Garlic Butter Prawns x1; Grilled Seafood Platter x1,3350.00,402.00,50.00,3802.00,HYBRID (Cash + GCash),PAID,COMPLETED,TXN-HYB-81898956
ORD-20260920-02641-0F422,2026-09-20 10:13:05,ONLINE,Ana Reyes,Crispy Seafood Basket x1,980.00,117.60,60.00,1157.60,CASH,PAID,COMPLETED,TXN-CAS-60409137
ORD-20260920-00767-225FA,2026-09-20 10:19:08,ON_SITE,Ramon Magsaysay Jr.,Sweet & Chili Crab Bucket x2,3900.00,468.00,0.00,4368.00,GCASH,PAID,COMPLETED,TXN-GCA-34587002
ORD-20260920-02550-C6231,2026-09-20 10:27:38,ON_SITE,Carlos Mendoza,Crispy Seafood Basket x1; Classic Seafood Paella x1,2630.00,315.60,0.00,2945.60,MAYA,PAID,COMPLETED,TXN-MAY-97635477
ORD-20260920-04032-F52CC,2026-09-20 10:33:00,ONLINE,Clara Dizon,Classic Seafood Paella x1; Crispy Seafood Basket x2; Seafood Bilao Feast x1,6010.00,721.20,50.00,6781.20,HYBRID (Cash + GCash),PAID,COMPLETED,TXN-HYB-21452503
ORD-20260920-01754-B35CC,2026-09-20 10:36:10,ON_SITE,Ramon Magsaysay Jr.,Sweet & Chili Crab Bucket x2,3900.00,468.00,0.00,4368.00,CASH,PAID,COMPLETED,TXN-CAS-37692954
ORD-20260920-00409-F7D80,2026-09-20 10:39:31,ON_SITE,Mark Bautista,Seafood Cajun Boil x1,1850.00,222.00,0.00,2072.00,HYBRID (Cash + GCash),PAID,COMPLETED,TXN-HYB-19659361
ORD-20260920-01616-A3ECF,2026-09-20 10:42:14,ON_SITE,Lisa Manoban,Crispy Seafood Basket x1,980.00,117.60,0.00,1097.60,GCASH,PAID,COMPLETED,TXN-GCA-50751068
ORD-20260920-00683-B94E7,2026-09-20 10:46:31,ON_SITE,Joshua Garcia,Crispy Seafood Basket x2; Sweet & Chili Crab Bucket x1,3910.00,469.20,0.00,4379.20,GCASH,PAID,COMPLETED,TXN-GCA-62155171
ORD-20260920-00146-9FA54,2026-09-20 10:48:12,ONLINE,Lisa Manoban,Crispy Seafood Basket x1; Sweet & Chili Crab Bucket x1; Classic Seafood Paella x2,6230.00,747.60,50.00,7027.60,MAYA,PAID,COMPLETED,TXN-MAY-31242869
ORD-20260920-02521-D1605,2026-09-20 10:48:25,ON_SITE,Mark Bautista,Seafood Bilao Feast x1,2400.00,288.00,0.00,2688.00,CASH,PAID,COMPLETED,TXN-CAS-34284288
ORD-20260920-00764-9F74B,2026-09-20 10:48:44,ONLINE,Ana Reyes,Crispy Seafood Basket x1; Sweet & Chili Crab Bucket x1; Classic Seafood Paella x2; Garlic Butter Prawns x2,8730.00,1047.60,75.00,9852.60,COD,PAID,COMPLETED,TXN-COD-84317283
ORD-20260920-03524-8DB2B,2026-09-20 10:53:10,ONLINE,Ana Reyes,Sweet & Chili Crab Bucket x2; Garlic Butter Prawns x3,7650.00,918.00,120.00,8688.00,GCASH,PAID,COMPLETED,TXN-GCA-38138188
ORD-20260920-03506-6E795,2026-09-20 10:57:51,ONLINE,Ana Reyes,Seafood Bilao Feast x1,2400.00,288.00,120.00,2808.00,GCASH,PAID,COMPLETED,TXN-GCA-79032176
ORD-20260920-00922-E2AFA,2026-09-20 10:58:48,ONLINE,Ana Reyes,Seafood Bilao Feast x2; Grilled Seafood Platter x2; Garlic Butter Prawns x1,10250.00,1230.00,85.00,11565.00,MAYA,FAILED,CANCELLED,N/A
ORD-20260920-00078-36A02,2026-09-20 11:11:07,ONLINE,Ana Reyes,Seafood Cajun Boil x1,1850.00,222.00,120.00,2192.00,MAYA,PAID,COMPLETED,TXN-MAY-27283589
ORD-20260920-02871-967B8,2026-09-20 11:11:42,ONLINE,Juan Tamad,Seafood Cajun Boil x1; Crispy Seafood Basket x1; Sweet & Chili Crab Bucket x1,4780.00,573.60,100.00,5453.60,HYBRID (Cash + GCash),PAID,COMPLETED,TXN-HYB-96146006
ORD-20260920-00621-C09C3,2026-09-20 11:18:58,ONLINE,Clara Dizon,Garlic Butter Prawns x1,1250.00,150.00,100.00,1500.00,SPLIT (Cash + GCash),PENDING,CANCELLED,N/A
ORD-20260920-04653-D4740,2026-09-20 11:22:12,ON_SITE,Juan Tamad,Grilled Seafood Platter x1; Garlic Butter Prawns x1; Seafood Bilao Feast x1,5750.00,690.00,0.00,6440.00,GCASH,PAID,COMPLETED,TXN-GCA-25084429
ORD-20260920-01895-32048,2026-09-20 11:27:03,ONLINE,Juan Tamad,Fresh Calamansi Juice Pitcher x1; Grilled Seafood Platter x2,4480.00,537.60,100.00,5117.60,HYBRID (Cash + GCash),PAID,COMPLETED,TXN-HYB-44996486
ORD-20260920-01204-CC668,2026-09-20 11:32:00,ONLINE,Lisa Manoban,Sweet & Chili Crab Bucket x3,5850.00,702.00,50.00,6602.00,SPLIT (Cash + GCash),PAID,COMPLETED,TXN-SPL-17765731
ORD-20260920-04242-6FC43,2026-09-20 11:33:04,ONLINE,Pedro Penduko,Classic Seafood Paella x3,4950.00,594.00,60.00,5604.00,GCASH,FAILED,CANCELLED,N/A
ORD-20260920-02506-C92F8,2026-09-20 11:39:59,ONLINE,Juan Tamad,Grilled Seafood Platter x1,2100.00,252.00,120.00,2472.00,CASH,PAID,COMPLETED,TXN-CAS-60901240
ORD-20260920-04664-6A49D,2026-09-20 11:44:47,ON_SITE,Alden Richards,Crispy Seafood Basket x1; Garlic Butter Prawns x1; Seafood Bilao Feast x1,4630.00,555.60,0.00,5185.60,CASH,PAID,COMPLETED,TXN-CAS-86666670
ORD-20260920-00882-0ACCC,2026-09-20 11:46:28,ON_SITE,Ana Reyes,Seafood Cajun Boil x1,1850.00,222.00,0.00,2072.00,GCASH,PAID,COMPLETED,TXN-GCA-61248216
ORD-20260920-00356-164F7,2026-09-20 11:48:37,ONLINE,Mark Bautista,Crispy Seafood Basket x2,1960.00,235.20,100.00,2295.20,HYBRID (Cash + GCash),PAID,COMPLETED,TXN-HYB-67611698
ORD-20260920-04003-5611C,2026-09-20 11:49:53,ON_SITE,Mark Bautista,Crispy Seafood Basket x3; Seafood Cajun Boil x1,4790.00,574.80,0.00,5364.80,GCASH,PAID,COMPLETED,TXN-GCA-76273897
ORD-20260920-02391-E720D,2026-09-20 11:55:13,ONLINE,Lisa Manoban,Fresh Calamansi Juice Pitcher x1; Grilled Seafood Platter x2; Garlic Butter Prawns x1,5730.00,687.60,85.00,6502.60,HYBRID (Cash + GCash),PAID,COMPLETED,TXN-HYB-84271343
ORD-20260920-01348-EA54D,2026-09-20 11:55:43,ON_SITE,Clara Dizon,Seafood Bilao Feast x1; Garlic Butter Prawns x1,3650.00,438.00,0.00,4088.00,CASH,PAID,COMPLETED,TXN-CAS-19168982
ORD-20260920-03922-354E8,2026-09-20 12:03:45,ON_SITE,Dingdong Dantes,Sweet & Chili Crab Bucket x1; Garlic Butter Prawns x3,5700.00,684.00,0.00,6384.00,CASH,PAID,COMPLETED,TXN-CAS-33011205
ORD-20260920-03103-3312D,2026-09-20 12:14:06,ONLINE,Ana Reyes,Seafood Bilao Feast x1; Grilled Seafood Platter x1; Fresh Calamansi Juice Pitcher x1; Crispy Seafood Basket x1,5760.00,691.20,75.00,6526.20,GCASH,PAID,COMPLETED,TXN-GCA-72394829
ORD-20260920-02537-36D8F,2026-09-20 12:15:19,ON_SITE,Ana Reyes,Fresh Calamansi Juice Pitcher x1,280.00,33.60,0.00,313.60,SPLIT (Cash + GCash),PENDING,IN_PROCESS,N/A
ORD-20260920-03837-34A9F,2026-09-20 12:19:04,ON_SITE,Ana Reyes,Fresh Calamansi Juice Pitcher x1,280.00,33.60,0.00,313.60,GCASH,PAID,COMPLETED,TXN-GCA-23886162
ORD-20260920-01925-33F3C,2026-09-20 12:19:51,ON_SITE,Matteo Guidicelli,Classic Seafood Paella x1,1650.00,198.00,0.00,1848.00,GCASH,PAID,COMPLETED,TXN-GCA-72467790
ORD-20260920-02605-B83F2,2026-09-20 12:22:36,ON_SITE,Ana Reyes,Grilled Seafood Platter x2,4200.00,504.00,0.00,4704.00,CASH,PENDING,CANCELLED,N/A
ORD-20260920-04191-1FDB1,2026-09-20 12:30:06,ONLINE,Juan Tamad,Fresh Calamansi Juice Pitcher x1,280.00,33.60,85.00,398.60,COD,PAID,COMPLETED,TXN-COD-12009627
ORD-20260920-00675-67993,2026-09-20 12:31:57,ON_SITE,Pedro Penduko,Crispy Seafood Basket x1; Seafood Bilao Feast x1,3380.00,405.60,0.00,3785.60,CASH,PAID,COMPLETED,TXN-CAS-39220502
ORD-20260920-04336-16A21,2026-09-20 12:34:52,ONLINE,Ana Reyes,Fresh Calamansi Juice Pitcher x2,560.00,67.20,60.00,687.20,GCASH,PAID,COMPLETED,TXN-GCA-94958595
ORD-20260920-00831-8A6F2,2026-09-20 12:38:06,ONLINE,Mark Bautista,Crispy Seafood Basket x1; Sweet & Chili Crab Bucket x1,2930.00,351.60,50.00,3331.60,GCASH,PAID,COMPLETED,TXN-GCA-88963429
ORD-20260920-04943-40EE0,2026-09-20 12:42:37,ON_SITE,Kathryn Bernardo,Garlic Butter Prawns x2; Grilled Seafood Platter x1,4600.00,552.00,0.00,5152.00,GCASH,REFUNDED,CANCELLED,N/A
ORD-20260920-01461-69FD0,2026-09-20 12:53:25,ONLINE,Clara Dizon,Sweet & Chili Crab Bucket x3,5850.00,702.00,50.00,6602.00,GCASH,PAID,COMPLETED,TXN-GCA-49495665
ORD-20260920-01365-AA31E,2026-09-20 12:54:25,ONLINE,Clara Dizon,Sweet & Chili Crab Bucket x1; Seafood Cajun Boil x1,3800.00,456.00,85.00,4341.00,HYBRID (Cash + GCash),PAID,COMPLETED,TXN-HYB-49245732
ORD-20260920-02990-FC301,2026-09-20 12:58:40,ON_SITE,Clara Dizon,Sweet & Chili Crab Bucket x2; Grilled Seafood Platter x1,6000.00,720.00,0.00,6720.00,CASH,PAID,COMPLETED,TXN-CAS-34753507
ORD-20260920-04261-6CA3E,2026-09-20 12:59:26,ON_SITE,Pedro Penduko,Seafood Cajun Boil x1,1850.00,222.00,0.00,2072.00,GCASH,PAID,COMPLETED,TXN-GCA-25681513
ORD-20260920-01502-EE6C1,2026-09-20 13:01:41,ONLINE,Lisa Manoban,Grilled Seafood Platter x1; Fresh Calamansi Juice Pitcher x2,2660.00,319.20,85.00,3064.20,GCASH,PAID,COMPLETED,TXN-GCA-58012331
ORD-20260920-04379-0E335,2026-09-20 13:05:44,ONLINE,Pedro Penduko,Classic Seafood Paella x1; Garlic Butter Prawns x1,2900.00,348.00,60.00,3308.00,GCASH,PAID,COMPLETED,TXN-GCA-94768473
ORD-20260920-04640-129A3,2026-09-20 13:06:45,ON_SITE,Maria Clara Santos,Fresh Calamansi Juice Pitcher x1,280.00,33.60,0.00,313.60,CASH,PAID,COMPLETED,TXN-CAS-44980163
ORD-20260920-04516-6CDA4,2026-09-20 13:15:55,ONLINE,Ana Reyes,Crispy Seafood Basket x1; Garlic Butter Prawns x1; Seafood Cajun Boil x1; Sweet & Chili Crab Bucket x1,6030.00,723.60,85.00,6838.60,GCASH,PAID,COMPLETED,TXN-GCA-57555831
ORD-20260920-03952-89ADD,2026-09-20 13:22:23,ONLINE,Juan Tamad,Classic Seafood Paella x1; Crispy Seafood Basket x2,3610.00,433.20,85.00,4128.20,SPLIT (Cash + GCash),PAID,COMPLETED,TXN-SPL-36461855
ORD-20260920-01927-EFCD2,2026-09-20 13:24:39,ONLINE,Ana Reyes,Sweet & Chili Crab Bucket x2,3900.00,468.00,50.00,4418.00,GCASH,PAID,COMPLETED,TXN-GCA-20102514
ORD-20260920-00787-5397C,2026-09-20 13:25:15,ONLINE,Ana Reyes,Sweet & Chili Crab Bucket x1,1950.00,234.00,60.00,2244.00,GCASH,PAID,COMPLETED,TXN-GCA-46888879
ORD-20260920-04017-4AB70,2026-09-20 13:27:04,ON_SITE,Bea Alonzo,Fresh Calamansi Juice Pitcher x1; Seafood Bilao Feast x2,5080.00,609.60,0.00,5689.60,GCASH,PAID,COMPLETED,TXN-GCA-14143474
ORD-20260920-03996-8E2D1,2026-09-20 13:27:12,ONLINE,Lisa Manoban,Sweet & Chili Crab Bucket x1; Crispy Seafood Basket x3; Grilled Seafood Platter x3,11190.00,1342.80,75.00,12607.80,HYBRID (Cash + GCash),PAID,COMPLETED,TXN-HYB-22301195
ORD-20260920-00383-0DF01,2026-09-20 13:36:15,ON_SITE,Giselle Hernandez,Garlic Butter Prawns x1,1250.00,150.00,0.00,1400.00,CASH,PAID,COMPLETED,TXN-CAS-35916439
ORD-20260920-04532-FEFAA,2026-09-20 13:42:14,ON_SITE,Daniel Padilla,Fresh Calamansi Juice Pitcher x1,280.00,33.60,0.00,313.60,CASH,PAID,COMPLETED,TXN-CAS-48234953
ORD-20260920-04091-FEDC8,2026-09-20 13:43:02,ONLINE,Pedro Penduko,Garlic Butter Prawns x1; Fresh Calamansi Juice Pitcher x1; Seafood Bilao Feast x1,3930.00,471.60,75.00,4476.60,GCASH,PAID,COMPLETED,TXN-GCA-86152565
ORD-20260920-00712-3CDA7,2026-09-20 13:51:04,ONLINE,Lisa Manoban,Crispy Seafood Basket x1; Seafood Bilao Feast x1,3380.00,405.60,50.00,3835.60,HYBRID (Cash + GCash),PAID,COMPLETED,TXN-HYB-73447764
ORD-20260920-02794-4649F,2026-09-20 13:56:09,ONLINE,Ana Reyes,Classic Seafood Paella x1; Sweet & Chili Crab Bucket x1,3600.00,432.00,60.00,4092.00,HYBRID (Cash + GCash),PAID,COMPLETED,TXN-HYB-57671878
ORD-20260920-02464-116A0,2026-09-20 14:00:44,ONLINE,Pedro Penduko,Crispy Seafood Basket x1; Classic Seafood Paella x1,2630.00,315.60,50.00,2995.60,GCASH,PAID,COMPLETED,TXN-GCA-82477005
ORD-20260920-01473-900C3,2026-09-20 14:02:32,ONLINE,Juan Tamad,Seafood Bilao Feast x1,2400.00,288.00,75.00,2763.00,HYBRID (Cash + GCash),PAID,COMPLETED,TXN-HYB-68040470
ORD-20260920-03111-AF61D,2026-09-20 14:03:49,ONLINE,Mark Bautista,Crispy Seafood Basket x1; Seafood Cajun Boil x2; Seafood Bilao Feast x1; Grilled Seafood Platter x1,9180.00,1101.60,50.00,10331.60,COD,PAID,COMPLETED,TXN-COD-25832585
ORD-20260920-02772-E460D,2026-09-20 14:14:18,ON_SITE,Matteo Guidicelli,Seafood Bilao Feast x1; Classic Seafood Paella x1; Seafood Cajun Boil x2; Sweet & Chili Crab Bucket x1,9700.00,1164.00,0.00,10864.00,SPLIT (Cash + GCash),PAID,COMPLETED,TXN-SPL-39293752
ORD-20260920-03668-C42F3,2026-09-20 14:20:20,ONLINE,Clara Dizon,Seafood Cajun Boil x2,3700.00,444.00,75.00,4219.00,CASH,PAID,COMPLETED,TXN-CAS-81591824
ORD-20260920-01188-C776D,2026-09-20 14:23:16,ONLINE,Ana Reyes,Seafood Bilao Feast x2; Grilled Seafood Platter x2,9000.00,1080.00,85.00,10165.00,CASH,PAID,COMPLETED,TXN-CAS-73909077
ORD-20260920-01730-01902,2026-09-20 14:25:25,ON_SITE,Daniel Padilla,Sweet & Chili Crab Bucket x1; Grilled Seafood Platter x1; Seafood Cajun Boil x3,9600.00,1152.00,0.00,10752.00,GCASH,PAID,COMPLETED,TXN-GCA-14055540
ORD-20260920-02456-7F8DB,2026-09-20 14:25:48,ON_SITE,Clara Dizon,Sweet & Chili Crab Bucket x1; Seafood Bilao Feast x1,4350.00,522.00,0.00,4872.00,MAYA,PAID,COMPLETED,TXN-MAY-86763926
ORD-20260920-00762-14BA2,2026-09-20 14:26:19,ON_SITE,Joshua Garcia,Seafood Bilao Feast x3; Fresh Calamansi Juice Pitcher x2,7760.00,931.20,0.00,8691.20,CASH,PAID,COMPLETED,TXN-CAS-53877352
ORD-20260920-01031-A22E8,2026-09-20 14:43:48,ONLINE,Pedro Penduko,Crispy Seafood Basket x1; Fresh Calamansi Juice Pitcher x2,1540.00,184.80,100.00,1824.80,CASH,PAID,COMPLETED,TXN-CAS-67811353
ORD-20260920-03154-101D8,2026-09-20 14:45:06,ONLINE,Clara Dizon,Classic Seafood Paella x1; Crispy Seafood Basket x1,2630.00,315.60,60.00,3005.60,SPLIT (Cash + GCash),PAID,COMPLETED,TXN-SPL-62524477
ORD-20260920-00042-225E3,2026-09-20 14:50:04,ON_SITE,Dindo Dela Cruz,Seafood Bilao Feast x1,2400.00,288.00,0.00,2688.00,SPLIT (Cash + GCash),PAID,COMPLETED,TXN-SPL-75011907
ORD-20260920-04474-6D699,2026-09-20 14:51:05,ON_SITE,Marian Rivera,Crispy Seafood Basket x1; Fresh Calamansi Juice Pitcher x1,1260.00,151.20,0.00,1411.20,GCASH,PAID,COMPLETED,TXN-GCA-74313050
ORD-20260920-00802-7E536,2026-09-20 14:53:54,ON_SITE,Dindo Dela Cruz,Sweet & Chili Crab Bucket x2,3900.00,468.00,0.00,4368.00,CASH,REFUNDED,CANCELLED,N/A
ORD-20260920-00844-64EFD,2026-09-20 14:57:03,ONLINE,Lisa Manoban,Fresh Calamansi Juice Pitcher x2,560.00,67.20,50.00,677.20,COD,PAID,COMPLETED,TXN-COD-54809706
ORD-20260920-02697-89C18,2026-09-20 14:59:24,ON_SITE,Katrina Halili,Sweet & Chili Crab Bucket x1,1950.00,234.00,0.00,2184.00,CASH,PAID,COMPLETED,TXN-CAS-13968394
ORD-20260920-03583-BD2EA,2026-09-20 15:00:49,ONLINE,Juan Tamad,Seafood Cajun Boil x1; Grilled Seafood Platter x1; Sweet & Chili Crab Bucket x2,7850.00,942.00,120.00,8912.00,MAYA,PAID,COMPLETED,TXN-MAY-14503878
ORD-20260920-02040-09FAE,2026-09-20 15:04:14,ON_SITE,Ferdinand Marcos,Seafood Bilao Feast x1,2400.00,288.00,0.00,2688.00,GCASH,PAID,COMPLETED,TXN-GCA-40916885
ORD-20260920-04203-76FB1,2026-09-20 15:14:02,ONLINE,Lisa Manoban,Garlic Butter Prawns x1,1250.00,150.00,50.00,1450.00,GCASH,PAID,COMPLETED,TXN-GCA-61034365
ORD-20260920-03650-B97A3,2026-09-20 15:14:45,ONLINE,Ana Reyes,Grilled Seafood Platter x1,2100.00,252.00,50.00,2402.00,HYBRID (Cash + GCash),PAID,COMPLETED,TXN-HYB-49244918
ORD-20260920-01306-9995A,2026-09-20 15:18:23,ONLINE,Mark Bautista,Fresh Calamansi Juice Pitcher x1,280.00,33.60,85.00,398.60,GCASH,PAID,COMPLETED,TXN-GCA-90650846
ORD-20260920-04450-D564E,2026-09-20 15:28:18,ONLINE,Pedro Penduko,Sweet & Chili Crab Bucket x2,3900.00,468.00,60.00,4428.00,HYBRID (Cash + GCash),PAID,COMPLETED,TXN-HYB-62479990
ORD-20260920-00257-9400E,2026-09-20 15:43:36,ONLINE,Lisa Manoban,Sweet & Chili Crab Bucket x1,1950.00,234.00,60.00,2244.00,GCASH,PAID,COMPLETED,TXN-GCA-57032047
ORD-20260920-02473-4875C,2026-09-20 15:44:18,ON_SITE,Mark Bautista,Seafood Cajun Boil x1,1850.00,222.00,0.00,2072.00,CASH,PAID,COMPLETED,TXN-CAS-82064708
ORD-20260920-00778-29854,2026-09-20 15:50:25,ON_SITE,Maria Clara Santos,Crispy Seafood Basket x1,980.00,117.60,0.00,1097.60,CASH,PAID,COMPLETED,TXN-CAS-36034455
ORD-20260920-02091-569C4,2026-09-20 15:53:33,ON_SITE,Carlos Mendoza,Sweet & Chili Crab Bucket x1,1950.00,234.00,0.00,2184.00,SPLIT (Cash + GCash),PAID,COMPLETED,TXN-SPL-37060722
ORD-20260920-04054-93198,2026-09-20 15:54:19,ONLINE,Mark Bautista,Sweet & Chili Crab Bucket x1; Garlic Butter Prawns x1,3200.00,384.00,120.00,3704.00,SPLIT (Cash + GCash),PAID,COMPLETED,TXN-SPL-97237518
ORD-20260920-02767-B46D2,2026-09-20 15:54:25,ONLINE,Clara Dizon,Sweet & Chili Crab Bucket x1; Grilled Seafood Platter x1,4050.00,486.00,50.00,4586.00,GCASH,PAID,COMPLETED,TXN-GCA-17438757
ORD-20260920-03094-03491,2026-09-20 15:55:12,ONLINE,Juan Tamad,Seafood Bilao Feast x3,7200.00,864.00,85.00,8149.00,GCASH,PAID,COMPLETED,TXN-GCA-68893552
ORD-20260920-02684-B345A,2026-09-20 16:03:19,ON_SITE,Ramon Magsaysay Jr.,Seafood Cajun Boil x1,1850.00,222.00,0.00,2072.00,CASH,PAID,COMPLETED,TXN-CAS-43000035
ORD-20260920-00705-4AB49,2026-09-20 16:05:39,ONLINE,Ana Reyes,Garlic Butter Prawns x1; Grilled Seafood Platter x1; Classic Seafood Paella x1,5000.00,600.00,75.00,5675.00,GCASH,PAID,COMPLETED,TXN-GCA-31238027
ORD-20260920-03052-1BDA9,2026-09-20 16:08:51,ON_SITE,Giselle Hernandez,Classic Seafood Paella x1; Crispy Seafood Basket x2; Grilled Seafood Platter x1,5710.00,685.20,0.00,6395.20,GCASH,PAID,COMPLETED,TXN-GCA-33909290
ORD-20260920-01216-DAFB7,2026-09-20 16:09:53,ONLINE,Mark Bautista,Seafood Cajun Boil x2,3700.00,444.00,75.00,4219.00,GCASH,PAID,COMPLETED,TXN-GCA-52129325
ORD-20260920-03289-BE627,2026-09-20 16:17:31,ONLINE,Clara Dizon,Crispy Seafood Basket x1,980.00,117.60,75.00,1172.60,GCASH,PAID,COMPLETED,TXN-GCA-90767059
ORD-20260920-02046-346C7,2026-09-20 16:22:07,ONLINE,Juan Tamad,Seafood Bilao Feast x1; Seafood Cajun Boil x1,4250.00,510.00,120.00,4880.00,CASH,PAID,COMPLETED,TXN-CAS-47262176
ORD-20260920-01265-6B1E6,2026-09-20 16:24:47,ONLINE,Mark Bautista,Crispy Seafood Basket x1,980.00,117.60,50.00,1147.60,GCASH,PAID,COMPLETED,TXN-GCA-17168890
ORD-20260920-02041-59194,2026-09-20 16:35:24,ONLINE,Lisa Manoban,Sweet & Chili Crab Bucket x1; Seafood Bilao Feast x1,4350.00,522.00,50.00,4922.00,GCASH,PAID,COMPLETED,TXN-GCA-14819157
ORD-20260920-03392-5502F,2026-09-20 16:38:33,ONLINE,Juan Tamad,Crispy Seafood Basket x1; Seafood Bilao Feast x1; Sweet & Chili Crab Bucket x1; Fresh Calamansi Juice Pitcher x1,5610.00,673.20,60.00,6343.20,HYBRID (Cash + GCash),PAID,COMPLETED,TXN-HYB-91273318
ORD-20260920-02615-96A6C,2026-09-20 16:43:15,ON_SITE,Mark Bautista,Seafood Bilao Feast x1; Fresh Calamansi Juice Pitcher x1,2680.00,321.60,0.00,3001.60,CASH,PAID,COMPLETED,TXN-CAS-52978895
ORD-20260920-00490-7381A,2026-09-20 16:44:42,ON_SITE,Ana Reyes,Sweet & Chili Crab Bucket x1,1950.00,234.00,0.00,2184.00,CASH,PAID,COMPLETED,TXN-CAS-79180831
ORD-20260920-01773-133F2,2026-09-20 16:44:55,ON_SITE,Bea Alonzo,Grilled Seafood Platter x1,2100.00,252.00,0.00,2352.00,HYBRID (Cash + GCash),PAID,COMPLETED,TXN-HYB-74069776
ORD-20260920-02874-2BA05,2026-09-20 16:52:12,ON_SITE,Clara Dizon,Seafood Cajun Boil x1; Fresh Calamansi Juice Pitcher x3,2690.00,322.80,0.00,3012.80,CASH,PAID,COMPLETED,TXN-CAS-85546788
ORD-20260920-03081-51E13,2026-09-20 16:53:39,ON_SITE,Juan Tamad,Grilled Seafood Platter x1,2100.00,252.00,0.00,2352.00,CASH,PAID,COMPLETED,TXN-CAS-44452666
ORD-20260920-01862-619BB,2026-09-20 16:55:05,ONLINE,Juan Tamad,Sweet & Chili Crab Bucket x1; Seafood Cajun Boil x1,3800.00,456.00,60.00,4316.00,MAYA,PAID,COMPLETED,TXN-MAY-43867453
ORD-20260920-00573-85861,2026-09-20 16:56:10,ON_SITE,Pedro Penduko,Classic Seafood Paella x2,3300.00,396.00,0.00,3696.00,HYBRID (Cash + GCash),PAID,COMPLETED,TXN-HYB-80986154
ORD-20260920-01262-EB108,2026-09-20 16:58:26,ON_SITE,Dindo Dela Cruz,Garlic Butter Prawns x1,1250.00,150.00,0.00,1400.00,CASH,PAID,COMPLETED,TXN-CAS-25047567
ORD-20260920-00435-BC386,2026-09-20 17:03:55,ONLINE,Pedro Penduko,Seafood Bilao Feast x1; Sweet & Chili Crab Bucket x1,4350.00,522.00,120.00,4992.00,COD,PAID,COMPLETED,TXN-COD-63678026
ORD-20260920-04629-7FBF0,2026-09-20 17:07:34,ONLINE,Lisa Manoban,Fresh Calamansi Juice Pitcher x1,280.00,33.60,75.00,388.60,GCASH,PAID,COMPLETED,TXN-GCA-28073187
ORD-20260920-02208-14E61,2026-09-20 17:08:08,ON_SITE,Marian Rivera,Sweet & Chili Crab Bucket x1,1950.00,234.00,0.00,2184.00,MAYA,PAID,COMPLETED,TXN-MAY-61096278
ORD-20260920-00274-E26FE,2026-09-20 17:11:36,ONLINE,Mark Bautista,Grilled Seafood Platter x1; Classic Seafood Paella x1,3750.00,450.00,60.00,4260.00,SPLIT (Cash + GCash),PAID,COMPLETED,TXN-SPL-25543316
ORD-20260920-00867-A2230,2026-09-20 17:11:44,ONLINE,Ana Reyes,Garlic Butter Prawns x2; Fresh Calamansi Juice Pitcher x1; Seafood Bilao Feast x1; Sweet & Chili Crab Bucket x3,11030.00,1323.60,60.00,12413.60,GCASH,PAID,COMPLETED,TXN-GCA-78967322
ORD-20260920-03002-8F0AD,2026-09-20 17:14:45,ON_SITE,Daniel Padilla,Garlic Butter Prawns x1,1250.00,150.00,0.00,1400.00,GCASH,PAID,COMPLETED,TXN-GCA-93944038
ORD-20260920-04267-5A623,2026-09-20 17:15:03,ONLINE,Clara Dizon,Grilled Seafood Platter x1; Garlic Butter Prawns x1,3350.00,402.00,50.00,3802.00,HYBRID (Cash + GCash),PAID,COMPLETED,TXN-HYB-55519345
ORD-20260920-01562-334DB,2026-09-20 17:19:27,ON_SITE,Maria Clara Santos,Fresh Calamansi Juice Pitcher x2; Crispy Seafood Basket x2; Classic Seafood Paella x1; Seafood Cajun Boil x2,7870.00,944.40,0.00,8814.40,GCASH,PAID,COMPLETED,TXN-GCA-77374399
ORD-20260920-02834-3F5CF,2026-09-20 17:19:52,ON_SITE,Juan Tamad,Seafood Bilao Feast x1,2400.00,288.00,0.00,2688.00,CASH,PAID,COMPLETED,TXN-CAS-65154176
ORD-20260920-01290-859E7,2026-09-20 17:21:59,ON_SITE,Matteo Guidicelli,Classic Seafood Paella x2; Garlic Butter Prawns x1; Seafood Bilao Feast x1,6950.00,834.00,0.00,7784.00,CASH,PAID,COMPLETED,TXN-CAS-39484846
ORD-20260920-01324-173EE,2026-09-20 17:23:06,ONLINE,Clara Dizon,Seafood Cajun Boil x1; Sweet & Chili Crab Bucket x1,3800.00,456.00,60.00,4316.00,MAYA,PAID,COMPLETED,TXN-MAY-68240145
ORD-20260920-01355-043CA,2026-09-20 17:26:02,ON_SITE,Ana Reyes,Garlic Butter Prawns x2; Seafood Bilao Feast x1,4900.00,588.00,0.00,5488.00,SPLIT (Cash + GCash),PAID,COMPLETED,TXN-SPL-16780490
ORD-20260920-03724-7E067,2026-09-20 17:38:33,ONLINE,Ana Reyes,Fresh Calamansi Juice Pitcher x1; Seafood Cajun Boil x1; Classic Seafood Paella x1,3780.00,453.60,50.00,4283.60,HYBRID (Cash + GCash),PAID,COMPLETED,TXN-HYB-73375397
ORD-20260920-00289-F8222,2026-09-20 17:43:41,ON_SITE,Bea Alonzo,Crispy Seafood Basket x1,980.00,117.60,0.00,1097.60,CASH,PAID,COMPLETED,TXN-CAS-50156220
ORD-20260920-00493-B8773,2026-09-20 17:50:25,ON_SITE,Mark Bautista,Sweet & Chili Crab Bucket x1; Seafood Bilao Feast x1,4350.00,522.00,0.00,4872.00,GCASH,PAID,COMPLETED,TXN-GCA-98338155
ORD-20260920-01965-1B3EC,2026-09-20 17:50:49,ONLINE,Juan Tamad,Grilled Seafood Platter x3; Seafood Cajun Boil x1; Crispy Seafood Basket x1; Fresh Calamansi Juice Pitcher x1,9410.00,1129.20,50.00,10589.20,MAYA,PAID,COMPLETED,TXN-MAY-75860027
ORD-20260920-01229-CE012,2026-09-20 17:57:52,ON_SITE,Mark Bautista,Seafood Bilao Feast x2,4800.00,576.00,0.00,5376.00,CASH,PAID,COMPLETED,TXN-CAS-83809923
ORD-20260920-04251-9CB72,2026-09-20 18:00:44,ONLINE,Mark Bautista,Seafood Bilao Feast x1,2400.00,288.00,85.00,2773.00,GCASH,PENDING,CANCELLED,N/A
ORD-20260920-03146-F7352,2026-09-20 18:05:19,ONLINE,Mark Bautista,Garlic Butter Prawns x1,1250.00,150.00,50.00,1450.00,GCASH,PAID,COMPLETED,TXN-GCA-10511483
ORD-20260920-03048-71A39,2026-09-20 18:11:37,ON_SITE,Ferdinand Marcos,Seafood Bilao Feast x1; Crispy Seafood Basket x2; Fresh Calamansi Juice Pitcher x3,5200.00,624.00,0.00,5824.00,GCASH,PAID,COMPLETED,TXN-GCA-43130508
ORD-20260920-01326-F7792,2026-09-20 18:12:20,ON_SITE,Juan Tamad,Crispy Seafood Basket x1; Grilled Seafood Platter x1,3080.00,369.60,0.00,3449.60,CASH,PAID,COMPLETED,TXN-CAS-36791973
ORD-20260920-02669-14618,2026-09-20 18:12:20,ONLINE,Clara Dizon,Crispy Seafood Basket x2; Grilled Seafood Platter x1,4060.00,487.20,85.00,4632.20,GCASH,PENDING,IN_PROCESS,N/A
ORD-20260920-04170-33A00,2026-09-20 18:19:23,ON_SITE,Alden Richards,Classic Seafood Paella x1; Garlic Butter Prawns x3,5400.00,648.00,0.00,6048.00,GCASH,PAID,COMPLETED,TXN-GCA-85293903
ORD-20260920-02155-AB94B,2026-09-20 18:22:38,ON_SITE,Pedro Penduko,Fresh Calamansi Juice Pitcher x1; Garlic Butter Prawns x1; Classic Seafood Paella x2; Grilled Seafood Platter x1,6930.00,831.60,0.00,7761.60,CASH,PAID,COMPLETED,TXN-CAS-61293997
ORD-20260920-00976-ABAF0,2026-09-20 18:22:55,ONLINE,Mark Bautista,Seafood Bilao Feast x1,2400.00,288.00,60.00,2748.00,GCASH,PAID,COMPLETED,TXN-GCA-47819226
ORD-20260920-03256-29B5A,2026-09-20 18:28:07,ON_SITE,Juan Tamad,Garlic Butter Prawns x1; Seafood Bilao Feast x1,3650.00,438.00,0.00,4088.00,GCASH,PAID,COMPLETED,TXN-GCA-26442636
ORD-20260920-00384-AA88A,2026-09-20 18:31:18,ON_SITE,Giselle Hernandez,Classic Seafood Paella x1; Seafood Bilao Feast x3,8850.00,1062.00,0.00,9912.00,CASH,PENDING,IN_PROCESS,N/A
ORD-20260920-04781-8D338,2026-09-20 18:32:48,ONLINE,Mark Bautista,Seafood Bilao Feast x1,2400.00,288.00,50.00,2738.00,MAYA,PAID,COMPLETED,TXN-MAY-62060468
ORD-20260920-04355-12036,2026-09-20 18:38:24,ON_SITE,Maria Clara Santos,Seafood Bilao Feast x1,2400.00,288.00,0.00,2688.00,GCASH,PAID,COMPLETED,TXN-GCA-97316494
ORD-20260920-00858-59523,2026-09-20 18:45:21,ONLINE,Mark Bautista,Classic Seafood Paella x1,1650.00,198.00,60.00,1908.00,GCASH,PAID,COMPLETED,TXN-GCA-13231779
ORD-20260920-00153-4161F,2026-09-20 18:53:20,ONLINE,Juan Tamad,Fresh Calamansi Juice Pitcher x1,280.00,33.60,120.00,433.60,HYBRID (Cash + GCash),PAID,COMPLETED,TXN-HYB-68502242
ORD-20260920-01445-79627,2026-09-20 18:54:22,ON_SITE,Juan Tamad,Garlic Butter Prawns x1,1250.00,150.00,0.00,1400.00,GCASH,PAID,COMPLETED,TXN-GCA-44149025
ORD-20260920-01302-B4414,2026-09-20 18:54:26,ON_SITE,Dindo Dela Cruz,Grilled Seafood Platter x1; Garlic Butter Prawns x3,5850.00,702.00,0.00,6552.00,GCASH,PAID,COMPLETED,TXN-GCA-51474284
ORD-20260920-04782-BF7E0,2026-09-20 18:56:08,ONLINE,Lisa Manoban,Fresh Calamansi Juice Pitcher x1,280.00,33.60,85.00,398.60,MAYA,PAID,COMPLETED,TXN-MAY-47380403
ORD-20260920-03137-B0842,2026-09-20 18:56:16,ON_SITE,Maria Clara Santos,Fresh Calamansi Juice Pitcher x1; Grilled Seafood Platter x2,4480.00,537.60,0.00,5017.60,HYBRID (Cash + GCash),PAID,COMPLETED,TXN-HYB-27723200
ORD-20260920-00999-F3694,2026-09-20 19:02:20,ONLINE,Ana Reyes,Classic Seafood Paella x1,1650.00,198.00,60.00,1908.00,CASH,REFUNDED,CANCELLED,N/A
ORD-20260920-01957-46033,2026-09-20 19:06:55,ON_SITE,Matteo Guidicelli,Seafood Cajun Boil x1; Classic Seafood Paella x2; Fresh Calamansi Juice Pitcher x1,5430.00,651.60,0.00,6081.60,CASH,PAID,COMPLETED,TXN-CAS-59128354
ORD-20260920-03534-36DDB,2026-09-20 19:12:46,ONLINE,Ana Reyes,Seafood Cajun Boil x1; Crispy Seafood Basket x2; Fresh Calamansi Juice Pitcher x1; Classic Seafood Paella x1,5740.00,688.80,100.00,6528.80,GCASH,PAID,COMPLETED,TXN-GCA-87806183
ORD-20260920-04424-D59E7,2026-09-20 19:13:42,ONLINE,Mark Bautista,Garlic Butter Prawns x1,1250.00,150.00,75.00,1475.00,HYBRID (Cash + GCash),PAID,COMPLETED,TXN-HYB-46608075
ORD-20260920-02335-BBC99,2026-09-20 19:15:13,ONLINE,Ana Reyes,Fresh Calamansi Juice Pitcher x1; Sweet & Chili Crab Bucket x1,2230.00,267.60,60.00,2557.60,HYBRID (Cash + GCash),PAID,COMPLETED,TXN-HYB-13349482
ORD-20260920-00981-1C352,2026-09-20 19:17:05,ONLINE,Clara Dizon,Crispy Seafood Basket x1; Seafood Cajun Boil x2,4680.00,561.60,75.00,5316.60,GCASH,PAID,IN_PROCESS,TXN-GCA-33617939
ORD-20260920-01136-B3D0E,2026-09-20 19:18:12,ON_SITE,Clara Dizon,Fresh Calamansi Juice Pitcher x1; Sweet & Chili Crab Bucket x1; Crispy Seafood Basket x1,3210.00,385.20,0.00,3595.20,GCASH,PAID,COMPLETED,TXN-GCA-96848039
ORD-20260920-03438-2F7A8,2026-09-20 19:21:25,ONLINE,Ana Reyes,Fresh Calamansi Juice Pitcher x1,280.00,33.60,60.00,373.60,CASH,PAID,COMPLETED,TXN-CAS-44198000
ORD-20260920-01429-08121,2026-09-20 19:24:31,ON_SITE,Daniel Padilla,Crispy Seafood Basket x1; Seafood Bilao Feast x2; Seafood Cajun Boil x2; Fresh Calamansi Juice Pitcher x1,9760.00,1171.20,0.00,10931.20,CASH,PAID,COMPLETED,TXN-CAS-27010791
ORD-20260920-00064-AF85D,2026-09-20 19:28:39,ONLINE,Pedro Penduko,Garlic Butter Prawns x2; Grilled Seafood Platter x1,4600.00,552.00,60.00,5212.00,GCASH,PAID,COMPLETED,TXN-GCA-79874761
ORD-20260920-02089-DAC5F,2026-09-20 19:31:22,ON_SITE,Daniel Padilla,Sweet & Chili Crab Bucket x3,5850.00,702.00,0.00,6552.00,CASH,PAID,COMPLETED,TXN-CAS-50196419
ORD-20260920-04680-E6EC8,2026-09-20 19:39:20,ON_SITE,Dingdong Dantes,Seafood Cajun Boil x1; Grilled Seafood Platter x1,3950.00,474.00,0.00,4424.00,SPLIT (Cash + GCash),PAID,COMPLETED,TXN-SPL-87296595
ORD-20260920-01944-80B45,2026-09-20 19:40:20,ONLINE,Lisa Manoban,Fresh Calamansi Juice Pitcher x1; Crispy Seafood Basket x1,1260.00,151.20,50.00,1461.20,HYBRID (Cash + GCash),PAID,COMPLETED,TXN-HYB-56532092
ORD-20260920-02859-0214D,2026-09-20 19:45:40,ON_SITE,Clara Dizon,Fresh Calamansi Juice Pitcher x1,280.00,33.60,0.00,313.60,CASH,PAID,COMPLETED,TXN-CAS-90604399
ORD-20260920-01939-288B3,2026-09-20 19:47:35,ON_SITE,Ferdinand Marcos,Sweet & Chili Crab Bucket x1; Garlic Butter Prawns x2; Fresh Calamansi Juice Pitcher x1,4730.00,567.60,0.00,5297.60,CASH,PAID,COMPLETED,TXN-CAS-99754077
ORD-20260920-04332-CF05E,2026-09-20 19:49:23,ON_SITE,Kathryn Bernardo,Grilled Seafood Platter x1,2100.00,252.00,0.00,2352.00,SPLIT (Cash + GCash),PAID,COMPLETED,TXN-SPL-31055083
ORD-20260920-03966-71335,2026-09-20 19:55:45,ONLINE,Mark Bautista,Garlic Butter Prawns x2,2500.00,300.00,75.00,2875.00,GCASH,PAID,COMPLETED,TXN-GCA-96965680
ORD-20260920-04391-FB175,2026-09-20 19:58:19,ONLINE,Pedro Penduko,Seafood Cajun Boil x1,1850.00,222.00,60.00,2132.00,SPLIT (Cash + GCash),PAID,COMPLETED,TXN-SPL-84944261
ORD-20260920-04407-EF5A1,2026-09-20 20:02:22,ONLINE,Mark Bautista,Sweet & Chili Crab Bucket x2; Seafood Cajun Boil x1,5750.00,690.00,120.00,6560.00,HYBRID (Cash + GCash),PAID,COMPLETED,TXN-HYB-52643784
ORD-20260920-04370-EE179,2026-09-20 20:07:36,ON_SITE,Mark Bautista,Crispy Seafood Basket x1,980.00,117.60,0.00,1097.60,GCASH,PAID,COMPLETED,TXN-GCA-65213562
ORD-20260920-01274-B05B9,2026-09-20 20:11:53,ON_SITE,Carlos Mendoza,Garlic Butter Prawns x1,1250.00,150.00,0.00,1400.00,GCASH,PAID,COMPLETED,TXN-GCA-48992111
ORD-20260920-02777-FBEFB,2026-09-20 20:13:47,ONLINE,Lisa Manoban,Classic Seafood Paella x1,1650.00,198.00,50.00,1898.00,SPLIT (Cash + GCash),PAID,COMPLETED,TXN-SPL-53983174
ORD-20260920-00417-94D07,2026-09-20 20:19:43,ONLINE,Lisa Manoban,Crispy Seafood Basket x1; Seafood Bilao Feast x1,3380.00,405.60,75.00,3860.60,GCASH,PAID,COMPLETED,TXN-GCA-69987377
ORD-20260920-00777-68CBE,2026-09-20 20:21:08,ON_SITE,Joshua Garcia,Sweet & Chili Crab Bucket x1,1950.00,234.00,0.00,2184.00,GCASH,PAID,COMPLETED,TXN-GCA-43782650
ORD-20260920-02361-F9AD4,2026-09-20 20:21:23,ON_SITE,Marian Rivera,Grilled Seafood Platter x2; Classic Seafood Paella x1,5850.00,702.00,0.00,6552.00,HYBRID (Cash + GCash),PAID,COMPLETED,TXN-HYB-75158034
ORD-20260920-02988-AB92E,2026-09-20 20:24:06,ON_SITE,Dindo Dela Cruz,Crispy Seafood Basket x1,980.00,117.60,0.00,1097.60,GCASH,PAID,COMPLETED,TXN-GCA-86113550
ORD-20260920-03525-61C4B,2026-09-20 20:25:30,ONLINE,Ana Reyes,Garlic Butter Prawns x1,1250.00,150.00,60.00,1460.00,MAYA,PAID,COMPLETED,TXN-MAY-39386574
ORD-20260920-03727-17589,2026-09-20 20:29:27,ONLINE,Pedro Penduko,Fresh Calamansi Juice Pitcher x1; Seafood Bilao Feast x2,5080.00,609.60,50.00,5739.60,GCASH,PAID,COMPLETED,TXN-GCA-68252036
ORD-20260920-02574-05F58,2026-09-20 20:30:03,ON_SITE,Pedro Penduko,Classic Seafood Paella x1,1650.00,198.00,0.00,1848.00,GCASH,PAID,COMPLETED,TXN-GCA-38249129
ORD-20260920-00612-F8148,2026-09-20 20:30:13,ON_SITE,Juan Tamad,Seafood Bilao Feast x2; Crispy Seafood Basket x2,6760.00,811.20,0.00,7571.20,HYBRID (Cash + GCash),PAID,COMPLETED,TXN-HYB-87657210
ORD-20260920-03857-0F88A,2026-09-20 20:36:25,ON_SITE,Joshua Garcia,Grilled Seafood Platter x1; Fresh Calamansi Juice Pitcher x2; Classic Seafood Paella x2,5960.00,715.20,0.00,6675.20,CASH,PAID,COMPLETED,TXN-CAS-69709408
ORD-20260920-04239-2ACD0,2026-09-20 20:44:22,ONLINE,Mark Bautista,Classic Seafood Paella x1; Fresh Calamansi Juice Pitcher x3; Crispy Seafood Basket x1,3470.00,416.40,100.00,3986.40,HYBRID (Cash + GCash),PAID,COMPLETED,TXN-HYB-15468003
ORD-20260920-03804-00794,2026-09-20 20:46:43,ONLINE,Pedro Penduko,Fresh Calamansi Juice Pitcher x2; Sweet & Chili Crab Bucket x1; Seafood Bilao Feast x1; Classic Seafood Paella x2,8210.00,985.20,120.00,9315.20,GCASH,PAID,COMPLETED,TXN-GCA-20761117
ORD-20260920-03599-C8110,2026-09-20 20:47:31,ON_SITE,Dingdong Dantes,Classic Seafood Paella x1; Grilled Seafood Platter x1; Seafood Bilao Feast x1,6150.00,738.00,0.00,6888.00,HYBRID (Cash + GCash),PAID,COMPLETED,TXN-HYB-74782200
ORD-20260920-01116-17A9E,2026-09-20 20:48:14,ON_SITE,Katrina Halili,Crispy Seafood Basket x2; Grilled Seafood Platter x1; Classic Seafood Paella x2; Sweet & Chili Crab Bucket x1,9310.00,1117.20,0.00,10427.20,HYBRID (Cash + GCash),PAID,COMPLETED,TXN-HYB-57557189
ORD-20260920-04964-E460D,2026-09-20 20:59:23,ONLINE,Clara Dizon,Classic Seafood Paella x1,1650.00,198.00,75.00,1923.00,COD,PAID,COMPLETED,TXN-COD-64735362
ORD-20260920-02909-D4A67,2026-09-20 21:00:20,ON_SITE,Matteo Guidicelli,Sweet & Chili Crab Bucket x1; Fresh Calamansi Juice Pitcher x1,2230.00,267.60,0.00,2497.60,SPLIT (Cash + GCash),PAID,COMPLETED,TXN-SPL-22091235
ORD-20260920-04422-2FC4A,2026-09-20 21:03:00,ON_SITE,Katrina Halili,Garlic Butter Prawns x1,1250.00,150.00,0.00,1400.00,HYBRID (Cash + GCash),PAID,COMPLETED,TXN-HYB-65355869
ORD-20260920-03527-476C6,2026-09-20 21:04:21,ONLINE,Pedro Penduko,Fresh Calamansi Juice Pitcher x2; Crispy Seafood Basket x1,1540.00,184.80,100.00,1824.80,MAYA,PAID,COMPLETED,TXN-MAY-57441259
ORD-20260920-03734-EA673,2026-09-20 21:06:08,ON_SITE,Juan Tamad,Garlic Butter Prawns x1; Classic Seafood Paella x1,2900.00,348.00,0.00,3248.00,CASH,PAID,COMPLETED,TXN-CAS-95865538
ORD-20260920-02319-54FF1,2026-09-20 21:10:22,ON_SITE,Ramon Magsaysay Jr.,Seafood Bilao Feast x1; Classic Seafood Paella x2; Sweet & Chili Crab Bucket x1,7650.00,918.00,0.00,8568.00,GCASH,PAID,COMPLETED,TXN-GCA-93746012
ORD-20260920-00428-9E754,2026-09-20 21:26:12,ON_SITE,Alden Richards,Classic Seafood Paella x1; Grilled Seafood Platter x1,3750.00,450.00,0.00,4200.00,GCASH,PAID,COMPLETED,TXN-GCA-79870544
ORD-20260920-02132-5660E,2026-09-20 21:37:21,ON_SITE,Maria Clara Santos,Classic Seafood Paella x1; Grilled Seafood Platter x1,3750.00,450.00,0.00,4200.00,CASH,PAID,COMPLETED,TXN-CAS-55042515
ORD-20260920-03309-C57AA,2026-09-20 21:49:59,ON_SITE,Kathryn Bernardo,Crispy Seafood Basket x1; Fresh Calamansi Juice Pitcher x1,1260.00,151.20,0.00,1411.20,GCASH,PAID,COMPLETED,TXN-GCA-25605547
ORD-20260920-00567-60A51,2026-09-20 21:52:43,ONLINE,Mark Bautista,Seafood Cajun Boil x2; Sweet & Chili Crab Bucket x1,5650.00,678.00,100.00,6428.00,COD,PAID,COMPLETED,TXN-COD-37805018
ORD-20260920-00230-3A679,2026-09-20 21:55:07,ONLINE,Ana Reyes,Garlic Butter Prawns x1,1250.00,150.00,85.00,1485.00,HYBRID (Cash + GCash),PAID,COMPLETED,TXN-HYB-88517078
ORD-20260920-00325-C0EF8,2026-09-20 21:56:09,ONLINE,Lisa Manoban,Garlic Butter Prawns x2,2500.00,300.00,75.00,2875.00,GCASH,PAID,COMPLETED,TXN-GCA-70640281
ORD-20260921-03211-42EA5,2026-09-21 09:00:10,ON_SITE,Joshua Garcia,Seafood Cajun Boil x1; Classic Seafood Paella x1; Fresh Calamansi Juice Pitcher x1; Garlic Butter Prawns x1,5030.00,603.60,0.00,5633.60,GCASH,PAID,COMPLETED,TXN-GCA-87435529
ORD-20260921-04195-2B7A2,2026-09-21 09:00:48,ON_SITE,Marian Rivera,Seafood Bilao Feast x1; Grilled Seafood Platter x1; Sweet & Chili Crab Bucket x2; Crispy Seafood Basket x1,9380.00,1125.60,0.00,10505.60,SPLIT (Cash + GCash),PAID,COMPLETED,TXN-SPL-11584082
ORD-20260921-03299-5E73A,2026-09-21 09:00:50,ON_SITE,Kathryn Bernardo,Seafood Bilao Feast x2; Fresh Calamansi Juice Pitcher x1; Sweet & Chili Crab Bucket x1,7030.00,843.60,0.00,7873.60,GCASH,PAID,COMPLETED,TXN-GCA-10657310
ORD-20260921-02062-7B211,2026-09-21 09:03:11,ON_SITE,Giselle Hernandez,Sweet & Chili Crab Bucket x1; Seafood Cajun Boil x1; Grilled Seafood Platter x1,5900.00,708.00,0.00,6608.00,CASH,PAID,COMPLETED,TXN-CAS-19941333
ORD-20260921-01232-505E3,2026-09-21 09:04:35,ONLINE,Clara Dizon,Fresh Calamansi Juice Pitcher x1; Crispy Seafood Basket x1,1260.00,151.20,120.00,1531.20,GCASH,PAID,COMPLETED,TXN-GCA-83002884
ORD-20260921-01734-4363F,2026-09-21 09:08:01,ONLINE,Lisa Manoban,Sweet & Chili Crab Bucket x1; Fresh Calamansi Juice Pitcher x1; Crispy Seafood Basket x1; Seafood Cajun Boil x1,5060.00,607.20,75.00,5742.20,SPLIT (Cash + GCash),PAID,COMPLETED,TXN-SPL-40242372
ORD-20260921-00258-EFC6E,2026-09-21 09:10:30,ON_SITE,Carlos Mendoza,Sweet & Chili Crab Bucket x1,1950.00,234.00,0.00,2184.00,HYBRID (Cash + GCash),PAID,COMPLETED,TXN-HYB-74331693
ORD-20260921-02181-04FA1,2026-09-21 09:11:27,ONLINE,Juan Tamad,Fresh Calamansi Juice Pitcher x1,280.00,33.60,120.00,433.60,SPLIT (Cash + GCash),REFUNDED,CANCELLED,N/A
ORD-20260921-03820-BE9C1,2026-09-21 09:11:48,ONLINE,Mark Bautista,Seafood Bilao Feast x1; Grilled Seafood Platter x1,4500.00,540.00,85.00,5125.00,HYBRID (Cash + GCash),PAID,COMPLETED,TXN-HYB-89045388
ORD-20260921-02431-0FF69,2026-09-21 09:14:36,ON_SITE,Pedro Penduko,Crispy Seafood Basket x2,1960.00,235.20,0.00,2195.20,GCASH,PAID,COMPLETED,TXN-GCA-34985407
ORD-20260921-01736-E3557,2026-09-21 09:16:28,ON_SITE,Mark Bautista,Fresh Calamansi Juice Pitcher x2,560.00,67.20,0.00,627.20,HYBRID (Cash + GCash),PAID,COMPLETED,TXN-HYB-61663781
ORD-20260921-04685-DF764,2026-09-21 09:18:56,ONLINE,Mark Bautista,Seafood Cajun Boil x2; Seafood Bilao Feast x1,6100.00,732.00,120.00,6952.00,SPLIT (Cash + GCash),PAID,COMPLETED,TXN-SPL-82665996
ORD-20260921-01649-9CC94,2026-09-21 09:18:57,ON_SITE,Mark Bautista,Seafood Cajun Boil x2; Sweet & Chili Crab Bucket x1,5650.00,678.00,0.00,6328.00,GCASH,PAID,COMPLETED,TXN-GCA-58898080
ORD-20260921-04932-83DB5,2026-09-21 09:21:50,ONLINE,Pedro Penduko,Garlic Butter Prawns x1,1250.00,150.00,120.00,1520.00,GCASH,PAID,COMPLETED,TXN-GCA-65359859
ORD-20260921-01558-A3078,2026-09-21 09:24:29,ON_SITE,Marian Rivera,Crispy Seafood Basket x2; Seafood Bilao Feast x1,4360.00,523.20,0.00,4883.20,CASH,PAID,COMPLETED,TXN-CAS-44771984
ORD-20260921-03236-8807B,2026-09-21 09:24:35,ONLINE,Ana Reyes,Sweet & Chili Crab Bucket x1; Seafood Bilao Feast x1,4350.00,522.00,85.00,4957.00,HYBRID (Cash + GCash),PAID,COMPLETED,TXN-HYB-75439282
ORD-20260921-02221-7A945,2026-09-21 09:27:21,ONLINE,Ana Reyes,Fresh Calamansi Juice Pitcher x1; Sweet & Chili Crab Bucket x2,4180.00,501.60,100.00,4781.60,SPLIT (Cash + GCash),PAID,COMPLETED,TXN-SPL-26621495
ORD-20260921-03808-F9C83,2026-09-21 09:28:59,ONLINE,Juan Tamad,Fresh Calamansi Juice Pitcher x1; Grilled Seafood Platter x2; Sweet & Chili Crab Bucket x1,6430.00,771.60,75.00,7276.60,GCASH,PAID,COMPLETED,TXN-GCA-35627852
ORD-20260921-01787-3228A,2026-09-21 09:29:27,ON_SITE,Ana Reyes,Sweet & Chili Crab Bucket x1; Garlic Butter Prawns x1,3200.00,384.00,0.00,3584.00,GCASH,PAID,COMPLETED,TXN-GCA-26687743
ORD-20260921-02903-022A8,2026-09-21 09:34:46,ON_SITE,Dindo Dela Cruz,Seafood Cajun Boil x1; Seafood Bilao Feast x1,4250.00,510.00,0.00,4760.00,CASH,PAID,COMPLETED,TXN-CAS-76846395
ORD-20260921-00041-B6D15,2026-09-21 09:35:23,ONLINE,Juan Tamad,Garlic Butter Prawns x2; Grilled Seafood Platter x1; Fresh Calamansi Juice Pitcher x1,4880.00,585.60,60.00,5525.60,CASH,PENDING,IN_PROCESS,N/A
ORD-20260921-02913-B6E25,2026-09-21 09:39:01,ONLINE,Mark Bautista,Seafood Bilao Feast x1,2400.00,288.00,75.00,2763.00,SPLIT (Cash + GCash),PAID,COMPLETED,TXN-SPL-47797482
ORD-20260921-03266-427FB,2026-09-21 09:42:41,ONLINE,Mark Bautista,Fresh Calamansi Juice Pitcher x1; Classic Seafood Paella x1,1930.00,231.60,85.00,2246.60,HYBRID (Cash + GCash),PAID,COMPLETED,TXN-HYB-49885105
ORD-20260921-03032-7FD5C,2026-09-21 09:43:07,ON_SITE,Mark Bautista,Sweet & Chili Crab Bucket x1; Grilled Seafood Platter x1; Fresh Calamansi Juice Pitcher x1,4330.00,519.60,0.00,4849.60,GCASH,PAID,COMPLETED,TXN-GCA-85456445
ORD-20260921-04269-D5043,2026-09-21 09:43:11,ON_SITE,Mark Bautista,Seafood Bilao Feast x1; Classic Seafood Paella x1,4050.00,486.00,0.00,4536.00,HYBRID (Cash + GCash),PAID,COMPLETED,TXN-HYB-41152638
ORD-20260921-04432-99F2E,2026-09-21 09:43:11,ON_SITE,Mark Bautista,Seafood Bilao Feast x2,4800.00,576.00,0.00,5376.00,SPLIT (Cash + GCash),PAID,COMPLETED,TXN-SPL-12431158
ORD-20260921-00591-A71B3,2026-09-21 09:45:18,ONLINE,Pedro Penduko,Seafood Cajun Boil x1,1850.00,222.00,50.00,2122.00,COD,PAID,COMPLETED,TXN-COD-99262471
ORD-20260921-03342-B9C78,2026-09-21 09:47:44,ONLINE,Lisa Manoban,Classic Seafood Paella x1; Fresh Calamansi Juice Pitcher x3,2490.00,298.80,120.00,2908.80,SPLIT (Cash + GCash),PAID,COMPLETED,TXN-SPL-91061573
ORD-20260921-01722-54FC3,2026-09-21 09:49:29,ONLINE,Ana Reyes,Garlic Butter Prawns x1; Crispy Seafood Basket x1; Seafood Cajun Boil x1,4080.00,489.60,50.00,4619.60,GCASH,PAID,COMPLETED,TXN-GCA-92583730
ORD-20260921-00618-1E252,2026-09-21 09:51:20,ON_SITE,Juan Tamad,Seafood Bilao Feast x1; Classic Seafood Paella x2,5700.00,684.00,0.00,6384.00,GCASH,PAID,COMPLETED,TXN-GCA-65400893
ORD-20260921-01597-7EFFE,2026-09-21 09:54:43,ONLINE,Ana Reyes,Fresh Calamansi Juice Pitcher x1,280.00,33.60,50.00,363.60,CASH,PAID,COMPLETED,TXN-CAS-80327196
ORD-20260921-02347-59158,2026-09-21 10:01:30,ON_SITE,Lisa Manoban,Fresh Calamansi Juice Pitcher x1,280.00,33.60,0.00,313.60,GCASH,PAID,COMPLETED,TXN-GCA-59762552
ORD-20260921-03376-6A8D4,2026-09-21 10:02:15,ONLINE,Pedro Penduko,Classic Seafood Paella x1; Crispy Seafood Basket x1; Garlic Butter Prawns x1,3880.00,465.60,50.00,4395.60,CASH,PAID,COMPLETED,TXN-CAS-15997132
ORD-20260921-04828-E18B3,2026-09-21 10:04:00,ONLINE,Lisa Manoban,Garlic Butter Prawns x1,1250.00,150.00,50.00,1450.00,GCASH,PENDING,IN_PROCESS,N/A
ORD-20260921-02030-5ACE5,2026-09-21 10:04:32,ONLINE,Pedro Penduko,Seafood Bilao Feast x1; Fresh Calamansi Juice Pitcher x1; Classic Seafood Paella x1; Garlic Butter Prawns x1,5580.00,669.60,60.00,6309.60,COD,REFUNDED,CANCELLED,N/A
ORD-20260921-03121-D3F7C,2026-09-21 10:04:41,ONLINE,Ana Reyes,Seafood Cajun Boil x1,1850.00,222.00,50.00,2122.00,CASH,PAID,COMPLETED,TXN-CAS-26297458
ORD-20260921-00684-40BD0,2026-09-21 10:07:04,ONLINE,Pedro Penduko,Sweet & Chili Crab Bucket x1; Grilled Seafood Platter x2; Garlic Butter Prawns x2; Crispy Seafood Basket x1,9630.00,1155.60,75.00,10860.60,MAYA,PAID,COMPLETED,TXN-MAY-90857465
ORD-20260921-03173-B8A10,2026-09-21 10:07:15,ON_SITE,Dindo Dela Cruz,Seafood Bilao Feast x2; Garlic Butter Prawns x1,6050.00,726.00,0.00,6776.00,CASH,PAID,COMPLETED,TXN-CAS-91668642
ORD-20260921-00855-98D40,2026-09-21 10:07:38,ONLINE,Lisa Manoban,Grilled Seafood Platter x1; Seafood Bilao Feast x3,9300.00,1116.00,60.00,10476.00,HYBRID (Cash + GCash),PAID,COMPLETED,TXN-HYB-46248088
ORD-20260921-00372-02BE8,2026-09-21 10:07:55,ONLINE,Clara Dizon,Crispy Seafood Basket x2,1960.00,235.20,100.00,2295.20,HYBRID (Cash + GCash),PAID,COMPLETED,TXN-HYB-14034706
ORD-20260921-03369-BBFA2,2026-09-21 10:08:25,ON_SITE,Dindo Dela Cruz,Crispy Seafood Basket x2; Classic Seafood Paella x1,3610.00,433.20,0.00,4043.20,SPLIT (Cash + GCash),PAID,COMPLETED,TXN-SPL-32313544
ORD-20260921-01322-3DB35,2026-09-21 10:09:05,ON_SITE,Kathryn Bernardo,Seafood Bilao Feast x1; Grilled Seafood Platter x1,4500.00,540.00,0.00,5040.00,HYBRID (Cash + GCash),PAID,COMPLETED,TXN-HYB-78645036
ORD-20260921-03230-C6C64,2026-09-21 10:12:55,ON_SITE,Lisa Manoban,Fresh Calamansi Juice Pitcher x1,280.00,33.60,0.00,313.60,CASH,PAID,COMPLETED,TXN-CAS-17776216
ORD-20260921-02582-50DC0,2026-09-21 10:13:22,ON_SITE,Sarah Geronimo,Seafood Cajun Boil x1,1850.00,222.00,0.00,2072.00,HYBRID (Cash + GCash),PAID,COMPLETED,TXN-HYB-14388755
ORD-20260921-00330-3724C,2026-09-21 10:14:07,ON_SITE,Clara Dizon,Sweet & Chili Crab Bucket x1,1950.00,234.00,0.00,2184.00,SPLIT (Cash + GCash),PAID,COMPLETED,TXN-SPL-32891781
ORD-20260921-00560-4E496,2026-09-21 10:15:47,ON_SITE,Dingdong Dantes,Fresh Calamansi Juice Pitcher x1,280.00,33.60,0.00,313.60,CASH,PAID,COMPLETED,TXN-CAS-87603440
ORD-20260921-04498-3267E,2026-09-21 10:16:20,ONLINE,Ana Reyes,Sweet & Chili Crab Bucket x1; Crispy Seafood Basket x2,3910.00,469.20,120.00,4499.20,GCASH,PAID,COMPLETED,TXN-GCA-64270964
ORD-20260921-03304-AFF4D,2026-09-21 10:18:10,ON_SITE,Katrina Halili,Classic Seafood Paella x1,1650.00,198.00,0.00,1848.00,GCASH,PAID,COMPLETED,TXN-GCA-46213936
ORD-20260921-04615-3C15D,2026-09-21 10:18:15,ONLINE,Clara Dizon,Sweet & Chili Crab Bucket x1,1950.00,234.00,50.00,2234.00,MAYA,PAID,COMPLETED,TXN-MAY-10322360
ORD-20260921-02059-4DD0E,2026-09-21 10:19:31,ON_SITE,Carlos Mendoza,Seafood Cajun Boil x2; Grilled Seafood Platter x1; Seafood Bilao Feast x1,8200.00,984.00,0.00,9184.00,CASH,PENDING,CANCELLED,N/A
ORD-20260921-01006-70B24,2026-09-21 10:20:08,ONLINE,Pedro Penduko,Grilled Seafood Platter x1; Seafood Cajun Boil x1,3950.00,474.00,75.00,4499.00,SPLIT (Cash + GCash),PAID,COMPLETED,TXN-SPL-62747084
ORD-20260921-02815-95447,2026-09-21 10:20:56,ON_SITE,Katrina Halili,Seafood Bilao Feast x1; Garlic Butter Prawns x1,3650.00,438.00,0.00,4088.00,GCASH,PAID,COMPLETED,TXN-GCA-41221002
ORD-20260921-02643-AECCE,2026-09-21 10:22:51,ONLINE,Clara Dizon,Classic Seafood Paella x1,1650.00,198.00,50.00,1898.00,COD,PAID,COMPLETED,TXN-COD-12322287
ORD-20260921-02504-6CBD8,2026-09-21 10:23:10,ONLINE,Ana Reyes,Fresh Calamansi Juice Pitcher x1; Grilled Seafood Platter x1; Sweet & Chili Crab Bucket x1,4330.00,519.60,75.00,4924.60,SPLIT (Cash + GCash),PAID,COMPLETED,TXN-SPL-65853930
ORD-20260921-02489-92F30,2026-09-21 10:23:20,ONLINE,Lisa Manoban,Crispy Seafood Basket x1,980.00,117.60,60.00,1157.60,HYBRID (Cash + GCash),PAID,COMPLETED,TXN-HYB-81902595
ORD-20260921-00338-287A2,2026-09-21 10:27:49,ON_SITE,Kathryn Bernardo,Fresh Calamansi Juice Pitcher x1; Classic Seafood Paella x2,3580.00,429.60,0.00,4009.60,CASH,PAID,COMPLETED,TXN-CAS-11455923
ORD-20260921-00947-B1EEE,2026-09-21 10:30:35,ONLINE,Mark Bautista,Seafood Bilao Feast x2,4800.00,576.00,50.00,5426.00,CASH,PAID,COMPLETED,TXN-CAS-47641124
ORD-20260921-03461-3A76E,2026-09-21 10:30:47,ONLINE,Ana Reyes,Crispy Seafood Basket x1; Fresh Calamansi Juice Pitcher x1,1260.00,151.20,120.00,1531.20,GCASH,PENDING,IN_PROCESS,N/A
ORD-20260921-00616-234F8,2026-09-21 10:32:37,ON_SITE,Carlos Mendoza,Seafood Bilao Feast x1,2400.00,288.00,0.00,2688.00,CASH,PAID,COMPLETED,TXN-CAS-88087805
ORD-20260921-02650-4CF8C,2026-09-21 10:36:35,ON_SITE,Lisa Manoban,Garlic Butter Prawns x1; Seafood Bilao Feast x1,3650.00,438.00,0.00,4088.00,GCASH,PENDING,IN_PROCESS,N/A
ORD-20260921-01817-F26C0,2026-09-21 10:37:32,ONLINE,Ana Reyes,Garlic Butter Prawns x1; Classic Seafood Paella x1,2900.00,348.00,120.00,3368.00,HYBRID (Cash + GCash),PAID,COMPLETED,TXN-HYB-27200996
ORD-20260921-03747-B0932,2026-09-21 10:39:02,ONLINE,Pedro Penduko,Crispy Seafood Basket x1,980.00,117.60,50.00,1147.60,HYBRID (Cash + GCash),PAID,COMPLETED,TXN-HYB-82835511
ORD-20260921-04118-20A09,2026-09-21 10:40:50,ONLINE,Mark Bautista,Sweet & Chili Crab Bucket x1; Grilled Seafood Platter x2,6150.00,738.00,75.00,6963.00,HYBRID (Cash + GCash),PAID,COMPLETED,TXN-HYB-61518812
ORD-20260921-02646-58FA9,2026-09-21 10:41:14,ONLINE,Clara Dizon,Classic Seafood Paella x1; Seafood Bilao Feast x2; Garlic Butter Prawns x2,8950.00,1074.00,60.00,10084.00,HYBRID (Cash + GCash),PAID,COMPLETED,TXN-HYB-17761959
ORD-20260921-04596-63E85,2026-09-21 10:41:18,ON_SITE,Mark Bautista,Seafood Bilao Feast x1; Garlic Butter Prawns x1,3650.00,438.00,0.00,4088.00,CASH,PAID,COMPLETED,TXN-CAS-76694236
ORD-20260921-00448-93F90,2026-09-21 10:41:32,ONLINE,Clara Dizon,Seafood Bilao Feast x1; Fresh Calamansi Juice Pitcher x1,2680.00,321.60,120.00,3121.60,GCASH,PAID,COMPLETED,TXN-GCA-98025182
ORD-20260921-04117-C3551,2026-09-21 10:43:04,ONLINE,Pedro Penduko,Garlic Butter Prawns x2; Seafood Bilao Feast x1,4900.00,588.00,85.00,5573.00,CASH,PAID,COMPLETED,TXN-CAS-59882573
ORD-20260921-04795-1F0D7,2026-09-21 10:43:37,ONLINE,Lisa Manoban,Sweet & Chili Crab Bucket x2; Seafood Cajun Boil x1; Grilled Seafood Platter x1; Crispy Seafood Basket x1,8830.00,1059.60,100.00,9989.60,GCASH,PAID,COMPLETED,TXN-GCA-58641440
ORD-20260921-01250-3AD90,2026-09-21 10:44:13,ON_SITE,Dindo Dela Cruz,Sweet & Chili Crab Bucket x1,1950.00,234.00,0.00,2184.00,CASH,PAID,COMPLETED,TXN-CAS-13042986
ORD-20260921-01878-B95DD,2026-09-21 10:46:10,ON_SITE,Marian Rivera,Fresh Calamansi Juice Pitcher x1; Grilled Seafood Platter x2; Seafood Cajun Boil x1,6330.00,759.60,0.00,7089.60,SPLIT (Cash + GCash),PAID,COMPLETED,TXN-SPL-43268407
ORD-20260921-00454-C15B3,2026-09-21 10:50:56,ONLINE,Ana Reyes,Grilled Seafood Platter x1; Fresh Calamansi Juice Pitcher x2,2660.00,319.20,120.00,3099.20,GCASH,PAID,COMPLETED,TXN-GCA-12643280
ORD-20260921-03465-EFFCB,2026-09-21 10:50:58,ON_SITE,Katrina Halili,Seafood Cajun Boil x1,1850.00,222.00,0.00,2072.00,SPLIT (Cash + GCash),PAID,COMPLETED,TXN-SPL-89266701
ORD-20260921-04323-36B1A,2026-09-21 10:52:09,ONLINE,Lisa Manoban,Garlic Butter Prawns x3,3750.00,450.00,100.00,4300.00,CASH,PAID,COMPLETED,TXN-CAS-13968626
ORD-20260921-02947-7CE57,2026-09-21 10:53:26,ONLINE,Juan Tamad,Seafood Bilao Feast x1; Crispy Seafood Basket x1; Classic Seafood Paella x1; Fresh Calamansi Juice Pitcher x1,5310.00,637.20,60.00,6007.20,HYBRID (Cash + GCash),PAID,COMPLETED,TXN-HYB-75976824
ORD-20260921-04535-EF8EE,2026-09-21 10:56:41,ON_SITE,Bea Alonzo,Crispy Seafood Basket x2,1960.00,235.20,0.00,2195.20,SPLIT (Cash + GCash),PAID,COMPLETED,TXN-SPL-82563645
ORD-20260921-00222-1BF00,2026-09-21 10:57:36,ONLINE,Pedro Penduko,Sweet & Chili Crab Bucket x1,1950.00,234.00,100.00,2284.00,COD,PAID,COMPLETED,TXN-COD-57495539
ORD-20260921-01934-F799E,2026-09-21 10:59:00,ON_SITE,Katrina Halili,Fresh Calamansi Juice Pitcher x1; Sweet & Chili Crab Bucket x1,2230.00,267.60,0.00,2497.60,GCASH,PAID,COMPLETED,TXN-GCA-99475391
ORD-20260921-01341-00CC1,2026-09-21 10:59:47,ON_SITE,Ana Reyes,Grilled Seafood Platter x2,4200.00,504.00,0.00,4704.00,CASH,PAID,COMPLETED,TXN-CAS-63700322
ORD-20260921-01812-042F3,2026-09-21 11:01:52,ONLINE,Mark Bautista,Garlic Butter Prawns x1,1250.00,150.00,85.00,1485.00,GCASH,PAID,COMPLETED,TXN-GCA-44701958
ORD-20260921-02241-B71BF,2026-09-21 11:03:55,ON_SITE,Alden Richards,Fresh Calamansi Juice Pitcher x2; Grilled Seafood Platter x1,2660.00,319.20,0.00,2979.20,GCASH,PAID,COMPLETED,TXN-GCA-11552990
ORD-20260921-04583-7DDFB,2026-09-21 11:04:26,ON_SITE,Pedro Penduko,Garlic Butter Prawns x1; Seafood Bilao Feast x1,3650.00,438.00,0.00,4088.00,CASH,PAID,COMPLETED,TXN-CAS-20415829
ORD-20260921-02284-29E18,2026-09-21 11:06:15,ONLINE,Clara Dizon,Fresh Calamansi Juice Pitcher x2,560.00,67.20,50.00,677.20,GCASH,PAID,COMPLETED,TXN-GCA-96773949
ORD-20260921-01753-B7022,2026-09-21 11:07:24,ONLINE,Clara Dizon,Classic Seafood Paella x1; Sweet & Chili Crab Bucket x1,3600.00,432.00,50.00,4082.00,GCASH,PAID,COMPLETED,TXN-GCA-19812665
ORD-20260921-04022-1DC96,2026-09-21 11:08:46,ONLINE,Lisa Manoban,Crispy Seafood Basket x1; Classic Seafood Paella x1; Fresh Calamansi Juice Pitcher x1,2910.00,349.20,85.00,3344.20,SPLIT (Cash + GCash),PAID,COMPLETED,TXN-SPL-46898972
ORD-20260921-02346-B0A69,2026-09-21 11:09:05,ONLINE,Ana Reyes,Seafood Bilao Feast x1; Seafood Cajun Boil x1,4250.00,510.00,50.00,4810.00,GCASH,PAID,IN_PROCESS,TXN-GCA-84340646
ORD-20260921-04789-6B238,2026-09-21 11:11:55,ON_SITE,Giselle Hernandez,Grilled Seafood Platter x2,4200.00,504.00,0.00,4704.00,MAYA,PAID,COMPLETED,TXN-MAY-74676881
ORD-20260921-01778-2C9EC,2026-09-21 11:12:48,ONLINE,Mark Bautista,Grilled Seafood Platter x1; Classic Seafood Paella x1,3750.00,450.00,100.00,4300.00,MAYA,PAID,COMPLETED,TXN-MAY-48487454
ORD-20260921-03034-720C2,2026-09-21 11:14:29,ON_SITE,Bea Alonzo,Seafood Cajun Boil x2; Fresh Calamansi Juice Pitcher x3,4540.00,544.80,0.00,5084.80,CASH,PAID,COMPLETED,TXN-CAS-91388257
ORD-20260921-01741-98D0C,2026-09-21 11:14:57,ON_SITE,Marian Rivera,Seafood Cajun Boil x2; Crispy Seafood Basket x1; Grilled Seafood Platter x1,6780.00,813.60,0.00,7593.60,CASH,PAID,COMPLETED,TXN-CAS-56721309
ORD-20260921-03812-119EF,2026-09-21 11:15:27,ONLINE,Juan Tamad,Grilled Seafood Platter x2; Garlic Butter Prawns x2; Classic Seafood Paella x1,8350.00,1002.00,60.00,9412.00,SPLIT (Cash + GCash),PAID,COMPLETED,TXN-SPL-73377811
ORD-20260921-04790-0715C,2026-09-21 11:16:13,ON_SITE,Ferdinand Marcos,Crispy Seafood Basket x1,980.00,117.60,0.00,1097.60,GCASH,PAID,COMPLETED,TXN-GCA-36837965
ORD-20260921-04865-091F0,2026-09-21 11:16:58,ON_SITE,Juan Tamad,Seafood Bilao Feast x1,2400.00,288.00,0.00,2688.00,CASH,PAID,COMPLETED,TXN-CAS-80590291
ORD-20260921-00604-64AC3,2026-09-21 11:18:16,ON_SITE,Sarah Geronimo,Sweet & Chili Crab Bucket x1,1950.00,234.00,0.00,2184.00,HYBRID (Cash + GCash),PAID,COMPLETED,TXN-HYB-79372845
ORD-20260921-04529-FFCBB,2026-09-21 11:19:46,ONLINE,Clara Dizon,Garlic Butter Prawns x2,2500.00,300.00,75.00,2875.00,GCASH,PAID,COMPLETED,TXN-GCA-99187285
ORD-20260921-00415-62C86,2026-09-21 11:22:12,ON_SITE,Bea Alonzo,Fresh Calamansi Juice Pitcher x1; Garlic Butter Prawns x1,1530.00,183.60,0.00,1713.60,CASH,PAID,COMPLETED,TXN-CAS-62354774
ORD-20260921-01725-9B2C1,2026-09-21 11:23:35,ONLINE,Ana Reyes,Garlic Butter Prawns x1; Seafood Bilao Feast x1,3650.00,438.00,85.00,4173.00,HYBRID (Cash + GCash),PAID,COMPLETED,TXN-HYB-77947950
ORD-20260921-03834-83373,2026-09-21 11:24:52,ON_SITE,Bea Alonzo,Fresh Calamansi Juice Pitcher x1; Grilled Seafood Platter x1,2380.00,285.60,0.00,2665.60,CASH,PAID,COMPLETED,TXN-CAS-83560301
ORD-20260921-02485-5E471,2026-09-21 11:26:22,ON_SITE,Maria Clara Santos,Grilled Seafood Platter x1,2100.00,252.00,0.00,2352.00,CASH,PAID,COMPLETED,TXN-CAS-33632555
ORD-20260921-01685-B3487,2026-09-21 11:30:53,ON_SITE,Marian Rivera,Classic Seafood Paella x1,1650.00,198.00,0.00,1848.00,GCASH,PAID,COMPLETED,TXN-GCA-94935401
ORD-20260921-01554-62EF9,2026-09-21 11:35:02,ONLINE,Pedro Penduko,Fresh Calamansi Juice Pitcher x1; Sweet & Chili Crab Bucket x2; Seafood Bilao Feast x1,6580.00,789.60,100.00,7469.60,CASH,PAID,COMPLETED,TXN-CAS-27038714
ORD-20260921-03202-02929,2026-09-21 11:35:09,ON_SITE,Giselle Hernandez,Crispy Seafood Basket x1; Seafood Bilao Feast x1; Seafood Cajun Boil x1,5230.00,627.60,0.00,5857.60,CASH,PENDING,CANCELLED,N/A
ORD-20260921-02911-F4AE8,2026-09-21 11:36:12,ONLINE,Clara Dizon,Seafood Cajun Boil x1; Classic Seafood Paella x1; Fresh Calamansi Juice Pitcher x2; Crispy Seafood Basket x1,5040.00,604.80,120.00,5764.80,GCASH,PAID,COMPLETED,TXN-GCA-44192245
ORD-20260921-00444-BFE28,2026-09-21 11:37:29,ONLINE,Lisa Manoban,Seafood Bilao Feast x3; Seafood Cajun Boil x1; Sweet & Chili Crab Bucket x1; Grilled Seafood Platter x1,13100.00,1572.00,85.00,14757.00,GCASH,PAID,COMPLETED,TXN-GCA-22064098
ORD-20260921-01045-FBFA1,2026-09-21 11:37:30,ONLINE,Juan Tamad,Grilled Seafood Platter x1; Sweet & Chili Crab Bucket x1; Seafood Bilao Feast x1,6450.00,774.00,50.00,7274.00,GCASH,PAID,COMPLETED,TXN-GCA-96858478
ORD-20260921-02443-2008B,2026-09-21 11:37:47,ON_SITE,Juan Tamad,Crispy Seafood Basket x2,1960.00,235.20,0.00,2195.20,GCASH,PAID,COMPLETED,TXN-GCA-29136983
ORD-20260921-04033-1305C,2026-09-21 11:41:10,ONLINE,Juan Tamad,Sweet & Chili Crab Bucket x1; Seafood Bilao Feast x3,9150.00,1098.00,50.00,10298.00,GCASH,PAID,COMPLETED,TXN-GCA-31730197
ORD-20260921-00302-3ABF1,2026-09-21 11:41:11,ONLINE,Lisa Manoban,Crispy Seafood Basket x1,980.00,117.60,120.00,1217.60,GCASH,PENDING,IN_PROCESS,N/A
ORD-20260921-04998-A1B6C,2026-09-21 11:41:35,ONLINE,Mark Bautista,Grilled Seafood Platter x1,2100.00,252.00,85.00,2437.00,GCASH,PAID,COMPLETED,TXN-GCA-22004797
ORD-20260921-03541-7D028,2026-09-21 11:43:40,ON_SITE,Sarah Geronimo,Classic Seafood Paella x1; Sweet & Chili Crab Bucket x1; Crispy Seafood Basket x2; Grilled Seafood Platter x2,9760.00,1171.20,0.00,10931.20,HYBRID (Cash + GCash),PAID,COMPLETED,TXN-HYB-83884888
ORD-20260921-02209-7B58B,2026-09-21 11:47:13,ON_SITE,Ana Reyes,Sweet & Chili Crab Bucket x1; Crispy Seafood Basket x1,2930.00,351.60,0.00,3281.60,SPLIT (Cash + GCash),PENDING,CANCELLED,N/A
ORD-20260921-04437-D94EC,2026-09-21 11:47:20,ONLINE,Pedro Penduko,Grilled Seafood Platter x2; Crispy Seafood Basket x1; Classic Seafood Paella x1; Fresh Calamansi Juice Pitcher x2,7390.00,886.80,85.00,8361.80,SPLIT (Cash + GCash),PAID,COMPLETED,TXN-SPL-58601064
ORD-20260921-02363-D1594,2026-09-21 11:48:04,ON_SITE,Clara Dizon,Crispy Seafood Basket x1; Seafood Bilao Feast x2; Sweet & Chili Crab Bucket x1,7730.00,927.60,0.00,8657.60,GCASH,PAID,COMPLETED,TXN-GCA-59194758
ORD-20260921-04588-69EAE,2026-09-21 11:53:10,ON_SITE,Alden Richards,Crispy Seafood Basket x2; Sweet & Chili Crab Bucket x1; Fresh Calamansi Juice Pitcher x1; Classic Seafood Paella x1,5840.00,700.80,0.00,6540.80,HYBRID (Cash + GCash),PAID,COMPLETED,TXN-HYB-20249429
ORD-20260921-01853-2A7CC,2026-09-21 11:56:20,ONLINE,Lisa Manoban,Sweet & Chili Crab Bucket x1,1950.00,234.00,100.00,2284.00,COD,PAID,COMPLETED,TXN-COD-39352586
ORD-20260921-03377-23E95,2026-09-21 11:57:17,ONLINE,Lisa Manoban,Crispy Seafood Basket x1,980.00,117.60,75.00,1172.60,GCASH,PAID,COMPLETED,TXN-GCA-28706771
ORD-20260921-04613-75BA5,2026-09-21 11:58:15,ON_SITE,Dingdong Dantes,Garlic Butter Prawns x1,1250.00,150.00,0.00,1400.00,CASH,PAID,COMPLETED,TXN-CAS-73950843
ORD-20260921-04380-19A60,2026-09-21 11:58:43,ON_SITE,Pedro Penduko,Garlic Butter Prawns x2; Seafood Bilao Feast x1,4900.00,588.00,0.00,5488.00,CASH,PAID,COMPLETED,TXN-CAS-90302323
ORD-20260921-00509-28857,2026-09-21 12:00:30,ONLINE,Lisa Manoban,Fresh Calamansi Juice Pitcher x2; Crispy Seafood Basket x1,1540.00,184.80,50.00,1774.80,MAYA,PAID,COMPLETED,TXN-MAY-66558523
ORD-20260921-00998-7873A,2026-09-21 12:00:37,ONLINE,Clara Dizon,Grilled Seafood Platter x2,4200.00,504.00,85.00,4789.00,MAYA,PAID,COMPLETED,TXN-MAY-82468994
ORD-20260921-01749-E0344,2026-09-21 12:01:24,ONLINE,Ana Reyes,Garlic Butter Prawns x1; Seafood Cajun Boil x3,6800.00,816.00,60.00,7676.00,SPLIT (Cash + GCash),PAID,COMPLETED,TXN-SPL-65642264
ORD-20260921-01651-F72F2,2026-09-21 12:04:59,ON_SITE,Mark Bautista,Sweet & Chili Crab Bucket x1; Classic Seafood Paella x2,5250.00,630.00,0.00,5880.00,HYBRID (Cash + GCash),PAID,COMPLETED,TXN-HYB-41721747
ORD-20260921-03499-88856,2026-09-21 12:10:31,ON_SITE,Clara Dizon,Crispy Seafood Basket x1; Sweet & Chili Crab Bucket x1; Seafood Cajun Boil x1; Fresh Calamansi Juice Pitcher x1,5060.00,607.20,0.00,5667.20,SPLIT (Cash + GCash),PAID,COMPLETED,TXN-SPL-33463200
ORD-20260921-01412-CF0FC,2026-09-21 12:11:11,ON_SITE,Juan Tamad,Grilled Seafood Platter x1; Fresh Calamansi Juice Pitcher x1,2380.00,285.60,0.00,2665.60,CASH,PAID,COMPLETED,TXN-CAS-89439903
ORD-20260921-01025-04A2E,2026-09-21 12:12:18,ON_SITE,Mark Bautista,Grilled Seafood Platter x2,4200.00,504.00,0.00,4704.00,GCASH,PAID,COMPLETED,TXN-GCA-65335387
ORD-20260921-03939-05A81,2026-09-21 12:18:17,ONLINE,Pedro Penduko,Seafood Cajun Boil x1; Garlic Butter Prawns x1,3100.00,372.00,50.00,3522.00,GCASH,PAID,COMPLETED,TXN-GCA-38400050
ORD-20260921-03652-CFAB7,2026-09-21 12:18:23,ON_SITE,Ferdinand Marcos,Fresh Calamansi Juice Pitcher x2; Classic Seafood Paella x2,3860.00,463.20,0.00,4323.20,MAYA,PAID,COMPLETED,TXN-MAY-19115914
ORD-20260921-03403-0DD24,2026-09-21 12:21:45,ONLINE,Clara Dizon,Fresh Calamansi Juice Pitcher x2,560.00,67.20,100.00,727.20,HYBRID (Cash + GCash),PAID,IN_PROCESS,TXN-HYB-38888595
ORD-20260921-00198-E45A5,2026-09-21 12:23:43,ONLINE,Pedro Penduko,Fresh Calamansi Juice Pitcher x1; Classic Seafood Paella x1,1930.00,231.60,50.00,2211.60,HYBRID (Cash + GCash),PAID,COMPLETED,TXN-HYB-85766071
ORD-20260921-03679-EC921,2026-09-21 12:23:44,ONLINE,Juan Tamad,Sweet & Chili Crab Bucket x3,5850.00,702.00,120.00,6672.00,HYBRID (Cash + GCash),PAID,COMPLETED,TXN-HYB-61414635
ORD-20260921-03849-0A7FA,2026-09-21 12:25:18,ONLINE,Pedro Penduko,Crispy Seafood Basket x1; Seafood Cajun Boil x2,4680.00,561.60,100.00,5341.60,GCASH,PAID,COMPLETED,TXN-GCA-10281343
ORD-20260921-01607-D0123,2026-09-21 12:27:13,ON_SITE,Ana Reyes,Garlic Butter Prawns x2; Classic Seafood Paella x1; Fresh Calamansi Juice Pitcher x2; Crispy Seafood Basket x1,5690.00,682.80,0.00,6372.80,CASH,PAID,COMPLETED,TXN-CAS-93577485
ORD-20260921-04243-3B699,2026-09-21 12:27:21,ONLINE,Juan Tamad,Sweet & Chili Crab Bucket x1,1950.00,234.00,60.00,2244.00,GCASH,PAID,COMPLETED,TXN-GCA-30390470
ORD-20260921-01375-0F32B,2026-09-21 12:29:29,ONLINE,Mark Bautista,Seafood Bilao Feast x1,2400.00,288.00,60.00,2748.00,MAYA,PAID,COMPLETED,TXN-MAY-93298178
ORD-20260921-00833-D7189,2026-09-21 12:31:14,ONLINE,Pedro Penduko,Garlic Butter Prawns x1; Fresh Calamansi Juice Pitcher x2; Sweet & Chili Crab Bucket x2,5710.00,685.20,50.00,6445.20,SPLIT (Cash + GCash),PAID,COMPLETED,TXN-SPL-72544013
ORD-20260921-04271-13BB4,2026-09-21 12:31:36,ONLINE,Ana Reyes,Grilled Seafood Platter x2; Crispy Seafood Basket x2,6160.00,739.20,100.00,6999.20,MAYA,PAID,COMPLETED,TXN-MAY-68317266
ORD-20260921-00522-87DC2,2026-09-21 12:31:46,ONLINE,Clara Dizon,Sweet & Chili Crab Bucket x2,3900.00,468.00,120.00,4488.00,HYBRID (Cash + GCash),PAID,COMPLETED,TXN-HYB-64415964
ORD-20260921-02307-BCBCF,2026-09-21 12:31:52,ONLINE,Clara Dizon,Crispy Seafood Basket x1,980.00,117.60,120.00,1217.60,HYBRID (Cash + GCash),PAID,COMPLETED,TXN-HYB-90324632
ORD-20260921-03218-AC373,2026-09-21 12:33:39,ON_SITE,Mark Bautista,Sweet & Chili Crab Bucket x1,1950.00,234.00,0.00,2184.00,HYBRID (Cash + GCash),PAID,COMPLETED,TXN-HYB-96713367
ORD-20260921-01840-34853,2026-09-21 12:37:05,ONLINE,Lisa Manoban,Sweet & Chili Crab Bucket x3,5850.00,702.00,85.00,6637.00,GCASH,PAID,COMPLETED,TXN-GCA-64062979
ORD-20260921-00565-ADE72,2026-09-21 12:37:37,ONLINE,Lisa Manoban,Fresh Calamansi Juice Pitcher x1; Seafood Cajun Boil x1; Sweet & Chili Crab Bucket x1,4080.00,489.60,120.00,4689.60,HYBRID (Cash + GCash),REFUNDED,CANCELLED,N/A
ORD-20260921-03450-1E307,2026-09-21 12:38:16,ONLINE,Juan Tamad,Seafood Bilao Feast x1; Seafood Cajun Boil x1,4250.00,510.00,75.00,4835.00,HYBRID (Cash + GCash),FAILED,CANCELLED,N/A
ORD-20260921-03551-A01CB,2026-09-21 12:38:55,ONLINE,Mark Bautista,Classic Seafood Paella x1,1650.00,198.00,100.00,1948.00,HYBRID (Cash + GCash),PAID,COMPLETED,TXN-HYB-69444189
ORD-20260921-04123-FED64,2026-09-21 12:39:04,ON_SITE,Juan Tamad,Classic Seafood Paella x1; Grilled Seafood Platter x3; Crispy Seafood Basket x1,8930.00,1071.60,0.00,10001.60,CASH,PAID,COMPLETED,TXN-CAS-79772220
ORD-20260921-01982-3ED56,2026-09-21 12:39:48,ONLINE,Lisa Manoban,Seafood Bilao Feast x1,2400.00,288.00,75.00,2763.00,GCASH,PAID,COMPLETED,TXN-GCA-66764870
ORD-20260921-01342-D319E,2026-09-21 12:40:03,ONLINE,Lisa Manoban,Crispy Seafood Basket x1; Fresh Calamansi Juice Pitcher x1; Garlic Butter Prawns x1,2510.00,301.20,120.00,2931.20,GCASH,PENDING,CANCELLED,N/A
ORD-20260921-04396-BEAEA,2026-09-21 12:41:26,ONLINE,Mark Bautista,Grilled Seafood Platter x1; Fresh Calamansi Juice Pitcher x2; Classic Seafood Paella x1,4310.00,517.20,100.00,4927.20,COD,PAID,COMPLETED,TXN-COD-43360474
ORD-20260921-01992-7F050,2026-09-21 12:41:59,ON_SITE,Bea Alonzo,Grilled Seafood Platter x1,2100.00,252.00,0.00,2352.00,CASH,PAID,IN_PROCESS,TXN-CAS-85937022
ORD-20260921-03280-2C97E,2026-09-21 12:42:01,ON_SITE,Ramon Magsaysay Jr.,Garlic Butter Prawns x3; Grilled Seafood Platter x1,5850.00,702.00,0.00,6552.00,CASH,PAID,COMPLETED,TXN-CAS-82024850
ORD-20260921-01397-497AF,2026-09-21 12:42:02,ON_SITE,Dingdong Dantes,Sweet & Chili Crab Bucket x2; Seafood Bilao Feast x1,6300.00,756.00,0.00,7056.00,SPLIT (Cash + GCash),PAID,COMPLETED,TXN-SPL-14078100
ORD-20260921-01711-33DFE,2026-09-21 12:43:08,ONLINE,Juan Tamad,Grilled Seafood Platter x1; Garlic Butter Prawns x1,3350.00,402.00,100.00,3852.00,HYBRID (Cash + GCash),PAID,COMPLETED,TXN-HYB-34610618
ORD-20260921-04259-FE054,2026-09-21 12:43:29,ON_SITE,Carlos Mendoza,Garlic Butter Prawns x1; Seafood Bilao Feast x1,3650.00,438.00,0.00,4088.00,GCASH,PAID,COMPLETED,TXN-GCA-83655731
ORD-20260921-04815-BBD6B,2026-09-21 12:44:43,ON_SITE,Clara Dizon,Sweet & Chili Crab Bucket x2,3900.00,468.00,0.00,4368.00,CASH,PAID,COMPLETED,TXN-CAS-50226817
ORD-20260921-00840-27A60,2026-09-21 12:47:47,ONLINE,Lisa Manoban,Garlic Butter Prawns x1; Grilled Seafood Platter x1,3350.00,402.00,100.00,3852.00,GCASH,PAID,COMPLETED,TXN-GCA-39247834
ORD-20260921-01494-A18F7,2026-09-21 12:47:51,ONLINE,Pedro Penduko,Grilled Seafood Platter x2; Crispy Seafood Basket x1; Sweet & Chili Crab Bucket x2,9080.00,1089.60,50.00,10219.60,GCASH,PAID,COMPLETED,TXN-GCA-95697147
ORD-20260921-02950-B7C97,2026-09-21 12:50:16,ONLINE,Lisa Manoban,Fresh Calamansi Juice Pitcher x1,280.00,33.60,60.00,373.60,HYBRID (Cash + GCash),PAID,COMPLETED,TXN-HYB-29671089
ORD-20260921-01631-BCE10,2026-09-21 12:51:19,ONLINE,Lisa Manoban,Grilled Seafood Platter x1; Crispy Seafood Basket x1; Classic Seafood Paella x3; Seafood Bilao Feast x1,10430.00,1251.60,120.00,11801.60,GCASH,PENDING,IN_PROCESS,N/A
ORD-20260921-00577-18071,2026-09-21 12:51:42,ON_SITE,Pedro Penduko,Fresh Calamansi Juice Pitcher x1,280.00,33.60,0.00,313.60,CASH,PAID,COMPLETED,TXN-CAS-94065700
ORD-20260921-01505-391FC,2026-09-21 12:52:06,ON_SITE,Giselle Hernandez,Crispy Seafood Basket x1,980.00,117.60,0.00,1097.60,GCASH,PAID,COMPLETED,TXN-GCA-82130982
ORD-20260921-01247-A2FB5,2026-09-21 12:52:51,ON_SITE,Lisa Manoban,Seafood Cajun Boil x1,1850.00,222.00,0.00,2072.00,GCASH,PAID,COMPLETED,TXN-GCA-29050694
ORD-20260921-00578-2A0C7,2026-09-21 12:54:41,ONLINE,Mark Bautista,Sweet & Chili Crab Bucket x1; Seafood Cajun Boil x2; Fresh Calamansi Juice Pitcher x1; Classic Seafood Paella x1,7580.00,909.60,50.00,8539.60,CASH,PAID,COMPLETED,TXN-CAS-80725167
ORD-20260921-00044-3A378,2026-09-21 12:58:01,ON_SITE,Ramon Magsaysay Jr.,Garlic Butter Prawns x1; Classic Seafood Paella x1,2900.00,348.00,0.00,3248.00,MAYA,PAID,COMPLETED,TXN-MAY-56536062
ORD-20260921-04198-79084,2026-09-21 12:58:48,ONLINE,Mark Bautista,Fresh Calamansi Juice Pitcher x1,280.00,33.60,100.00,413.60,SPLIT (Cash + GCash),PAID,COMPLETED,TXN-SPL-49567770
ORD-20260921-02476-558B8,2026-09-21 12:59:07,ONLINE,Juan Tamad,Classic Seafood Paella x2; Seafood Bilao Feast x1; Seafood Cajun Boil x1,7550.00,906.00,120.00,8576.00,COD,PAID,COMPLETED,TXN-COD-62946731
ORD-20260921-02525-1406F,2026-09-21 13:04:10,ONLINE,Pedro Penduko,Crispy Seafood Basket x1; Sweet & Chili Crab Bucket x2,4880.00,585.60,85.00,5550.60,CASH,PAID,COMPLETED,TXN-CAS-50143684
ORD-20260921-02019-6CBE1,2026-09-21 13:04:12,ON_SITE,Dindo Dela Cruz,Garlic Butter Prawns x1; Seafood Bilao Feast x1; Sweet & Chili Crab Bucket x1; Fresh Calamansi Juice Pitcher x1,5880.00,705.60,0.00,6585.60,CASH,PAID,COMPLETED,TXN-CAS-88915663
ORD-20260921-04531-86958,2026-09-21 13:07:35,ONLINE,Lisa Manoban,Garlic Butter Prawns x1; Sweet & Chili Crab Bucket x2,5150.00,618.00,60.00,5828.00,HYBRID (Cash + GCash),PAID,IN_PROCESS,TXN-HYB-46171582
ORD-20260921-00792-E389E,2026-09-21 13:09:09,ONLINE,Mark Bautista,Fresh Calamansi Juice Pitcher x1; Sweet & Chili Crab Bucket x1,2230.00,267.60,50.00,2547.60,SPLIT (Cash + GCash),PAID,COMPLETED,TXN-SPL-29118545
ORD-20260921-03859-180E1,2026-09-21 13:10:00,ONLINE,Lisa Manoban,Sweet & Chili Crab Bucket x2; Grilled Seafood Platter x3; Classic Seafood Paella x1,11850.00,1422.00,60.00,13332.00,GCASH,PAID,COMPLETED,TXN-GCA-20394713
ORD-20260921-02496-8F955,2026-09-21 13:12:59,ONLINE,Juan Tamad,Classic Seafood Paella x2,3300.00,396.00,100.00,3796.00,HYBRID (Cash + GCash),PAID,COMPLETED,TXN-HYB-97820790
ORD-20260921-00743-8B821,2026-09-21 13:13:44,ONLINE,Pedro Penduko,Sweet & Chili Crab Bucket x2; Garlic Butter Prawns x1,5150.00,618.00,75.00,5843.00,GCASH,PAID,COMPLETED,TXN-GCA-31527103
ORD-20260921-00125-D0E45,2026-09-21 13:14:29,ONLINE,Juan Tamad,Classic Seafood Paella x1; Grilled Seafood Platter x1,3750.00,450.00,100.00,4300.00,MAYA,PENDING,IN_PROCESS,N/A
ORD-20260921-02799-68A3A,2026-09-21 13:15:18,ONLINE,Ana Reyes,Seafood Bilao Feast x1; Seafood Cajun Boil x2; Classic Seafood Paella x1; Fresh Calamansi Juice Pitcher x2,8310.00,997.20,50.00,9357.20,HYBRID (Cash + GCash),PENDING,IN_PROCESS,N/A
ORD-20260921-00381-032BF,2026-09-21 13:16:06,ON_SITE,Pedro Penduko,Fresh Calamansi Juice Pitcher x2,560.00,67.20,0.00,627.20,GCASH,PAID,COMPLETED,TXN-GCA-80894030
ORD-20260921-02751-91367,2026-09-21 13:17:05,ONLINE,Clara Dizon,Seafood Cajun Boil x1,1850.00,222.00,85.00,2157.00,HYBRID (Cash + GCash),PAID,COMPLETED,TXN-HYB-52173193
ORD-20260921-01966-DAD59,2026-09-21 13:20:07,ON_SITE,Pedro Penduko,Garlic Butter Prawns x2; Seafood Bilao Feast x1,4900.00,588.00,0.00,5488.00,GCASH,PAID,COMPLETED,TXN-GCA-75422430
ORD-20260921-01875-4623F,2026-09-21 13:20:57,ON_SITE,Pedro Penduko,Crispy Seafood Basket x2,1960.00,235.20,0.00,2195.20,MAYA,PAID,COMPLETED,TXN-MAY-29589505
ORD-20260921-01552-69E04,2026-09-21 13:21:26,ON_SITE,Ana Reyes,Crispy Seafood Basket x1; Fresh Calamansi Juice Pitcher x1; Seafood Cajun Boil x1,3110.00,373.20,0.00,3483.20,CASH,PAID,COMPLETED,TXN-CAS-40666909
ORD-20260921-00085-8ABD3,2026-09-21 13:21:47,ON_SITE,Lisa Manoban,Seafood Cajun Boil x1,1850.00,222.00,0.00,2072.00,CASH,PAID,COMPLETED,TXN-CAS-69763800
ORD-20260921-00512-7E89C,2026-09-21 13:23:43,ON_SITE,Mark Bautista,Garlic Butter Prawns x1; Seafood Bilao Feast x2; Crispy Seafood Basket x3,8990.00,1078.80,0.00,10068.80,HYBRID (Cash + GCash),PAID,COMPLETED,TXN-HYB-35950851
ORD-20260921-03035-3F445,2026-09-21 13:26:19,ON_SITE,Pedro Penduko,Seafood Bilao Feast x1; Fresh Calamansi Juice Pitcher x1,2680.00,321.60,0.00,3001.60,CASH,PAID,COMPLETED,TXN-CAS-64368735
ORD-20260921-04819-7F8BC,2026-09-21 13:27:48,ONLINE,Juan Tamad,Crispy Seafood Basket x3,2940.00,352.80,85.00,3377.80,GCASH,PAID,COMPLETED,TXN-GCA-81822356
ORD-20260921-01624-E24E4,2026-09-21 13:33:29,ONLINE,Ana Reyes,Garlic Butter Prawns x1; Sweet & Chili Crab Bucket x1,3200.00,384.00,75.00,3659.00,MAYA,PAID,COMPLETED,TXN-MAY-37983756
ORD-20260921-01952-15C5A,2026-09-21 13:36:56,ONLINE,Clara Dizon,Seafood Bilao Feast x1,2400.00,288.00,120.00,2808.00,HYBRID (Cash + GCash),PAID,COMPLETED,TXN-HYB-53003013
ORD-20260921-02387-84F20,2026-09-21 13:38:12,ON_SITE,Mark Bautista,Garlic Butter Prawns x1,1250.00,150.00,0.00,1400.00,CASH,PAID,COMPLETED,TXN-CAS-30655040
ORD-20260921-00968-39700,2026-09-21 13:38:52,ONLINE,Juan Tamad,Garlic Butter Prawns x2; Seafood Cajun Boil x1,4350.00,522.00,50.00,4922.00,GCASH,PAID,COMPLETED,TXN-GCA-99437971
ORD-20260921-02183-EFDD2,2026-09-21 13:39:18,ON_SITE,Ana Reyes,Fresh Calamansi Juice Pitcher x2,560.00,67.20,0.00,627.20,SPLIT (Cash + GCash),PAID,COMPLETED,TXN-SPL-60091206
ORD-20260921-00465-62325,2026-09-21 13:39:54,ONLINE,Juan Tamad,Seafood Cajun Boil x2; Classic Seafood Paella x2,7000.00,840.00,75.00,7915.00,COD,PAID,COMPLETED,TXN-COD-17374296
ORD-20260921-03571-535A5,2026-09-21 13:41:34,ONLINE,Clara Dizon,Classic Seafood Paella x1; Fresh Calamansi Juice Pitcher x1,1930.00,231.60,60.00,2221.60,GCASH,PAID,COMPLETED,TXN-GCA-72551270
ORD-20260921-00418-859B6,2026-09-21 13:41:59,ON_SITE,Mark Bautista,Sweet & Chili Crab Bucket x1,1950.00,234.00,0.00,2184.00,CASH,PAID,COMPLETED,TXN-CAS-56471955
ORD-20260921-01500-2B684,2026-09-21 13:43:16,ONLINE,Juan Tamad,Seafood Bilao Feast x1; Seafood Cajun Boil x2; Grilled Seafood Platter x1,8200.00,984.00,60.00,9244.00,GCASH,PAID,COMPLETED,TXN-GCA-76927319
ORD-20260921-03424-82B8D,2026-09-21 13:44:43,ON_SITE,Maria Clara Santos,Classic Seafood Paella x1,1650.00,198.00,0.00,1848.00,GCASH,PAID,COMPLETED,TXN-GCA-68937874
ORD-20260921-01219-A05C8,2026-09-21 13:47:20,ON_SITE,Lisa Manoban,Garlic Butter Prawns x2,2500.00,300.00,0.00,2800.00,HYBRID (Cash + GCash),PAID,COMPLETED,TXN-HYB-58240587
ORD-20260921-03384-123FA,2026-09-21 13:49:36,ONLINE,Lisa Manoban,Fresh Calamansi Juice Pitcher x1; Seafood Bilao Feast x1; Seafood Cajun Boil x2,6380.00,765.60,75.00,7220.60,GCASH,PAID,COMPLETED,TXN-GCA-58254037
ORD-20260921-03681-DC03D,2026-09-21 13:51:05,ONLINE,Lisa Manoban,Sweet & Chili Crab Bucket x3; Crispy Seafood Basket x1,6830.00,819.60,75.00,7724.60,GCASH,PAID,COMPLETED,TXN-GCA-58412298
ORD-20260921-02691-C18CB,2026-09-21 13:51:06,ON_SITE,Ramon Magsaysay Jr.,Fresh Calamansi Juice Pitcher x1,280.00,33.60,0.00,313.60,HYBRID (Cash + GCash),PAID,COMPLETED,TXN-HYB-58503914
ORD-20260921-03310-E947E,2026-09-21 13:51:46,ONLINE,Pedro Penduko,Garlic Butter Prawns x1; Seafood Cajun Boil x1; Seafood Bilao Feast x3,10300.00,1236.00,75.00,11611.00,GCASH,PAID,COMPLETED,TXN-GCA-86132203
ORD-20260921-02728-EBE6D,2026-09-21 13:55:20,ONLINE,Clara Dizon,Classic Seafood Paella x1; Sweet & Chili Crab Bucket x1; Fresh Calamansi Juice Pitcher x2,4160.00,499.20,50.00,4709.20,HYBRID (Cash + GCash),PAID,COMPLETED,TXN-HYB-73098433
ORD-20260921-02452-6B43A,2026-09-21 13:56:44,ON_SITE,Marian Rivera,Classic Seafood Paella x1,1650.00,198.00,0.00,1848.00,MAYA,PAID,COMPLETED,TXN-MAY-59480923
ORD-20260921-00526-99E70,2026-09-21 13:58:33,ON_SITE,Sarah Geronimo,Crispy Seafood Basket x2; Sweet & Chili Crab Bucket x1; Garlic Butter Prawns x1,5160.00,619.20,0.00,5779.20,HYBRID (Cash + GCash),PAID,COMPLETED,TXN-HYB-44953519
ORD-20260921-04602-AB677,2026-09-21 13:58:38,ONLINE,Juan Tamad,Sweet & Chili Crab Bucket x1; Fresh Calamansi Juice Pitcher x1,2230.00,267.60,100.00,2597.60,SPLIT (Cash + GCash),PAID,IN_PROCESS,TXN-SPL-93716494
ORD-20260921-03291-87473,2026-09-21 14:02:50,ONLINE,Ana Reyes,Sweet & Chili Crab Bucket x1; Classic Seafood Paella x1; Seafood Bilao Feast x1,6000.00,720.00,50.00,6770.00,HYBRID (Cash + GCash),PAID,COMPLETED,TXN-HYB-21522475
ORD-20260921-04970-CE70A,2026-09-21 14:02:53,ON_SITE,Maria Clara Santos,Sweet & Chili Crab Bucket x1,1950.00,234.00,0.00,2184.00,CASH,PAID,COMPLETED,TXN-CAS-54695106
ORD-20260921-01491-864CC,2026-09-21 14:04:17,ONLINE,Juan Tamad,Grilled Seafood Platter x1,2100.00,252.00,100.00,2452.00,GCASH,PAID,COMPLETED,TXN-GCA-86999653
ORD-20260921-01294-2F476,2026-09-21 14:04:58,ONLINE,Juan Tamad,Garlic Butter Prawns x1; Seafood Bilao Feast x1,3650.00,438.00,85.00,4173.00,GCASH,PAID,COMPLETED,TXN-GCA-45860415
ORD-20260921-00521-235EE,2026-09-21 14:05:31,ON_SITE,Kathryn Bernardo,Classic Seafood Paella x2; Sweet & Chili Crab Bucket x1,5250.00,630.00,0.00,5880.00,CASH,PAID,COMPLETED,TXN-CAS-80084656
ORD-20260921-00047-57D30,2026-09-21 14:06:35,ON_SITE,Giselle Hernandez,Grilled Seafood Platter x1,2100.00,252.00,0.00,2352.00,CASH,PAID,COMPLETED,TXN-CAS-99149579
ORD-20260921-02188-277DA,2026-09-21 14:08:54,ONLINE,Juan Tamad,Garlic Butter Prawns x2,2500.00,300.00,75.00,2875.00,CASH,PAID,COMPLETED,TXN-CAS-52920705
ORD-20260921-00789-AFBB9,2026-09-21 14:08:59,ONLINE,Clara Dizon,Seafood Cajun Boil x2; Crispy Seafood Basket x1,4680.00,561.60,85.00,5326.60,CASH,PAID,COMPLETED,TXN-CAS-26237393
ORD-20260921-03015-20948,2026-09-21 14:18:42,ONLINE,Clara Dizon,Seafood Bilao Feast x2,4800.00,576.00,120.00,5496.00,CASH,PAID,COMPLETED,TXN-CAS-17026431
ORD-20260921-00720-C0EFB,2026-09-21 14:22:59,ONLINE,Clara Dizon,Crispy Seafood Basket x3; Seafood Bilao Feast x2; Grilled Seafood Platter x1,9840.00,1180.80,75.00,11095.80,MAYA,PAID,COMPLETED,TXN-MAY-16809826
ORD-20260921-02769-27D12,2026-09-21 14:24:06,ONLINE,Juan Tamad,Sweet & Chili Crab Bucket x1; Classic Seafood Paella x1; Grilled Seafood Platter x2,7800.00,936.00,100.00,8836.00,GCASH,PAID,COMPLETED,TXN-GCA-34349663
ORD-20260921-04844-7CD02,2026-09-21 14:26:48,ONLINE,Pedro Penduko,Seafood Cajun Boil x1; Sweet & Chili Crab Bucket x1,3800.00,456.00,100.00,4356.00,MAYA,PAID,COMPLETED,TXN-MAY-58737558
ORD-20260921-02103-74462,2026-09-21 14:29:34,ON_SITE,Carlos Mendoza,Classic Seafood Paella x2; Crispy Seafood Basket x1,4280.00,513.60,0.00,4793.60,CASH,PAID,COMPLETED,TXN-CAS-25924508
ORD-20260921-04349-84742,2026-09-21 14:29:43,ONLINE,Pedro Penduko,Crispy Seafood Basket x1; Seafood Cajun Boil x1,2830.00,339.60,85.00,3254.60,GCASH,PAID,COMPLETED,TXN-GCA-49847367
ORD-20260921-00643-36C8C,2026-09-21 14:30:43,ONLINE,Pedro Penduko,Crispy Seafood Basket x1; Sweet & Chili Crab Bucket x1,2930.00,351.60,50.00,3331.60,SPLIT (Cash + GCash),PAID,COMPLETED,TXN-SPL-42538832
ORD-20260921-02105-CBF98,2026-09-21 14:31:19,ON_SITE,Maria Clara Santos,Seafood Cajun Boil x1; Classic Seafood Paella x2,5150.00,618.00,0.00,5768.00,GCASH,PAID,COMPLETED,TXN-GCA-52940960
ORD-20260921-03516-93543,2026-09-21 14:32:36,ON_SITE,Marian Rivera,Classic Seafood Paella x2,3300.00,396.00,0.00,3696.00,GCASH,PAID,COMPLETED,TXN-GCA-45085781
ORD-20260921-00728-C55DE,2026-09-21 14:32:52,ON_SITE,Ramon Magsaysay Jr.,Crispy Seafood Basket x1; Classic Seafood Paella x2; Grilled Seafood Platter x1,6380.00,765.60,0.00,7145.60,SPLIT (Cash + GCash),PAID,COMPLETED,TXN-SPL-68366910
ORD-20260921-03353-24E21,2026-09-21 14:35:53,ONLINE,Pedro Penduko,Seafood Bilao Feast x2; Fresh Calamansi Juice Pitcher x1; Seafood Cajun Boil x2,8780.00,1053.60,120.00,9953.60,CASH,PAID,COMPLETED,TXN-CAS-31354484
ORD-20260921-02079-A9522,2026-09-21 14:42:24,ONLINE,Clara Dizon,Fresh Calamansi Juice Pitcher x1; Garlic Butter Prawns x1; Crispy Seafood Basket x1,2510.00,301.20,75.00,2886.20,GCASH,FAILED,CANCELLED,N/A
ORD-20260921-00904-623C4,2026-09-21 14:48:04,ON_SITE,Ana Reyes,Garlic Butter Prawns x1; Classic Seafood Paella x1,2900.00,348.00,0.00,3248.00,CASH,PAID,COMPLETED,TXN-CAS-76104949
ORD-20260921-02798-25498,2026-09-21 14:49:37,ONLINE,Juan Tamad,Seafood Cajun Boil x1; Fresh Calamansi Juice Pitcher x1,2130.00,255.60,75.00,2460.60,HYBRID (Cash + GCash),PAID,COMPLETED,TXN-HYB-33591372
ORD-20260921-02016-FECCC,2026-09-21 14:51:25,ONLINE,Juan Tamad,Seafood Bilao Feast x1; Seafood Cajun Boil x1,4250.00,510.00,50.00,4810.00,GCASH,PAID,COMPLETED,TXN-GCA-50284865
ORD-20260921-02608-8E0F8,2026-09-21 14:51:43,ON_SITE,Dindo Dela Cruz,Sweet & Chili Crab Bucket x2,3900.00,468.00,0.00,4368.00,MAYA,PAID,COMPLETED,TXN-MAY-74830518
ORD-20260921-01346-58D85,2026-09-21 14:52:49,ON_SITE,Clara Dizon,Sweet & Chili Crab Bucket x1; Classic Seafood Paella x3,6900.00,828.00,0.00,7728.00,CASH,PAID,COMPLETED,TXN-CAS-84988469
ORD-20260921-00963-36D58,2026-09-21 14:59:45,ON_SITE,Ferdinand Marcos,Sweet & Chili Crab Bucket x1; Grilled Seafood Platter x1,4050.00,486.00,0.00,4536.00,CASH,PAID,COMPLETED,TXN-CAS-63928670
ORD-20260921-02627-0AD1E,2026-09-21 15:01:18,ONLINE,Mark Bautista,Grilled Seafood Platter x1,2100.00,252.00,120.00,2472.00,MAYA,PAID,COMPLETED,TXN-MAY-62292478
ORD-20260921-01619-F869E,2026-09-21 15:02:10,ON_SITE,Lisa Manoban,Sweet & Chili Crab Bucket x1; Seafood Bilao Feast x1; Grilled Seafood Platter x1,6450.00,774.00,0.00,7224.00,CASH,PAID,COMPLETED,TXN-CAS-88972275
ORD-20260921-03860-2896C,2026-09-21 15:04:15,ON_SITE,Lisa Manoban,Fresh Calamansi Juice Pitcher x1; Garlic Butter Prawns x1; Grilled Seafood Platter x2,5730.00,687.60,0.00,6417.60,GCASH,PAID,COMPLETED,TXN-GCA-41492762
ORD-20260921-00143-94262,2026-09-21 15:09:40,ONLINE,Clara Dizon,Seafood Bilao Feast x1; Fresh Calamansi Juice Pitcher x1; Sweet & Chili Crab Bucket x1,4630.00,555.60,120.00,5305.60,GCASH,PAID,COMPLETED,TXN-GCA-10161932
ORD-20260921-02410-9FA33,2026-09-21 15:10:00,ONLINE,Clara Dizon,Crispy Seafood Basket x1,980.00,117.60,60.00,1157.60,MAYA,PAID,COMPLETED,TXN-MAY-99868646
ORD-20260921-00252-56271,2026-09-21 15:11:20,ONLINE,Mark Bautista,Grilled Seafood Platter x1; Sweet & Chili Crab Bucket x1; Seafood Cajun Boil x2,7750.00,930.00,100.00,8780.00,MAYA,PAID,COMPLETED,TXN-MAY-95164939
ORD-20260921-02032-25BD2,2026-09-21 15:12:07,ONLINE,Mark Bautista,Fresh Calamansi Juice Pitcher x1; Seafood Cajun Boil x1; Classic Seafood Paella x1; Grilled Seafood Platter x2,7980.00,957.60,75.00,9012.60,HYBRID (Cash + GCash),PAID,COMPLETED,TXN-HYB-18038922
ORD-20260921-03125-5E123,2026-09-21 15:16:46,ONLINE,Clara Dizon,Crispy Seafood Basket x1,980.00,117.60,120.00,1217.60,MAYA,REFUNDED,CANCELLED,N/A
ORD-20260921-03657-FF2B0,2026-09-21 15:18:36,ONLINE,Lisa Manoban,Seafood Cajun Boil x3; Sweet & Chili Crab Bucket x1; Garlic Butter Prawns x1; Grilled Seafood Platter x1,10850.00,1302.00,100.00,12252.00,MAYA,PAID,COMPLETED,TXN-MAY-31781417
ORD-20260921-02754-1232E,2026-09-21 15:18:56,ONLINE,Pedro Penduko,Classic Seafood Paella x3; Grilled Seafood Platter x1,7050.00,846.00,75.00,7971.00,COD,PAID,COMPLETED,TXN-COD-86306189
ORD-20260921-00691-5B725,2026-09-21 15:19:06,ONLINE,Juan Tamad,Garlic Butter Prawns x3,3750.00,450.00,75.00,4275.00,MAYA,PAID,COMPLETED,TXN-MAY-74832970
ORD-20260921-02432-8F50F,2026-09-21 15:19:17,ON_SITE,Alden Richards,Sweet & Chili Crab Bucket x1,1950.00,234.00,0.00,2184.00,GCASH,PAID,COMPLETED,TXN-GCA-92470447
ORD-20260921-01799-CA1A9,2026-09-21 15:21:16,ON_SITE,Dindo Dela Cruz,Grilled Seafood Platter x1; Classic Seafood Paella x1,3750.00,450.00,0.00,4200.00,GCASH,PAID,COMPLETED,TXN-GCA-54733908
ORD-20260921-03581-4E2FF,2026-09-21 15:22:50,ON_SITE,Dingdong Dantes,Seafood Cajun Boil x1,1850.00,222.00,0.00,2072.00,SPLIT (Cash + GCash),PAID,COMPLETED,TXN-SPL-52449271
ORD-20260921-01748-393E3,2026-09-21 15:23:16,ONLINE,Mark Bautista,Garlic Butter Prawns x3; Seafood Cajun Boil x2,7450.00,894.00,100.00,8444.00,MAYA,PAID,COMPLETED,TXN-MAY-36287429
ORD-20260921-01242-4865A,2026-09-21 15:23:19,ON_SITE,Mark Bautista,Fresh Calamansi Juice Pitcher x1; Grilled Seafood Platter x3; Seafood Cajun Boil x1,8430.00,1011.60,0.00,9441.60,GCASH,REFUNDED,CANCELLED,N/A
ORD-20260921-04955-1DA36,2026-09-21 15:23:37,ONLINE,Clara Dizon,Garlic Butter Prawns x1,1250.00,150.00,50.00,1450.00,COD,PAID,COMPLETED,TXN-COD-93428963
ORD-20260921-00653-E95FB,2026-09-21 15:23:42,ON_SITE,Mark Bautista,Crispy Seafood Basket x1; Seafood Bilao Feast x1; Grilled Seafood Platter x1,5480.00,657.60,0.00,6137.60,MAYA,PAID,COMPLETED,TXN-MAY-22286525
ORD-20260921-03886-03764,2026-09-21 15:25:08,ON_SITE,Juan Tamad,Grilled Seafood Platter x1; Garlic Butter Prawns x1; Sweet & Chili Crab Bucket x1,5300.00,636.00,0.00,5936.00,CASH,PAID,COMPLETED,TXN-CAS-61342355
ORD-20260921-00852-87121,2026-09-21 15:28:15,ONLINE,Clara Dizon,Classic Seafood Paella x1; Fresh Calamansi Juice Pitcher x1; Garlic Butter Prawns x1,3180.00,381.60,85.00,3646.60,MAYA,PAID,COMPLETED,TXN-MAY-39710633
ORD-20260921-03204-6077A,2026-09-21 15:30:57,ON_SITE,Marian Rivera,Sweet & Chili Crab Bucket x1,1950.00,234.00,0.00,2184.00,CASH,PENDING,IN_PROCESS,N/A
ORD-20260921-01834-A2F47,2026-09-21 15:35:12,ON_SITE,Ferdinand Marcos,Crispy Seafood Basket x1; Fresh Calamansi Juice Pitcher x2,1540.00,184.80,0.00,1724.80,GCASH,PAID,COMPLETED,TXN-GCA-25468006
ORD-20260921-01582-35627,2026-09-21 15:36:23,ONLINE,Juan Tamad,Garlic Butter Prawns x1,1250.00,150.00,100.00,1500.00,SPLIT (Cash + GCash),PENDING,CANCELLED,N/A
ORD-20260921-03548-28D7F,2026-09-21 15:37:46,ONLINE,Pedro Penduko,Classic Seafood Paella x1; Fresh Calamansi Juice Pitcher x2,2210.00,265.20,50.00,2525.20,GCASH,PAID,COMPLETED,TXN-GCA-54873509
ORD-20260921-03097-C69F4,2026-09-21 15:41:07,ONLINE,Pedro Penduko,Garlic Butter Prawns x1; Sweet & Chili Crab Bucket x1,3200.00,384.00,100.00,3684.00,GCASH,PAID,COMPLETED,TXN-GCA-24855285
ORD-20260921-01115-95FAB,2026-09-21 15:43:24,ON_SITE,Lisa Manoban,Crispy Seafood Basket x1; Grilled Seafood Platter x2; Fresh Calamansi Juice Pitcher x1,5460.00,655.20,0.00,6115.20,CASH,PAID,COMPLETED,TXN-CAS-90390421
ORD-20260921-04945-B3DE2,2026-09-21 15:43:57,ON_SITE,Joshua Garcia,Garlic Butter Prawns x1,1250.00,150.00,0.00,1400.00,CASH,PAID,COMPLETED,TXN-CAS-69095420
ORD-20260921-03906-1E799,2026-09-21 15:44:10,ON_SITE,Sarah Geronimo,Seafood Cajun Boil x2; Sweet & Chili Crab Bucket x1; Classic Seafood Paella x1,7300.00,876.00,0.00,8176.00,SPLIT (Cash + GCash),PAID,COMPLETED,TXN-SPL-13187535
ORD-20260921-00692-DB612,2026-09-21 15:45:44,ONLINE,Mark Bautista,Seafood Cajun Boil x3,5550.00,666.00,75.00,6291.00,GCASH,PAID,COMPLETED,TXN-GCA-38697824
ORD-20260921-01318-65405,2026-09-21 15:47:26,ON_SITE,Carlos Mendoza,Fresh Calamansi Juice Pitcher x2; Grilled Seafood Platter x1; Seafood Bilao Feast x2; Classic Seafood Paella x1,9110.00,1093.20,0.00,10203.20,CASH,PAID,COMPLETED,TXN-CAS-29207982
ORD-20260921-01249-5AA61,2026-09-21 15:55:07,ONLINE,Ana Reyes,Crispy Seafood Basket x1; Fresh Calamansi Juice Pitcher x1; Grilled Seafood Platter x1,3360.00,403.20,100.00,3863.20,GCASH,PAID,COMPLETED,TXN-GCA-25397439
ORD-20260921-02585-BDE9D,2026-09-21 15:55:17,ON_SITE,Maria Clara Santos,Crispy Seafood Basket x1,980.00,117.60,0.00,1097.60,CASH,PAID,COMPLETED,TXN-CAS-41350673
ORD-20260921-03126-ECF20,2026-09-21 15:57:00,ON_SITE,Kathryn Bernardo,Seafood Bilao Feast x1; Grilled Seafood Platter x1,4500.00,540.00,0.00,5040.00,CASH,PENDING,CANCELLED,N/A
ORD-20260921-03347-97980,2026-09-21 15:57:24,ON_SITE,Dindo Dela Cruz,Sweet & Chili Crab Bucket x1,1950.00,234.00,0.00,2184.00,GCASH,PAID,COMPLETED,TXN-GCA-91071468
ORD-20260921-03865-07C2A,2026-09-21 15:57:35,ON_SITE,Pedro Penduko,Fresh Calamansi Juice Pitcher x1; Classic Seafood Paella x1,1930.00,231.60,0.00,2161.60,HYBRID (Cash + GCash),PAID,COMPLETED,TXN-HYB-43473381
ORD-20260921-01236-42A75,2026-09-21 15:57:52,ONLINE,Pedro Penduko,Grilled Seafood Platter x2,4200.00,504.00,85.00,4789.00,GCASH,PAID,COMPLETED,TXN-GCA-33704180
ORD-20260921-00438-2A004,2026-09-21 16:00:30,ON_SITE,Matteo Guidicelli,Garlic Butter Prawns x1,1250.00,150.00,0.00,1400.00,CASH,PAID,COMPLETED,TXN-CAS-49188541
ORD-20260921-00236-2DCC4,2026-09-21 16:01:33,ONLINE,Lisa Manoban,Grilled Seafood Platter x1; Sweet & Chili Crab Bucket x1; Seafood Cajun Boil x1; Seafood Bilao Feast x2,10700.00,1284.00,60.00,12044.00,GCASH,PAID,COMPLETED,TXN-GCA-14628931
ORD-20260921-04673-4C64D,2026-09-21 16:03:52,ONLINE,Ana Reyes,Seafood Bilao Feast x1,2400.00,288.00,75.00,2763.00,GCASH,PAID,COMPLETED,TXN-GCA-40539297
ORD-20260921-03890-07BDC,2026-09-21 16:04:23,ONLINE,Pedro Penduko,Seafood Bilao Feast x2; Sweet & Chili Crab Bucket x1; Seafood Cajun Boil x1; Crispy Seafood Basket x2,10560.00,1267.20,85.00,11912.20,SPLIT (Cash + GCash),PAID,COMPLETED,TXN-SPL-20739465
ORD-20260921-01425-A695B,2026-09-21 16:04:58,ON_SITE,Ramon Magsaysay Jr.,Seafood Cajun Boil x1; Crispy Seafood Basket x1,2830.00,339.60,0.00,3169.60,MAYA,PAID,COMPLETED,TXN-MAY-65465209
ORD-20260921-03721-E6753,2026-09-21 16:07:42,ON_SITE,Bea Alonzo,Grilled Seafood Platter x1,2100.00,252.00,0.00,2352.00,GCASH,PAID,COMPLETED,TXN-GCA-98958796
ORD-20260921-04149-E4A94,2026-09-21 16:08:38,ON_SITE,Dindo Dela Cruz,Fresh Calamansi Juice Pitcher x1; Seafood Cajun Boil x1,2130.00,255.60,0.00,2385.60,GCASH,PAID,COMPLETED,TXN-GCA-65464297
ORD-20260921-02658-7C5CA,2026-09-21 16:09:32,ON_SITE,Dingdong Dantes,Crispy Seafood Basket x2,1960.00,235.20,0.00,2195.20,CASH,PAID,COMPLETED,TXN-CAS-90159169
ORD-20260921-03586-63884,2026-09-21 16:11:05,ON_SITE,Ana Reyes,Seafood Bilao Feast x1; Fresh Calamansi Juice Pitcher x1; Garlic Butter Prawns x1; Crispy Seafood Basket x1,4910.00,589.20,0.00,5499.20,SPLIT (Cash + GCash),PAID,COMPLETED,TXN-SPL-49715165
ORD-20260921-02306-5DADA,2026-09-21 16:13:54,ONLINE,Mark Bautista,Grilled Seafood Platter x1,2100.00,252.00,60.00,2412.00,SPLIT (Cash + GCash),PAID,COMPLETED,TXN-SPL-81456696
ORD-20260921-04710-91917,2026-09-21 16:13:56,ON_SITE,Daniel Padilla,Classic Seafood Paella x1,1650.00,198.00,0.00,1848.00,HYBRID (Cash + GCash),PAID,COMPLETED,TXN-HYB-43553371
ORD-20260921-01139-47B3D,2026-09-21 16:15:44,ON_SITE,Dingdong Dantes,Crispy Seafood Basket x1; Garlic Butter Prawns x1,2230.00,267.60,0.00,2497.60,CASH,PAID,COMPLETED,TXN-CAS-98706379
ORD-20260921-04071-E525E,2026-09-21 16:22:22,ON_SITE,Ana Reyes,Crispy Seafood Basket x1; Grilled Seafood Platter x1; Fresh Calamansi Juice Pitcher x1,3360.00,403.20,0.00,3763.20,GCASH,PAID,COMPLETED,TXN-GCA-32016025
ORD-20260921-02205-F9B91,2026-09-21 16:22:40,ON_SITE,Matteo Guidicelli,Grilled Seafood Platter x1; Seafood Bilao Feast x2,6900.00,828.00,0.00,7728.00,GCASH,PAID,COMPLETED,TXN-GCA-83323064
ORD-20260921-00310-7A699,2026-09-21 16:27:35,ONLINE,Mark Bautista,Fresh Calamansi Juice Pitcher x3; Seafood Cajun Boil x1,2690.00,322.80,50.00,3062.80,SPLIT (Cash + GCash),PENDING,CANCELLED,N/A
ORD-20260921-00402-EAFFD,2026-09-21 16:29:00,ONLINE,Ana Reyes,Seafood Bilao Feast x1,2400.00,288.00,100.00,2788.00,HYBRID (Cash + GCash),PAID,COMPLETED,TXN-HYB-83100374
ORD-20260921-01071-394EF,2026-09-21 16:30:54,ON_SITE,Juan Tamad,Grilled Seafood Platter x1,2100.00,252.00,0.00,2352.00,SPLIT (Cash + GCash),PAID,COMPLETED,TXN-SPL-59302311
ORD-20260921-02591-442BC,2026-09-21 16:31:14,ONLINE,Mark Bautista,Grilled Seafood Platter x3; Seafood Cajun Boil x1,8150.00,978.00,60.00,9188.00,CASH,PAID,COMPLETED,TXN-CAS-95082217
ORD-20260921-04519-583F4,2026-09-21 16:31:31,ONLINE,Ana Reyes,Seafood Cajun Boil x1; Fresh Calamansi Juice Pitcher x1,2130.00,255.60,60.00,2445.60,COD,PAID,COMPLETED,TXN-COD-90666231
ORD-20260921-00434-70917,2026-09-21 16:31:52,ONLINE,Juan Tamad,Seafood Cajun Boil x1,1850.00,222.00,85.00,2157.00,SPLIT (Cash + GCash),PENDING,IN_PROCESS,N/A
ORD-20260921-02190-43753,2026-09-21 16:32:05,ONLINE,Ana Reyes,Garlic Butter Prawns x2; Seafood Cajun Boil x1; Crispy Seafood Basket x1,5330.00,639.60,50.00,6019.60,HYBRID (Cash + GCash),PAID,COMPLETED,TXN-HYB-18526774
ORD-20260921-04270-D4A1C,2026-09-21 16:32:33,ONLINE,Juan Tamad,Classic Seafood Paella x1; Seafood Bilao Feast x1; Crispy Seafood Basket x1; Seafood Cajun Boil x3,10580.00,1269.60,50.00,11899.60,GCASH,FAILED,CANCELLED,N/A
ORD-20260921-02864-3E922,2026-09-21 16:37:22,ONLINE,Juan Tamad,Crispy Seafood Basket x1,980.00,117.60,50.00,1147.60,GCASH,PAID,COMPLETED,TXN-GCA-14835371
ORD-20260921-03977-21311,2026-09-21 16:37:57,ON_SITE,Sarah Geronimo,Fresh Calamansi Juice Pitcher x1; Seafood Bilao Feast x1,2680.00,321.60,0.00,3001.60,GCASH,PENDING,CANCELLED,N/A
ORD-20260921-01251-9F020,2026-09-21 16:39:03,ONLINE,Mark Bautista,Sweet & Chili Crab Bucket x1; Crispy Seafood Basket x3; Classic Seafood Paella x1,6540.00,784.80,85.00,7409.80,GCASH,PAID,COMPLETED,TXN-GCA-99168577
ORD-20260921-00049-AB109,2026-09-21 16:40:25,ONLINE,Lisa Manoban,Crispy Seafood Basket x3; Classic Seafood Paella x1; Grilled Seafood Platter x1,6690.00,802.80,75.00,7567.80,HYBRID (Cash + GCash),PAID,COMPLETED,TXN-HYB-74061044
ORD-20260921-04491-D2ABA,2026-09-21 16:42:26,ONLINE,Mark Bautista,Classic Seafood Paella x2; Garlic Butter Prawns x1; Seafood Bilao Feast x1,6950.00,834.00,50.00,7834.00,GCASH,PAID,COMPLETED,TXN-GCA-38728107
ORD-20260921-02201-DE91D,2026-09-21 16:43:10,ON_SITE,Alden Richards,Seafood Cajun Boil x2,3700.00,444.00,0.00,4144.00,GCASH,PAID,COMPLETED,TXN-GCA-10897613
ORD-20260921-02806-42744,2026-09-21 16:43:37,ON_SITE,Ana Reyes,Garlic Butter Prawns x3; Fresh Calamansi Juice Pitcher x1; Crispy Seafood Basket x1,5010.00,601.20,0.00,5611.20,CASH,PENDING,IN_PROCESS,N/A
ORD-20260921-02724-D7939,2026-09-21 16:44:02,ONLINE,Ana Reyes,Classic Seafood Paella x2,3300.00,396.00,50.00,3746.00,GCASH,PAID,COMPLETED,TXN-GCA-30919807
ORD-20260921-02904-EA030,2026-09-21 16:44:49,ONLINE,Pedro Penduko,Garlic Butter Prawns x1; Seafood Cajun Boil x1,3100.00,372.00,75.00,3547.00,CASH,PAID,COMPLETED,TXN-CAS-87428783
ORD-20260921-01991-2A24F,2026-09-21 16:48:33,ONLINE,Lisa Manoban,Seafood Bilao Feast x1; Fresh Calamansi Juice Pitcher x1,2680.00,321.60,100.00,3101.60,GCASH,PAID,COMPLETED,TXN-GCA-65496511
ORD-20260921-00472-A4C1B,2026-09-21 16:48:38,ONLINE,Lisa Manoban,Grilled Seafood Platter x1,2100.00,252.00,60.00,2412.00,MAYA,PAID,COMPLETED,TXN-MAY-10987283
ORD-20260921-04525-539AD,2026-09-21 16:51:38,ONLINE,Lisa Manoban,Seafood Bilao Feast x1,2400.00,288.00,60.00,2748.00,GCASH,PAID,COMPLETED,TXN-GCA-89330268
ORD-20260921-03026-0B821,2026-09-21 16:57:08,ON_SITE,Maria Clara Santos,Crispy Seafood Basket x3; Classic Seafood Paella x2,6240.00,748.80,0.00,6988.80,HYBRID (Cash + GCash),PAID,COMPLETED,TXN-HYB-26182869
ORD-20260921-02862-3B579,2026-09-21 16:57:26,ONLINE,Ana Reyes,Seafood Bilao Feast x1,2400.00,288.00,75.00,2763.00,GCASH,PAID,COMPLETED,TXN-GCA-71256925
ORD-20260921-00410-18F82,2026-09-21 16:57:34,ON_SITE,Lisa Manoban,Sweet & Chili Crab Bucket x1,1950.00,234.00,0.00,2184.00,CASH,PAID,COMPLETED,TXN-CAS-65347434
ORD-20260921-03924-CE212,2026-09-21 17:02:21,ON_SITE,Ramon Magsaysay Jr.,Crispy Seafood Basket x1,980.00,117.60,0.00,1097.60,HYBRID (Cash + GCash),PAID,COMPLETED,TXN-HYB-25769947
ORD-20260921-03041-1364B,2026-09-21 17:03:57,ONLINE,Mark Bautista,Garlic Butter Prawns x1; Seafood Cajun Boil x3; Seafood Bilao Feast x1,9200.00,1104.00,85.00,10389.00,GCASH,PAID,COMPLETED,TXN-GCA-47479657
ORD-20260921-01647-395DF,2026-09-21 17:05:22,ON_SITE,Sarah Geronimo,Seafood Bilao Feast x1; Grilled Seafood Platter x1; Crispy Seafood Basket x1,5480.00,657.60,0.00,6137.60,MAYA,PAID,COMPLETED,TXN-MAY-70745861
ORD-20260921-02462-B1E73,2026-09-21 17:06:15,ON_SITE,Clara Dizon,Fresh Calamansi Juice Pitcher x1,280.00,33.60,0.00,313.60,CASH,PAID,COMPLETED,TXN-CAS-86221892
ORD-20260921-02425-EE847,2026-09-21 17:07:43,ON_SITE,Ramon Magsaysay Jr.,Classic Seafood Paella x1; Sweet & Chili Crab Bucket x3,7500.00,900.00,0.00,8400.00,CASH,PAID,COMPLETED,TXN-CAS-27994523
ORD-20260921-03897-96700,2026-09-21 17:09:10,ONLINE,Juan Tamad,Seafood Bilao Feast x1; Seafood Cajun Boil x1,4250.00,510.00,85.00,4845.00,GCASH,PAID,COMPLETED,TXN-GCA-12956384
ORD-20260921-01141-83684,2026-09-21 17:09:46,ON_SITE,Pedro Penduko,Sweet & Chili Crab Bucket x2; Seafood Cajun Boil x1; Classic Seafood Paella x1,7400.00,888.00,0.00,8288.00,CASH,PAID,COMPLETED,TXN-CAS-33732903
ORD-20260921-03139-7B0A6,2026-09-21 17:10:51,ONLINE,Ana Reyes,Seafood Bilao Feast x2; Grilled Seafood Platter x2,9000.00,1080.00,50.00,10130.00,HYBRID (Cash + GCash),PAID,COMPLETED,TXN-HYB-54449970
ORD-20260921-02714-DABBA,2026-09-21 17:12:33,ON_SITE,Dingdong Dantes,Classic Seafood Paella x2; Seafood Bilao Feast x1,5700.00,684.00,0.00,6384.00,CASH,PAID,COMPLETED,TXN-CAS-77334503
ORD-20260921-02934-1725C,2026-09-21 17:13:05,ON_SITE,Kathryn Bernardo,Crispy Seafood Basket x1; Seafood Cajun Boil x3,6530.00,783.60,0.00,7313.60,GCASH,PAID,COMPLETED,TXN-GCA-63544296
ORD-20260921-02331-2281C,2026-09-21 17:16:52,ONLINE,Pedro Penduko,Crispy Seafood Basket x1; Sweet & Chili Crab Bucket x1,2930.00,351.60,120.00,3401.60,GCASH,PAID,COMPLETED,TXN-GCA-37521630
ORD-20260921-03039-CC909,2026-09-21 17:17:28,ON_SITE,Juan Tamad,Seafood Cajun Boil x1,1850.00,222.00,0.00,2072.00,MAYA,PAID,COMPLETED,TXN-MAY-33769980
ORD-20260921-01650-C9D23,2026-09-21 17:18:48,ONLINE,Juan Tamad,Seafood Cajun Boil x1; Seafood Bilao Feast x1,4250.00,510.00,60.00,4820.00,GCASH,PAID,COMPLETED,TXN-GCA-60145524
ORD-20260921-00145-F4402,2026-09-21 17:20:02,ONLINE,Pedro Penduko,Seafood Bilao Feast x2; Garlic Butter Prawns x1,6050.00,726.00,75.00,6851.00,SPLIT (Cash + GCash),PAID,COMPLETED,TXN-SPL-48380819
ORD-20260921-04568-12FD0,2026-09-21 17:20:47,ON_SITE,Clara Dizon,Sweet & Chili Crab Bucket x1,1950.00,234.00,0.00,2184.00,CASH,PAID,COMPLETED,TXN-CAS-22339176
ORD-20260921-04690-73BE7,2026-09-21 17:22:01,ONLINE,Juan Tamad,Classic Seafood Paella x1,1650.00,198.00,60.00,1908.00,GCASH,PAID,COMPLETED,TXN-GCA-21075374
ORD-20260921-02242-291B8,2026-09-21 17:22:11,ONLINE,Mark Bautista,Garlic Butter Prawns x1,1250.00,150.00,120.00,1520.00,MAYA,REFUNDED,CANCELLED,N/A
ORD-20260921-04576-E33EE,2026-09-21 17:23:31,ONLINE,Clara Dizon,Grilled Seafood Platter x1,2100.00,252.00,85.00,2437.00,SPLIT (Cash + GCash),PAID,COMPLETED,TXN-SPL-79668891
ORD-20260921-03722-3FFC5,2026-09-21 17:28:40,ON_SITE,Mark Bautista,Fresh Calamansi Juice Pitcher x1; Seafood Cajun Boil x1; Crispy Seafood Basket x1,3110.00,373.20,0.00,3483.20,HYBRID (Cash + GCash),PENDING,CANCELLED,N/A
ORD-20260921-01596-9F26B,2026-09-21 17:29:28,ONLINE,Lisa Manoban,Sweet & Chili Crab Bucket x1; Garlic Butter Prawns x1; Fresh Calamansi Juice Pitcher x1; Seafood Cajun Boil x1,5330.00,639.60,120.00,6089.60,MAYA,PAID,COMPLETED,TXN-MAY-48422308
ORD-20260921-04237-DF2CC,2026-09-21 17:30:12,ONLINE,Pedro Penduko,Classic Seafood Paella x2,3300.00,396.00,100.00,3796.00,SPLIT (Cash + GCash),PAID,COMPLETED,TXN-SPL-34367744
ORD-20260921-01972-02E7F,2026-09-21 17:30:57,ONLINE,Juan Tamad,Grilled Seafood Platter x1,2100.00,252.00,100.00,2452.00,GCASH,FAILED,CANCELLED,N/A
ORD-20260921-03636-493E7,2026-09-21 17:31:00,ONLINE,Ana Reyes,Seafood Cajun Boil x1,1850.00,222.00,75.00,2147.00,GCASH,PAID,COMPLETED,TXN-GCA-64372801
ORD-20260921-03556-9F116,2026-09-21 17:31:12,ON_SITE,Mark Bautista,Seafood Cajun Boil x1,1850.00,222.00,0.00,2072.00,HYBRID (Cash + GCash),PAID,COMPLETED,TXN-HYB-81618400
ORD-20260921-01967-AAC9B,2026-09-21 17:31:15,ONLINE,Clara Dizon,Seafood Cajun Boil x1; Sweet & Chili Crab Bucket x1; Classic Seafood Paella x1,5450.00,654.00,100.00,6204.00,GCASH,PAID,COMPLETED,TXN-GCA-77788347
ORD-20260921-01818-EF84E,2026-09-21 17:31:33,ON_SITE,Mark Bautista,Seafood Cajun Boil x1; Grilled Seafood Platter x2,6050.00,726.00,0.00,6776.00,CASH,PAID,COMPLETED,TXN-CAS-71461559
ORD-20260921-00179-DD8B0,2026-09-21 17:33:40,ON_SITE,Ferdinand Marcos,Sweet & Chili Crab Bucket x1; Classic Seafood Paella x1,3600.00,432.00,0.00,4032.00,HYBRID (Cash + GCash),PAID,COMPLETED,TXN-HYB-23254729
ORD-20260921-02601-820F7,2026-09-21 17:33:49,ON_SITE,Juan Tamad,Grilled Seafood Platter x1; Sweet & Chili Crab Bucket x2,6000.00,720.00,0.00,6720.00,CASH,PAID,COMPLETED,TXN-CAS-24784548
ORD-20260921-03247-F08BF,2026-09-21 17:35:35,ONLINE,Lisa Manoban,Sweet & Chili Crab Bucket x1; Garlic Butter Prawns x2,4450.00,534.00,85.00,5069.00,SPLIT (Cash + GCash),PAID,COMPLETED,TXN-SPL-46306275
ORD-20260921-02168-278CE,2026-09-21 17:39:14,ONLINE,Clara Dizon,Seafood Bilao Feast x1; Crispy Seafood Basket x1; Sweet & Chili Crab Bucket x1,5330.00,639.60,100.00,6069.60,GCASH,PAID,COMPLETED,TXN-GCA-37715380
ORD-20260921-03123-87180,2026-09-21 17:39:35,ON_SITE,Bea Alonzo,Sweet & Chili Crab Bucket x3; Classic Seafood Paella x1,7500.00,900.00,0.00,8400.00,GCASH,PAID,COMPLETED,TXN-GCA-32685421
ORD-20260921-00253-FF838,2026-09-21 17:41:00,ONLINE,Pedro Penduko,Seafood Cajun Boil x1,1850.00,222.00,50.00,2122.00,HYBRID (Cash + GCash),PAID,COMPLETED,TXN-HYB-75757975
ORD-20260921-03803-42BFD,2026-09-21 17:41:13,ON_SITE,Ana Reyes,Sweet & Chili Crab Bucket x1; Seafood Cajun Boil x2,5650.00,678.00,0.00,6328.00,GCASH,PAID,COMPLETED,TXN-GCA-32087020
ORD-20260921-00515-F81E0,2026-09-21 17:42:59,ONLINE,Juan Tamad,Fresh Calamansi Juice Pitcher x1,280.00,33.60,50.00,363.60,SPLIT (Cash + GCash),PAID,COMPLETED,TXN-SPL-59925653
ORD-20260921-01354-8AB00,2026-09-21 17:43:09,ONLINE,Mark Bautista,Seafood Cajun Boil x2; Fresh Calamansi Juice Pitcher x1; Seafood Bilao Feast x1,6380.00,765.60,100.00,7245.60,SPLIT (Cash + GCash),PAID,COMPLETED,TXN-SPL-74649064
ORD-20260921-00077-71499,2026-09-21 17:45:47,ON_SITE,Bea Alonzo,Seafood Cajun Boil x1; Classic Seafood Paella x1,3500.00,420.00,0.00,3920.00,CASH,PAID,COMPLETED,TXN-CAS-11272212
ORD-20260921-02703-90F30,2026-09-21 17:48:09,ONLINE,Mark Bautista,Crispy Seafood Basket x1; Grilled Seafood Platter x1,3080.00,369.60,75.00,3524.60,MAYA,REFUNDED,CANCELLED,N/A
ORD-20260921-03366-A390E,2026-09-21 17:49:13,ON_SITE,Kathryn Bernardo,Fresh Calamansi Juice Pitcher x1; Seafood Cajun Boil x2,3980.00,477.60,0.00,4457.60,SPLIT (Cash + GCash),PAID,COMPLETED,TXN-SPL-57638316
ORD-20260921-03249-21D8E,2026-09-21 17:54:31,ON_SITE,Clara Dizon,Grilled Seafood Platter x1,2100.00,252.00,0.00,2352.00,GCASH,PAID,COMPLETED,TXN-GCA-66680680
ORD-20260921-03207-C732C,2026-09-21 17:54:32,ON_SITE,Maria Clara Santos,Crispy Seafood Basket x1; Grilled Seafood Platter x1,3080.00,369.60,0.00,3449.60,CASH,PAID,COMPLETED,TXN-CAS-38930490
ORD-20260921-00649-70F0B,2026-09-21 17:55:36,ONLINE,Juan Tamad,Fresh Calamansi Juice Pitcher x1; Seafood Bilao Feast x1,2680.00,321.60,60.00,3061.60,GCASH,PAID,COMPLETED,TXN-GCA-78319307
ORD-20260921-04126-BB87D,2026-09-21 17:56:51,ON_SITE,Ana Reyes,Classic Seafood Paella x1; Seafood Bilao Feast x2; Crispy Seafood Basket x2,8410.00,1009.20,0.00,9419.20,SPLIT (Cash + GCash),PAID,COMPLETED,TXN-SPL-39797385
ORD-20260921-00543-88F64,2026-09-21 17:57:36,ONLINE,Clara Dizon,Sweet & Chili Crab Bucket x1,1950.00,234.00,50.00,2234.00,GCASH,PAID,COMPLETED,TXN-GCA-33760679
ORD-20260921-01941-39F73,2026-09-21 18:01:03,ON_SITE,Ana Reyes,Fresh Calamansi Juice Pitcher x1; Seafood Cajun Boil x1; Crispy Seafood Basket x1,3110.00,373.20,0.00,3483.20,GCASH,PAID,COMPLETED,TXN-GCA-58446978
ORD-20260921-01807-9BF52,2026-09-21 18:01:33,ONLINE,Mark Bautista,Seafood Bilao Feast x1,2400.00,288.00,75.00,2763.00,GCASH,PENDING,CANCELLED,N/A
ORD-20260921-01726-468E9,2026-09-21 18:02:39,ONLINE,Clara Dizon,Seafood Bilao Feast x1; Garlic Butter Prawns x1; Crispy Seafood Basket x1,4630.00,555.60,85.00,5270.60,GCASH,PAID,COMPLETED,TXN-GCA-53146124
ORD-20260921-01765-D4B0C,2026-09-21 18:04:25,ON_SITE,Bea Alonzo,Grilled Seafood Platter x2; Garlic Butter Prawns x1,5450.00,654.00,0.00,6104.00,MAYA,PAID,COMPLETED,TXN-MAY-95651119
ORD-20260921-00891-F86C9,2026-09-21 18:05:49,ONLINE,Ana Reyes,Garlic Butter Prawns x2; Classic Seafood Paella x1; Grilled Seafood Platter x2,8350.00,1002.00,100.00,9452.00,GCASH,PAID,COMPLETED,TXN-GCA-43476906
ORD-20260921-01592-605E5,2026-09-21 18:07:52,ONLINE,Lisa Manoban,Garlic Butter Prawns x1; Seafood Bilao Feast x1; Seafood Cajun Boil x1,5500.00,660.00,50.00,6210.00,CASH,PAID,COMPLETED,TXN-CAS-14181020
ORD-20260921-00689-FB5B6,2026-09-21 18:09:12,ON_SITE,Katrina Halili,Seafood Cajun Boil x1,1850.00,222.00,0.00,2072.00,CASH,PAID,COMPLETED,TXN-CAS-14259367
ORD-20260921-03285-CF631,2026-09-21 18:12:11,ON_SITE,Carlos Mendoza,Classic Seafood Paella x1; Garlic Butter Prawns x2; Sweet & Chili Crab Bucket x1; Grilled Seafood Platter x1,8200.00,984.00,0.00,9184.00,CASH,PAID,COMPLETED,TXN-CAS-31832511
ORD-20260921-00702-E31EB,2026-09-21 18:13:12,ONLINE,Juan Tamad,Grilled Seafood Platter x1,2100.00,252.00,100.00,2452.00,GCASH,PAID,COMPLETED,TXN-GCA-27113343
ORD-20260921-00943-BA601,2026-09-21 18:14:11,ONLINE,Pedro Penduko,Crispy Seafood Basket x2; Seafood Bilao Feast x1; Sweet & Chili Crab Bucket x1,6310.00,757.20,85.00,7152.20,CASH,PENDING,IN_PROCESS,N/A
ORD-20260921-04881-828E6,2026-09-21 18:14:45,ONLINE,Clara Dizon,Fresh Calamansi Juice Pitcher x1; Grilled Seafood Platter x1; Classic Seafood Paella x1,4030.00,483.60,50.00,4563.60,HYBRID (Cash + GCash),PAID,COMPLETED,TXN-HYB-19269672
ORD-20260921-02953-AB62F,2026-09-21 18:16:53,ON_SITE,Alden Richards,Seafood Cajun Boil x1; Seafood Bilao Feast x2; Sweet & Chili Crab Bucket x1,8600.00,1032.00,0.00,9632.00,CASH,PAID,COMPLETED,TXN-CAS-34385154
ORD-20260921-02649-EEC46,2026-09-21 18:21:13,ONLINE,Mark Bautista,Garlic Butter Prawns x1; Grilled Seafood Platter x2,5450.00,654.00,85.00,6189.00,COD,PAID,COMPLETED,TXN-COD-82152167
ORD-20260921-01171-881C6,2026-09-21 18:21:22,ON_SITE,Bea Alonzo,Seafood Cajun Boil x1; Seafood Bilao Feast x1,4250.00,510.00,0.00,4760.00,GCASH,PAID,COMPLETED,TXN-GCA-75052761
ORD-20260921-03742-BD404,2026-09-21 18:24:11,ONLINE,Ana Reyes,Seafood Bilao Feast x1; Sweet & Chili Crab Bucket x2,6300.00,756.00,85.00,7141.00,GCASH,PAID,COMPLETED,TXN-GCA-43160916
ORD-20260921-01196-E0D2C,2026-09-21 18:26:28,ON_SITE,Clara Dizon,Classic Seafood Paella x1; Sweet & Chili Crab Bucket x1; Fresh Calamansi Juice Pitcher x1,3880.00,465.60,0.00,4345.60,GCASH,PAID,COMPLETED,TXN-GCA-39637342
ORD-20260921-04890-AF15E,2026-09-21 18:26:53,ONLINE,Pedro Penduko,Seafood Cajun Boil x2,3700.00,444.00,85.00,4229.00,HYBRID (Cash + GCash),PAID,COMPLETED,TXN-HYB-66889781
ORD-20260921-03904-67689,2026-09-21 18:28:03,ON_SITE,Ana Reyes,Grilled Seafood Platter x1,2100.00,252.00,0.00,2352.00,CASH,PAID,COMPLETED,TXN-CAS-29291785
ORD-20260921-02825-51477,2026-09-21 18:30:11,ONLINE,Juan Tamad,Crispy Seafood Basket x1,980.00,117.60,100.00,1197.60,CASH,PAID,COMPLETED,TXN-CAS-98635382
ORD-20260921-03695-DC31C,2026-09-21 18:32:25,ON_SITE,Dingdong Dantes,Seafood Cajun Boil x1; Seafood Bilao Feast x1; Grilled Seafood Platter x1; Classic Seafood Paella x1,8000.00,960.00,0.00,8960.00,SPLIT (Cash + GCash),PAID,COMPLETED,TXN-SPL-47285665
ORD-20260921-00765-D0E3A,2026-09-21 18:33:36,ONLINE,Mark Bautista,Classic Seafood Paella x1; Seafood Bilao Feast x1; Grilled Seafood Platter x1,6150.00,738.00,75.00,6963.00,GCASH,PAID,COMPLETED,TXN-GCA-72230231
ORD-20260921-04937-D0E12,2026-09-21 18:35:26,ON_SITE,Lisa Manoban,Sweet & Chili Crab Bucket x1; Seafood Bilao Feast x1; Garlic Butter Prawns x1,5600.00,672.00,0.00,6272.00,SPLIT (Cash + GCash),PAID,COMPLETED,TXN-SPL-63959021
ORD-20260921-01439-B83D9,2026-09-21 18:38:53,ON_SITE,Lisa Manoban,Garlic Butter Prawns x1; Fresh Calamansi Juice Pitcher x1,1530.00,183.60,0.00,1713.60,SPLIT (Cash + GCash),PAID,COMPLETED,TXN-SPL-53267775
ORD-20260921-03107-4023B,2026-09-21 18:38:54,ON_SITE,Bea Alonzo,Sweet & Chili Crab Bucket x2; Garlic Butter Prawns x2,6400.00,768.00,0.00,7168.00,GCASH,PAID,COMPLETED,TXN-GCA-35494663
ORD-20260921-02869-8DF03,2026-09-21 18:40:00,ON_SITE,Ramon Magsaysay Jr.,Seafood Bilao Feast x1; Grilled Seafood Platter x1; Fresh Calamansi Juice Pitcher x1,4780.00,573.60,0.00,5353.60,HYBRID (Cash + GCash),PAID,COMPLETED,TXN-HYB-28752734
ORD-20260921-02458-C37F6,2026-09-21 18:41:29,ON_SITE,Ana Reyes,Grilled Seafood Platter x2; Sweet & Chili Crab Bucket x1,6150.00,738.00,0.00,6888.00,GCASH,PAID,COMPLETED,TXN-GCA-54981688
ORD-20260921-04106-74F3A,2026-09-21 18:41:32,ON_SITE,Matteo Guidicelli,Garlic Butter Prawns x1; Grilled Seafood Platter x1,3350.00,402.00,0.00,3752.00,CASH,PAID,COMPLETED,TXN-CAS-56902835
ORD-20260921-02108-DE6E0,2026-09-21 18:42:43,ONLINE,Juan Tamad,Garlic Butter Prawns x1; Sweet & Chili Crab Bucket x1; Seafood Cajun Boil x1; Fresh Calamansi Juice Pitcher x1,5330.00,639.60,60.00,6029.60,GCASH,PAID,COMPLETED,TXN-GCA-83939110
ORD-20260921-01419-EB1B4,2026-09-21 18:43:08,ONLINE,Juan Tamad,Classic Seafood Paella x1; Crispy Seafood Basket x1; Seafood Cajun Boil x2,6330.00,759.60,100.00,7189.60,GCASH,PAID,COMPLETED,TXN-GCA-26974130
ORD-20260921-02775-CBD54,2026-09-21 18:43:14,ONLINE,Ana Reyes,Classic Seafood Paella x1; Seafood Cajun Boil x1; Seafood Bilao Feast x1,5900.00,708.00,50.00,6658.00,GCASH,PAID,COMPLETED,TXN-GCA-32881806
ORD-20260921-01415-78E58,2026-09-21 18:44:14,ONLINE,Juan Tamad,Classic Seafood Paella x1; Seafood Bilao Feast x1,4050.00,486.00,100.00,4636.00,COD,PAID,COMPLETED,TXN-COD-36028922
ORD-20260921-04530-D4CBC,2026-09-21 18:45:51,ON_SITE,Clara Dizon,Seafood Cajun Boil x1; Crispy Seafood Basket x2,3810.00,457.20,0.00,4267.20,HYBRID (Cash + GCash),PAID,COMPLETED,TXN-HYB-34693704
ORD-20260921-04478-86002,2026-09-21 18:47:07,ONLINE,Ana Reyes,Classic Seafood Paella x2; Garlic Butter Prawns x2; Sweet & Chili Crab Bucket x1,7750.00,930.00,50.00,8730.00,GCASH,PAID,COMPLETED,TXN-GCA-47349310
ORD-20260921-01528-B5773,2026-09-21 18:47:34,ONLINE,Clara Dizon,Fresh Calamansi Juice Pitcher x1; Crispy Seafood Basket x1,1260.00,151.20,85.00,1496.20,GCASH,REFUNDED,CANCELLED,N/A
ORD-20260921-01676-EBCE8,2026-09-21 18:48:11,ON_SITE,Pedro Penduko,Seafood Cajun Boil x2; Classic Seafood Paella x1; Sweet & Chili Crab Bucket x1,7300.00,876.00,0.00,8176.00,CASH,PAID,COMPLETED,TXN-CAS-50061660
ORD-20260921-03108-C0500,2026-09-21 18:48:16,ONLINE,Ana Reyes,Crispy Seafood Basket x1; Classic Seafood Paella x1,2630.00,315.60,85.00,3030.60,GCASH,PAID,COMPLETED,TXN-GCA-59000196
ORD-20260921-02332-CC6AF,2026-09-21 18:48:24,ONLINE,Lisa Manoban,Crispy Seafood Basket x1; Fresh Calamansi Juice Pitcher x1,1260.00,151.20,50.00,1461.20,GCASH,PAID,COMPLETED,TXN-GCA-37327421
ORD-20260921-02919-1C012,2026-09-21 18:48:51,ONLINE,Juan Tamad,Grilled Seafood Platter x1,2100.00,252.00,100.00,2452.00,GCASH,PAID,COMPLETED,TXN-GCA-33980126
ORD-20260921-00605-E1741,2026-09-21 18:49:57,ON_SITE,Daniel Padilla,Seafood Cajun Boil x3; Sweet & Chili Crab Bucket x1,7500.00,900.00,0.00,8400.00,CASH,PAID,COMPLETED,TXN-CAS-41893422
ORD-20260921-04133-03181,2026-09-21 18:56:49,ONLINE,Pedro Penduko,Fresh Calamansi Juice Pitcher x1; Classic Seafood Paella x1; Garlic Butter Prawns x1; Crispy Seafood Basket x1,4160.00,499.20,120.00,4779.20,HYBRID (Cash + GCash),PAID,COMPLETED,TXN-HYB-18070544
ORD-20260921-00995-AE4E3,2026-09-21 19:01:11,ONLINE,Lisa Manoban,Seafood Bilao Feast x1; Seafood Cajun Boil x1,4250.00,510.00,50.00,4810.00,CASH,PAID,COMPLETED,TXN-CAS-32567676
ORD-20260921-00740-3EC5D,2026-09-21 19:01:45,ON_SITE,Ana Reyes,Sweet & Chili Crab Bucket x1; Garlic Butter Prawns x2,4450.00,534.00,0.00,4984.00,MAYA,PAID,COMPLETED,TXN-MAY-37077836
ORD-20260921-00191-04BCA,2026-09-21 19:02:16,ON_SITE,Daniel Padilla,Fresh Calamansi Juice Pitcher x1; Sweet & Chili Crab Bucket x1,2230.00,267.60,0.00,2497.60,GCASH,PAID,COMPLETED,TXN-GCA-47583932
ORD-20260921-02570-2FFBD,2026-09-21 19:02:40,ONLINE,Juan Tamad,Sweet & Chili Crab Bucket x1,1950.00,234.00,120.00,2304.00,GCASH,PAID,COMPLETED,TXN-GCA-67692187
ORD-20260921-03696-7490E,2026-09-21 19:04:16,ONLINE,Mark Bautista,Garlic Butter Prawns x1; Crispy Seafood Basket x2,3210.00,385.20,60.00,3655.20,SPLIT (Cash + GCash),PAID,COMPLETED,TXN-SPL-45366092
ORD-20260921-03514-02A32,2026-09-21 19:04:21,ONLINE,Clara Dizon,Classic Seafood Paella x1; Crispy Seafood Basket x1,2630.00,315.60,60.00,3005.60,GCASH,PAID,COMPLETED,TXN-GCA-29404515
ORD-20260921-03031-DFF2D,2026-09-21 19:07:01,ON_SITE,Pedro Penduko,Seafood Cajun Boil x1; Fresh Calamansi Juice Pitcher x1,2130.00,255.60,0.00,2385.60,CASH,PAID,COMPLETED,TXN-CAS-15477462
ORD-20260921-02528-F19F2,2026-09-21 19:08:57,ONLINE,Juan Tamad,Fresh Calamansi Juice Pitcher x1,280.00,33.60,50.00,363.60,GCASH,PAID,COMPLETED,TXN-GCA-73812143
ORD-20260921-00206-B35A1,2026-09-21 19:09:35,ONLINE,Ana Reyes,Sweet & Chili Crab Bucket x1; Seafood Bilao Feast x2,6750.00,810.00,50.00,7610.00,GCASH,PAID,COMPLETED,TXN-GCA-63445563
ORD-20260921-03863-031F8,2026-09-21 19:11:19,ON_SITE,Sarah Geronimo,Classic Seafood Paella x2; Seafood Cajun Boil x1,5150.00,618.00,0.00,5768.00,SPLIT (Cash + GCash),PAID,COMPLETED,TXN-SPL-62893533
ORD-20260921-02492-6ED5A,2026-09-21 19:13:09,ONLINE,Juan Tamad,Seafood Cajun Boil x1; Fresh Calamansi Juice Pitcher x1,2130.00,255.60,85.00,2470.60,GCASH,PAID,COMPLETED,TXN-GCA-48812455
ORD-20260921-02463-A84F8,2026-09-21 19:13:16,ONLINE,Lisa Manoban,Seafood Bilao Feast x2; Garlic Butter Prawns x1,6050.00,726.00,60.00,6836.00,GCASH,PAID,COMPLETED,TXN-GCA-57272408
ORD-20260921-04644-522C5,2026-09-21 19:14:27,ON_SITE,Daniel Padilla,Classic Seafood Paella x1,1650.00,198.00,0.00,1848.00,CASH,PAID,COMPLETED,TXN-CAS-43830904
ORD-20260921-01430-55F65,2026-09-21 19:15:35,ON_SITE,Marian Rivera,Grilled Seafood Platter x2; Seafood Bilao Feast x1; Fresh Calamansi Juice Pitcher x1,6880.00,825.60,0.00,7705.60,HYBRID (Cash + GCash),PAID,COMPLETED,TXN-HYB-18069754
ORD-20260921-03213-4A69A,2026-09-21 19:17:14,ON_SITE,Matteo Guidicelli,Seafood Cajun Boil x1,1850.00,222.00,0.00,2072.00,CASH,PAID,COMPLETED,TXN-CAS-24853029
ORD-20260921-02931-F7E22,2026-09-21 19:18:11,ONLINE,Lisa Manoban,Sweet & Chili Crab Bucket x1; Classic Seafood Paella x1,3600.00,432.00,50.00,4082.00,HYBRID (Cash + GCash),PENDING,CANCELLED,N/A
ORD-20260921-01540-7B8C9,2026-09-21 19:19:11,ONLINE,Juan Tamad,Seafood Cajun Boil x1; Garlic Butter Prawns x1,3100.00,372.00,50.00,3522.00,COD,PAID,COMPLETED,TXN-COD-98889081
ORD-20260921-01686-FA87F,2026-09-21 19:20:11,ONLINE,Mark Bautista,Sweet & Chili Crab Bucket x3; Seafood Bilao Feast x1,8250.00,990.00,60.00,9300.00,HYBRID (Cash + GCash),REFUNDED,CANCELLED,N/A
ORD-20260921-01187-DB6B4,2026-09-21 19:21:16,ONLINE,Juan Tamad,Fresh Calamansi Juice Pitcher x1; Classic Seafood Paella x2,3580.00,429.60,75.00,4084.60,CASH,PENDING,IN_PROCESS,N/A
ORD-20260921-00741-68CF4,2026-09-21 19:21:43,ON_SITE,Ana Reyes,Sweet & Chili Crab Bucket x1,1950.00,234.00,0.00,2184.00,GCASH,PAID,COMPLETED,TXN-GCA-97588646
ORD-20260921-04779-3A37C,2026-09-21 19:24:21,ON_SITE,Dindo Dela Cruz,Grilled Seafood Platter x1,2100.00,252.00,0.00,2352.00,GCASH,PAID,COMPLETED,TXN-GCA-88819550
ORD-20260921-04364-8D3F2,2026-09-21 19:24:30,ONLINE,Ana Reyes,Seafood Cajun Boil x1; Grilled Seafood Platter x1; Crispy Seafood Basket x1,4930.00,591.60,60.00,5581.60,GCASH,PAID,COMPLETED,TXN-GCA-61131933
ORD-20260921-03771-F5935,2026-09-21 19:25:11,ON_SITE,Juan Tamad,Crispy Seafood Basket x1; Sweet & Chili Crab Bucket x1,2930.00,351.60,0.00,3281.60,GCASH,PAID,COMPLETED,TXN-GCA-35503497
ORD-20260921-02265-46E95,2026-09-21 19:29:46,ON_SITE,Carlos Mendoza,Crispy Seafood Basket x1; Seafood Cajun Boil x1,2830.00,339.60,0.00,3169.60,CASH,PAID,COMPLETED,TXN-CAS-38597832
ORD-20260921-02576-48E5F,2026-09-21 19:34:11,ONLINE,Clara Dizon,Garlic Butter Prawns x1; Sweet & Chili Crab Bucket x1,3200.00,384.00,120.00,3704.00,HYBRID (Cash + GCash),PAID,COMPLETED,TXN-HYB-48599879
ORD-20260921-02077-DE8B9,2026-09-21 19:35:45,ONLINE,Pedro Penduko,Garlic Butter Prawns x1,1250.00,150.00,85.00,1485.00,COD,PAID,COMPLETED,TXN-COD-44166091
ORD-20260921-04651-BED83,2026-09-21 19:36:11,ONLINE,Ana Reyes,Garlic Butter Prawns x1; Grilled Seafood Platter x1,3350.00,402.00,100.00,3852.00,HYBRID (Cash + GCash),PAID,COMPLETED,TXN-HYB-36201187
ORD-20260921-00869-0A0A0,2026-09-21 19:36:39,ON_SITE,Matteo Guidicelli,Sweet & Chili Crab Bucket x1; Seafood Bilao Feast x3,9150.00,1098.00,0.00,10248.00,GCASH,PAID,COMPLETED,TXN-GCA-88645402
ORD-20260921-04784-D733B,2026-09-21 19:36:46,ON_SITE,Bea Alonzo,Grilled Seafood Platter x1; Sweet & Chili Crab Bucket x3; Garlic Butter Prawns x1; Crispy Seafood Basket x1,10180.00,1221.60,0.00,11401.60,CASH,PAID,COMPLETED,TXN-CAS-93254949
ORD-20260921-00570-BA402,2026-09-21 19:39:15,ON_SITE,Clara Dizon,Seafood Bilao Feast x1; Sweet & Chili Crab Bucket x1,4350.00,522.00,0.00,4872.00,SPLIT (Cash + GCash),PAID,COMPLETED,TXN-SPL-64895492
ORD-20260921-04720-E3915,2026-09-21 19:40:27,ON_SITE,Marian Rivera,Grilled Seafood Platter x2; Seafood Bilao Feast x1,6600.00,792.00,0.00,7392.00,CASH,PAID,COMPLETED,TXN-CAS-46517372
ORD-20260921-04018-80725,2026-09-21 19:45:28,ONLINE,Ana Reyes,Garlic Butter Prawns x1,1250.00,150.00,85.00,1485.00,GCASH,PAID,COMPLETED,TXN-GCA-42790856
ORD-20260921-00023-ACA7A,2026-09-21 19:48:11,ON_SITE,Marian Rivera,Crispy Seafood Basket x1; Fresh Calamansi Juice Pitcher x1,1260.00,151.20,0.00,1411.20,CASH,PAID,COMPLETED,TXN-CAS-69906522
ORD-20260921-02298-B02CD,2026-09-21 19:48:11,ONLINE,Lisa Manoban,Seafood Bilao Feast x1; Sweet & Chili Crab Bucket x1,4350.00,522.00,85.00,4957.00,SPLIT (Cash + GCash),PAID,COMPLETED,TXN-SPL-17034747
ORD-20260921-01535-81E7E,2026-09-21 19:48:51,ONLINE,Lisa Manoban,Seafood Bilao Feast x1,2400.00,288.00,60.00,2748.00,HYBRID (Cash + GCash),PAID,COMPLETED,TXN-HYB-18292483
ORD-20260921-04513-36645,2026-09-21 19:49:11,ON_SITE,Mark Bautista,Classic Seafood Paella x1,1650.00,198.00,0.00,1848.00,CASH,PAID,COMPLETED,TXN-CAS-71027317
ORD-20260921-00370-E2B17,2026-09-21 19:51:31,ON_SITE,Pedro Penduko,Grilled Seafood Platter x1; Seafood Cajun Boil x2,5800.00,696.00,0.00,6496.00,GCASH,PAID,COMPLETED,TXN-GCA-10193752
ORD-20260921-01107-40AA7,2026-09-21 19:52:20,ON_SITE,Bea Alonzo,Classic Seafood Paella x1; Sweet & Chili Crab Bucket x1,3600.00,432.00,0.00,4032.00,CASH,PAID,COMPLETED,TXN-CAS-70409771
ORD-20260921-02552-A6B7E,2026-09-21 19:52:25,ONLINE,Clara Dizon,Seafood Bilao Feast x1; Fresh Calamansi Juice Pitcher x1,2680.00,321.60,50.00,3051.60,HYBRID (Cash + GCash),PAID,COMPLETED,TXN-HYB-56967379
ORD-20260921-02663-A5BDA,2026-09-21 19:52:47,ONLINE,Mark Bautista,Fresh Calamansi Juice Pitcher x1,280.00,33.60,100.00,413.60,COD,PENDING,IN_PROCESS,N/A
ORD-20260921-04019-25C58,2026-09-21 19:52:56,ONLINE,Pedro Penduko,Crispy Seafood Basket x1; Sweet & Chili Crab Bucket x1; Seafood Bilao Feast x1,5330.00,639.60,85.00,6054.60,HYBRID (Cash + GCash),PAID,COMPLETED,TXN-HYB-55424446
ORD-20260921-03267-71FC2,2026-09-21 19:53:11,ON_SITE,Matteo Guidicelli,Seafood Cajun Boil x1,1850.00,222.00,0.00,2072.00,CASH,PAID,COMPLETED,TXN-CAS-60714363
ORD-20260921-02140-60DD4,2026-09-21 19:53:19,ONLINE,Mark Bautista,Classic Seafood Paella x1; Garlic Butter Prawns x1; Seafood Bilao Feast x1,5300.00,636.00,50.00,5986.00,GCASH,PENDING,CANCELLED,N/A
ORD-20260921-04308-8336F,2026-09-21 19:53:22,ON_SITE,Dingdong Dantes,Garlic Butter Prawns x1; Crispy Seafood Basket x1; Seafood Bilao Feast x2,7030.00,843.60,0.00,7873.60,GCASH,PAID,COMPLETED,TXN-GCA-79308792
ORD-20260921-00742-41D68,2026-09-21 19:55:32,ON_SITE,Katrina Halili,Fresh Calamansi Juice Pitcher x1,280.00,33.60,0.00,313.60,MAYA,PAID,COMPLETED,TXN-MAY-71070490
ORD-20260921-01255-72DCD,2026-09-21 20:01:11,ON_SITE,Matteo Guidicelli,Seafood Cajun Boil x1,1850.00,222.00,0.00,2072.00,GCASH,PAID,COMPLETED,TXN-GCA-14806416
ORD-20260921-04707-C4F09,2026-09-21 20:01:52,ON_SITE,Ramon Magsaysay Jr.,Seafood Cajun Boil x3,5550.00,666.00,0.00,6216.00,CASH,PAID,COMPLETED,TXN-CAS-93813854
ORD-20260921-00854-419A3,2026-09-21 20:02:31,ON_SITE,Dingdong Dantes,Seafood Cajun Boil x1; Garlic Butter Prawns x1,3100.00,372.00,0.00,3472.00,GCASH,PAID,COMPLETED,TXN-GCA-37032474
ORD-20260921-01330-8C288,2026-09-21 20:03:04,ONLINE,Ana Reyes,Crispy Seafood Basket x1,980.00,117.60,100.00,1197.60,GCASH,PAID,COMPLETED,TXN-GCA-24773754
ORD-20260921-04030-53746,2026-09-21 20:03:45,ON_SITE,Lisa Manoban,Garlic Butter Prawns x2; Fresh Calamansi Juice Pitcher x2,3060.00,367.20,0.00,3427.20,CASH,PAID,COMPLETED,TXN-CAS-61714874
ORD-20260921-00361-02C2B,2026-09-21 20:05:56,ONLINE,Mark Bautista,Garlic Butter Prawns x1; Sweet & Chili Crab Bucket x2,5150.00,618.00,100.00,5868.00,HYBRID (Cash + GCash),PAID,COMPLETED,TXN-HYB-98780015
ORD-20260921-02481-A7E5B,2026-09-21 20:06:07,ONLINE,Mark Bautista,Crispy Seafood Basket x1; Grilled Seafood Platter x1,3080.00,369.60,120.00,3569.60,GCASH,PAID,COMPLETED,TXN-GCA-25698195
ORD-20260921-00351-FA778,2026-09-21 20:06:39,ONLINE,Lisa Manoban,Garlic Butter Prawns x1; Seafood Cajun Boil x2,4950.00,594.00,120.00,5664.00,MAYA,PAID,COMPLETED,TXN-MAY-51508583
ORD-20260921-02130-7AAF3,2026-09-21 20:08:18,ON_SITE,Daniel Padilla,Seafood Bilao Feast x2,4800.00,576.00,0.00,5376.00,GCASH,PAID,COMPLETED,TXN-GCA-27455334
ORD-20260921-00757-0DF5D,2026-09-21 20:10:13,ONLINE,Ana Reyes,Garlic Butter Prawns x2,2500.00,300.00,120.00,2920.00,CASH,PAID,COMPLETED,TXN-CAS-94169062
ORD-20260921-00342-36E71,2026-09-21 20:12:50,ON_SITE,Dindo Dela Cruz,Fresh Calamansi Juice Pitcher x1; Classic Seafood Paella x1,1930.00,231.60,0.00,2161.60,SPLIT (Cash + GCash),PAID,COMPLETED,TXN-SPL-22735206
ORD-20260921-03178-19BC8,2026-09-21 20:15:51,ONLINE,Lisa Manoban,Classic Seafood Paella x1; Crispy Seafood Basket x1,2630.00,315.60,50.00,2995.60,GCASH,PAID,COMPLETED,TXN-GCA-24921748
ORD-20260921-00950-9CDA9,2026-09-21 20:17:17,ON_SITE,Dingdong Dantes,Seafood Cajun Boil x1; Seafood Bilao Feast x1,4250.00,510.00,0.00,4760.00,CASH,PAID,COMPLETED,TXN-CAS-21220632
ORD-20260921-03027-58599,2026-09-21 20:17:47,ON_SITE,Giselle Hernandez,Classic Seafood Paella x1,1650.00,198.00,0.00,1848.00,CASH,PAID,COMPLETED,TXN-CAS-32352777
ORD-20260921-03161-12621,2026-09-21 20:17:49,ON_SITE,Ana Reyes,Sweet & Chili Crab Bucket x1; Garlic Butter Prawns x1; Classic Seafood Paella x2,6500.00,780.00,0.00,7280.00,SPLIT (Cash + GCash),PAID,COMPLETED,TXN-SPL-66082921
ORD-20260921-02070-AF9D1,2026-09-21 20:18:04,ON_SITE,Bea Alonzo,Grilled Seafood Platter x1; Seafood Cajun Boil x1; Classic Seafood Paella x1; Seafood Bilao Feast x1,8000.00,960.00,0.00,8960.00,SPLIT (Cash + GCash),PAID,COMPLETED,TXN-SPL-44687439
ORD-20260921-00156-5A854,2026-09-21 20:20:03,ONLINE,Pedro Penduko,Fresh Calamansi Juice Pitcher x1; Seafood Bilao Feast x1; Garlic Butter Prawns x1,3930.00,471.60,50.00,4451.60,MAYA,REFUNDED,CANCELLED,N/A
ORD-20260921-02381-905C3,2026-09-21 20:21:11,ONLINE,Lisa Manoban,Sweet & Chili Crab Bucket x1; Crispy Seafood Basket x1; Fresh Calamansi Juice Pitcher x2,3490.00,418.80,100.00,4008.80,SPLIT (Cash + GCash),PAID,COMPLETED,TXN-SPL-23107396
ORD-20260921-01845-D80DF,2026-09-21 20:21:54,ONLINE,Pedro Penduko,Seafood Cajun Boil x2,3700.00,444.00,85.00,4229.00,GCASH,PAID,COMPLETED,TXN-GCA-95255577
ORD-20260921-03787-63D37,2026-09-21 20:22:42,ONLINE,Mark Bautista,Fresh Calamansi Juice Pitcher x1; Sweet & Chili Crab Bucket x2; Crispy Seafood Basket x1,5160.00,619.20,50.00,5829.20,HYBRID (Cash + GCash),PAID,COMPLETED,TXN-HYB-30472422
ORD-20260921-02817-3003D,2026-09-21 20:23:11,ONLINE,Ana Reyes,Crispy Seafood Basket x2; Fresh Calamansi Juice Pitcher x1,2240.00,268.80,60.00,2568.80,GCASH,PAID,COMPLETED,TXN-GCA-83095074
ORD-20260921-02556-60346,2026-09-21 20:27:11,ON_SITE,Alden Richards,Sweet & Chili Crab Bucket x1; Crispy Seafood Basket x1; Grilled Seafood Platter x1; Seafood Cajun Boil x1,6880.00,825.60,0.00,7705.60,CASH,PAID,COMPLETED,TXN-CAS-90908946
ORD-20260921-03259-40CD7,2026-09-21 20:29:11,ON_SITE,Mark Bautista,Crispy Seafood Basket x2; Fresh Calamansi Juice Pitcher x1,2240.00,268.80,0.00,2508.80,SPLIT (Cash + GCash),PAID,COMPLETED,TXN-SPL-13001613
ORD-20260921-00955-13BFE,2026-09-21 20:30:11,ON_SITE,Ana Reyes,Fresh Calamansi Juice Pitcher x2; Seafood Cajun Boil x1; Crispy Seafood Basket x1,3390.00,406.80,0.00,3796.80,GCASH,PAID,COMPLETED,TXN-GCA-27057967
ORD-20260921-02791-0D1DC,2026-09-21 20:30:46,ON_SITE,Lisa Manoban,Seafood Bilao Feast x1,2400.00,288.00,0.00,2688.00,HYBRID (Cash + GCash),PAID,COMPLETED,TXN-HYB-63155512
ORD-20260921-01433-15837,2026-09-21 20:30:54,ONLINE,Juan Tamad,Grilled Seafood Platter x1; Fresh Calamansi Juice Pitcher x2; Sweet & Chili Crab Bucket x1,4610.00,553.20,100.00,5263.20,GCASH,PAID,COMPLETED,TXN-GCA-83934701
ORD-20260921-01096-82D3F,2026-09-21 20:31:04,ONLINE,Mark Bautista,Grilled Seafood Platter x1; Seafood Cajun Boil x2,5800.00,696.00,100.00,6596.00,GCASH,PAID,COMPLETED,TXN-GCA-79706725
ORD-20260921-01682-876F5,2026-09-21 20:33:08,ON_SITE,Katrina Halili,Seafood Bilao Feast x1,2400.00,288.00,0.00,2688.00,GCASH,PAID,COMPLETED,TXN-GCA-17508750
ORD-20260921-00779-45AA7,2026-09-21 20:35:31,ONLINE,Juan Tamad,Garlic Butter Prawns x1; Seafood Cajun Boil x1,3100.00,372.00,50.00,3522.00,HYBRID (Cash + GCash),PAID,COMPLETED,TXN-HYB-95008167
ORD-20260921-03365-3CC02,2026-09-21 20:37:11,ONLINE,Pedro Penduko,Sweet & Chili Crab Bucket x2,3900.00,468.00,85.00,4453.00,GCASH,FAILED,CANCELLED,N/A
ORD-20260921-00460-A7440,2026-09-21 20:37:54,ONLINE,Lisa Manoban,Crispy Seafood Basket x1; Seafood Bilao Feast x1,3380.00,405.60,60.00,3845.60,GCASH,PAID,COMPLETED,TXN-GCA-43028256
ORD-20260921-01315-35F97,2026-09-21 20:40:11,ONLINE,Pedro Penduko,Grilled Seafood Platter x1,2100.00,252.00,60.00,2412.00,GCASH,PAID,COMPLETED,TXN-GCA-52156117
ORD-20260921-04163-D0A9E,2026-09-21 20:40:36,ONLINE,Mark Bautista,Crispy Seafood Basket x2; Garlic Butter Prawns x1; Seafood Cajun Boil x2,6910.00,829.20,75.00,7814.20,SPLIT (Cash + GCash),PENDING,IN_PROCESS,N/A
ORD-20260921-03698-ED807,2026-09-21 20:42:02,ONLINE,Pedro Penduko,Seafood Cajun Boil x2; Grilled Seafood Platter x1; Fresh Calamansi Juice Pitcher x2; Seafood Bilao Feast x2,11160.00,1339.20,75.00,12574.20,GCASH,PAID,COMPLETED,TXN-GCA-64803653
ORD-20260921-02210-419DF,2026-09-21 20:45:06,ON_SITE,Mark Bautista,Classic Seafood Paella x2,3300.00,396.00,0.00,3696.00,CASH,PAID,COMPLETED,TXN-CAS-89247003
ORD-20260921-04253-9E953,2026-09-21 20:47:07,ONLINE,Ana Reyes,Crispy Seafood Basket x2; Sweet & Chili Crab Bucket x1; Classic Seafood Paella x2; Fresh Calamansi Juice Pitcher x1,7490.00,898.80,85.00,8473.80,GCASH,PAID,COMPLETED,TXN-GCA-96179311
ORD-20260921-00294-B61AC,2026-09-21 20:47:11,ONLINE,Juan Tamad,Seafood Cajun Boil x2,3700.00,444.00,50.00,4194.00,MAYA,PAID,COMPLETED,TXN-MAY-52982714
ORD-20260921-02630-A48FD,2026-09-21 20:48:06,ONLINE,Clara Dizon,Crispy Seafood Basket x1; Fresh Calamansi Juice Pitcher x1,1260.00,151.20,85.00,1496.20,CASH,PAID,COMPLETED,TXN-CAS-70438515
ORD-20260921-01740-A1528,2026-09-21 20:48:11,ON_SITE,Clara Dizon,Fresh Calamansi Juice Pitcher x2,560.00,67.20,0.00,627.20,CASH,PAID,COMPLETED,TXN-CAS-48705265
ORD-20260921-01490-8962A,2026-09-21 20:49:45,ONLINE,Juan Tamad,Seafood Bilao Feast x1,2400.00,288.00,100.00,2788.00,GCASH,PAID,COMPLETED,TXN-GCA-54888434
ORD-20260921-02156-1160D,2026-09-21 20:51:11,ON_SITE,Katrina Halili,Fresh Calamansi Juice Pitcher x1,280.00,33.60,0.00,313.60,GCASH,REFUNDED,CANCELLED,N/A
ORD-20260921-04009-F183D,2026-09-21 20:51:11,ON_SITE,Maria Clara Santos,Garlic Butter Prawns x1; Grilled Seafood Platter x1; Sweet & Chili Crab Bucket x2,7250.00,870.00,0.00,8120.00,CASH,PAID,COMPLETED,TXN-CAS-99916720
ORD-20260921-04868-64099,2026-09-21 20:53:24,ON_SITE,Mark Bautista,Classic Seafood Paella x1,1650.00,198.00,0.00,1848.00,CASH,PAID,COMPLETED,TXN-CAS-97421462
ORD-20260921-03545-FCC78,2026-09-21 20:54:11,ONLINE,Juan Tamad,Crispy Seafood Basket x1; Sweet & Chili Crab Bucket x1; Classic Seafood Paella x2,6230.00,747.60,85.00,7062.60,GCASH,PAID,COMPLETED,TXN-GCA-63517725
ORD-20260921-04265-28BD0,2026-09-21 20:54:22,ONLINE,Clara Dizon,Seafood Bilao Feast x2; Sweet & Chili Crab Bucket x1; Fresh Calamansi Juice Pitcher x2,7310.00,877.20,60.00,8247.20,SPLIT (Cash + GCash),PAID,COMPLETED,TXN-SPL-26018506
ORD-20260921-02569-7D4E1,2026-09-21 20:54:53,ON_SITE,Bea Alonzo,Crispy Seafood Basket x1; Seafood Bilao Feast x2,5780.00,693.60,0.00,6473.60,CASH,PAID,COMPLETED,TXN-CAS-44252190
ORD-20260921-01832-DF921,2026-09-21 20:55:32,ON_SITE,Marian Rivera,Seafood Bilao Feast x1; Sweet & Chili Crab Bucket x2,6300.00,756.00,0.00,7056.00,CASH,PAID,COMPLETED,TXN-CAS-73310747
ORD-20260921-00771-07897,2026-09-21 20:55:53,ON_SITE,Kathryn Bernardo,Fresh Calamansi Juice Pitcher x2,560.00,67.20,0.00,627.20,GCASH,PAID,COMPLETED,TXN-GCA-51249276
ORD-20260921-04351-A9079,2026-09-21 20:56:57,ONLINE,Clara Dizon,Sweet & Chili Crab Bucket x1; Grilled Seafood Platter x2,6150.00,738.00,85.00,6973.00,SPLIT (Cash + GCash),PAID,COMPLETED,TXN-SPL-30892033
ORD-20260921-04846-12F6A,2026-09-21 20:57:16,ONLINE,Mark Bautista,Crispy Seafood Basket x1,980.00,117.60,75.00,1172.60,HYBRID (Cash + GCash),PAID,COMPLETED,TXN-HYB-15307897
ORD-20260921-02423-EC6F4,2026-09-21 20:59:35,ONLINE,Pedro Penduko,Fresh Calamansi Juice Pitcher x1; Seafood Bilao Feast x1,2680.00,321.60,120.00,3121.60,COD,PAID,COMPLETED,TXN-COD-72564884
ORD-20260921-00305-CF7AD,2026-09-21 21:03:05,ON_SITE,Daniel Padilla,Sweet & Chili Crab Bucket x1; Classic Seafood Paella x2,5250.00,630.00,0.00,5880.00,GCASH,PAID,COMPLETED,TXN-GCA-83335285
ORD-20260921-00872-78A4D,2026-09-21 21:04:26,ON_SITE,Kathryn Bernardo,Garlic Butter Prawns x1; Classic Seafood Paella x1,2900.00,348.00,0.00,3248.00,SPLIT (Cash + GCash),PAID,COMPLETED,TXN-SPL-35262582
ORD-20260921-02940-7C926,2026-09-21 21:05:14,ON_SITE,Sarah Geronimo,Classic Seafood Paella x1; Seafood Bilao Feast x2,6450.00,774.00,0.00,7224.00,CASH,PAID,COMPLETED,TXN-CAS-28815152
ORD-20260921-04965-9DCD1,2026-09-21 21:05:28,ON_SITE,Joshua Garcia,Grilled Seafood Platter x1,2100.00,252.00,0.00,2352.00,CASH,PAID,COMPLETED,TXN-CAS-46348268
ORD-20260921-00015-61DAD,2026-09-21 21:06:01,ON_SITE,Ramon Magsaysay Jr.,Seafood Bilao Feast x2,4800.00,576.00,0.00,5376.00,CASH,PAID,COMPLETED,TXN-CAS-63266631
ORD-20260921-00458-C75D7,2026-09-21 21:06:11,ONLINE,Pedro Penduko,Classic Seafood Paella x2; Fresh Calamansi Juice Pitcher x1,3580.00,429.60,85.00,4094.60,MAYA,PAID,COMPLETED,TXN-MAY-67727730
ORD-20260921-03181-46A1B,2026-09-21 21:06:30,ONLINE,Pedro Penduko,Garlic Butter Prawns x1,1250.00,150.00,85.00,1485.00,GCASH,REFUNDED,CANCELLED,N/A
ORD-20260921-00884-56C30,2026-09-21 21:10:12,ON_SITE,Giselle Hernandez,Garlic Butter Prawns x1; Seafood Bilao Feast x1; Fresh Calamansi Juice Pitcher x1; Crispy Seafood Basket x2,5890.00,706.80,0.00,6596.80,HYBRID (Cash + GCash),PAID,COMPLETED,TXN-HYB-68829226
ORD-20260921-03530-39AA0,2026-09-21 21:10:34,ONLINE,Clara Dizon,Classic Seafood Paella x1; Seafood Bilao Feast x2; Crispy Seafood Basket x1; Garlic Butter Prawns x2,9930.00,1191.60,120.00,11241.60,HYBRID (Cash + GCash),PAID,COMPLETED,TXN-HYB-29177181
ORD-20260921-03542-BFC9D,2026-09-21 21:12:11,ONLINE,Pedro Penduko,Crispy Seafood Basket x2,1960.00,235.20,60.00,2255.20,HYBRID (Cash + GCash),PAID,IN_PROCESS,TXN-HYB-22246905
ORD-20260921-03368-43D8C,2026-09-21 21:12:21,ON_SITE,Dindo Dela Cruz,Sweet & Chili Crab Bucket x1; Garlic Butter Prawns x1; Seafood Bilao Feast x1,5600.00,672.00,0.00,6272.00,GCASH,PAID,COMPLETED,TXN-GCA-37945788
ORD-20260921-04821-1CB9A,2026-09-21 21:14:46,ONLINE,Ana Reyes,Grilled Seafood Platter x1; Sweet & Chili Crab Bucket x1; Garlic Butter Prawns x3,7800.00,936.00,100.00,8836.00,SPLIT (Cash + GCash),PAID,COMPLETED,TXN-SPL-83220895
ORD-20260921-01618-60145,2026-09-21 21:15:11,ONLINE,Lisa Manoban,Fresh Calamansi Juice Pitcher x3; Grilled Seafood Platter x1; Seafood Bilao Feast x1,5340.00,640.80,120.00,6100.80,SPLIT (Cash + GCash),PAID,COMPLETED,TXN-SPL-72864255
ORD-20260921-04894-B60A1,2026-09-21 21:15:59,ON_SITE,Mark Bautista,Seafood Bilao Feast x1; Classic Seafood Paella x1; Fresh Calamansi Juice Pitcher x1,4330.00,519.60,0.00,4849.60,CASH,PAID,COMPLETED,TXN-CAS-48730933
ORD-20260921-00993-7B735,2026-09-21 21:17:14,ONLINE,Lisa Manoban,Garlic Butter Prawns x2; Grilled Seafood Platter x1; Crispy Seafood Basket x3,7540.00,904.80,85.00,8529.80,CASH,PENDING,IN_PROCESS,N/A
ORD-20260921-01691-75D0E,2026-09-21 21:17:43,ON_SITE,Ana Reyes,Crispy Seafood Basket x1,980.00,117.60,0.00,1097.60,HYBRID (Cash + GCash),PAID,COMPLETED,TXN-HYB-12185469
ORD-20260921-00273-217D1,2026-09-21 21:19:07,ONLINE,Juan Tamad,Crispy Seafood Basket x1; Grilled Seafood Platter x1,3080.00,369.60,50.00,3499.60,CASH,PAID,COMPLETED,TXN-CAS-25073433
ORD-20260921-04636-F32F9,2026-09-21 21:20:32,ON_SITE,Joshua Garcia,Seafood Cajun Boil x2,3700.00,444.00,0.00,4144.00,GCASH,PAID,COMPLETED,TXN-GCA-84900061
ORD-20260921-00549-5935B,2026-09-21 21:20:54,ONLINE,Pedro Penduko,Seafood Bilao Feast x1; Crispy Seafood Basket x1; Garlic Butter Prawns x1,4630.00,555.60,60.00,5245.60,GCASH,PAID,COMPLETED,TXN-GCA-21516050
ORD-20260921-00433-29CE0,2026-09-21 21:21:57,ON_SITE,Ramon Magsaysay Jr.,Fresh Calamansi Juice Pitcher x1,280.00,33.60,0.00,313.60,HYBRID (Cash + GCash),PAID,COMPLETED,TXN-HYB-35707713
ORD-20260921-02597-938F0,2026-09-21 21:22:27,ON_SITE,Clara Dizon,Seafood Cajun Boil x2; Crispy Seafood Basket x1; Classic Seafood Paella x1; Garlic Butter Prawns x1,7580.00,909.60,0.00,8489.60,CASH,PAID,COMPLETED,TXN-CAS-16334125
